skill_match,distance_km,rating,experience_years,hourly_rate,is_available,is_verified,completed_jobs,acceptance_rate,completion_rate,customer_previous_jobs,label
0.3745401188473625,4.057628098718933,3.434102046166746,9.993404874581069,1121.9976353859583,1,1,332,0.7882373430422309,0.7055272602900493,7,1
0.9507143064099162,4.839669461875211,3.332280240578508,14.934935450251885,358.3167938381962,1,1,90,0.9768575442263752,0.9081498242212567,3,1
0.7319939418114051,8.574564453381367,2.94038478125715,11.253335613126662,585.2955721178407,1,0,165,0.2845070899630103,0.8538616787552684,0,1
0.5986584841970366,3.5320429833869436,4.01816667525372,1.6660516622359278,1028.5928916009457,0,1,160,0.4239322884292362,0.9759277366002206,8,0
0.15601864044243652,8.722566911159278,3.6915604012715724,3.711604735671108,774.9250823342719,0,1,5,0.4025946310329433,0.718035317079364,2,0
0.15599452033620265,1.0637174235715767,4.664252480810009,4.386563680618383,1133.9994540888513,0,0,140,0.257610126767442,0.7889271564881384,5,0
0.05808361216819946,7.8126246846445815,2.580273951205146,5.157285072896897,1445.6910617120036,1,1,204,0.9777812783771647,0.902354381170082,9,0
0.8661761457749352,8.505966803936417,4.109669818887816,11.308067839010086,263.1653628012765,1,0,460,0.2479792693175151,0.8879947113776876,7,1
0.6011150117432088,1.9818129978059198,4.407372196278903,10.07931559650787,1093.3948029572853,0,0,19,0.8853511231954638,0.8031051494183641,4,1
0.7080725777960455,4.417396017247564,4.398716422970768,4.063200767284179,422.4818178849603,0,0,99,0.8145291396614713,0.6501793465617824,6,1
0.020584494295802447,1.821897791703825,4.715184917738813,1.3510968691137415,680.2674183705969,0,0,164,0.5006936699771676,0.49124482176151013,9,0
0.9699098521619943,7.124720464143334,4.322584357073735,3.4286440894943615,146.00781611319576,1,0,44,0.2150458901038392,0.9140510277547842,8,1
0.8324426408004217,5.446408127004236,4.8195251541192405,19.687626252372066,290.2703352097785,0,0,456,0.2048767239854956,0.8436588095661135,0,1
0.21233911067827616,6.426168797741546,3.3316414995522288,9.370938995829444,547.6882046684595,1,1,336,0.3631950725551386,0.8865348663709354,7,1
0.18182496720710062,2.1255722761708693,3.758023541878858,17.34691009404225,578.780127403179,1,0,226,0.5951012640270346,0.3985525227030429,1,1
0.18340450985343382,2.2751094481137115,2.535199158207227,16.975049333376866,1359.4193030469341,0,1,314,0.5663279825481211,0.5203690147324922,0,0
0.3042422429595377,0.6066737899970824,2.517393968258228,10.230391149257475,1138.5380729731212,1,0,51,0.668234061251942,0.5974195265297557,3,0
0.5247564316322378,3.356261844918152,3.1003165511288,14.13375416921087,1461.0561554618575,1,0,145,0.8175674477286097,0.8868463806103923,5,1
0.43194501864211576,5.685497681070015,2.7520179928477133,3.8550402082542456,938.7001144693368,1,1,280,0.5018836918881646,0.9250206709002589,7,0
0.2912291401980419,8.607762157173822,3.150528419839384,13.767934098538166,438.3992249278452,1,0,122,0.3282909564074539,0.4994248999787004,0,0
0.6118528947223795,6.735888985095071,2.9426082363209933,5.44769158526579,558.7170418902999,0,0,206,0.8400391334627393,0.7805004170860352,0,0
0.13949386065204183,4.466883969317564,2.5713000620966207,16.641241935083016,547.7702926087538,1,0,470,0.46615254506496867,0.35446994430679435,9,0
0.29214464853521815,9.540577121062551,4.773260366015124,1.6744826621781983,557.0920587285523,0,0,384,0.4295055182346806,0.5867012903781328,1,0
0.3663618432936917,7.248602965643153,2.5205578284722288,15.46277345770555,1042.149842356542,1,1,296,0.8114496307433883,0.6406683754263196,8,1
0.45606998421703593,9.31561898805299,4.340205360842713,1.9987381313723906,843.1310993265827,0,0,101,0.9473115504665157,0.835942970429381,3,0
0.7851759613930136,5.370362138067224,2.8803697172987914,17.62378473788618,639.5938493213021,1,0,273,0.9319690256086055,0.9243805657859843,6,1
0.19967378215835974,2.7372618929727683,4.780574054999001,6.084090362700074,308.72567622020324,0,0,128,0.3099539406857429,0.5360982650771193,2,0
0.5142344384136116,0.7177015263742754,4.731989848974715,13.087867296611496,130.99482811900427,1,1,166,0.6025265227754397,0.6694172229593309,0,1
0.5924145688620425,7.315631544541736,4.134752865923144,9.750045572405597,406.36854862276965,0,0,201,0.27429622698253875,0.7532137556572669,0,1
0.046450412719997725,1.3887693804542345,4.180585374501513,7.326062905246779,250.45996555615378,0,0,414,0.9687807671251198,0.5300810602627702,8,0
0.6075448519014384,3.1671962570652785,2.513347854924221,12.908836663669929,1199.6230431931351,0,1,101,0.3721823087014715,0.989876749221831,3,1
0.17052412368729153,5.418214897262195,4.962178915284005,18.95045961102476,257.49714093943953,1,0,70,0.3579436598126198,0.9130420656990172,2,0
0.06505159298527952,5.731282560241528,4.694581508939536,0.8253949474924371,1113.9195322295707,1,1,421,0.9111085384051836,0.5074819802066316,4,0
0.9488855372533332,6.085715330473934,4.73776556432523,18.377057117662087,639.9221656865157,0,1,7,0.9742804440975721,0.6555623616993338,0,1
0.9656320330745594,1.8293022374270662,4.14811134262718,12.181633100420271,202.72974564128634,1,1,161,0.7581058074362053,0.46158842927307103,2,1
0.8083973481164611,3.921426567252158,3.3619673216363415,16.146286015381047,1237.82206920422,0,1,72,0.2968040269593799,0.6601527432323343,3,1
0.3046137691733707,6.248503425746274,4.734121622726202,7.6774990686855515,911.4827983312587,0,1,344,0.5886844884325391,0.7783326413762994,5,0
0.09767211400638387,9.704224873411091,3.228792320377981,9.436859496752275,430.06611800900225,1,0,26,0.853284075249283,0.35986476495509145,8,0
0.6842330265121569,7.33078514945695,3.906778858355507,17.37701503602328,1352.5536440657352,1,0,168,0.6579817469665962,0.9090820433650901,2,1
0.4401524937396013,9.241516819520786,2.749327430859706,8.296959396196462,163.36163941877203,1,1,262,0.30607588378266776,0.7156221079126084,3,0
0.12203823484477883,7.669678171478936,4.804889075331875,10.6931913349817,382.54745147686805,1,0,287,0.3375101996025823,0.9927220290039012,4,0
0.4951769101112702,5.998826295145525,2.8519261444280333,0.4038984616866581,1152.8656989282053,1,0,72,0.8913133406678442,0.31791405507465226,7,1
0.034388521115218396,2.081829017536177,3.062242014326018,3.1719601167608458,1093.1291024338448,1,1,208,0.6216233309499868,0.8820488457687625,8,0
0.9093204020787821,6.733519388546629,3.8953353953205374,12.833730159495996,504.98037121426927,0,1,98,0.76466941901337,0.8543741337781832,2,1
0.2587799816000169,6.30911974640709,4.410232500532453,14.339538021277543,186.83482549389635,0,0,367,0.49845002098645186,0.3929967584280226,2,0
0.662522284353982,6.104197870481212,4.048378264840747,11.652018735689989,1301.3093011149213,0,0,399,0.6259884663350732,0.5347139445583846,6,0
0.31171107608941095,4.99990150628476,3.0803347820003903,2.8662007255122135,539.1766932978636,1,1,385,0.9816825123101534,0.9193573421309209,8,1
0.5200680211778108,5.380834719094901,2.502357606318726,8.908108571556696,373.99878089957133,0,0,426,0.46376242957451047,0.662918006550578,0,0
0.5467102793432796,3.4775367657574203,4.392876450768598,7.101895327263796,822.4865513053679,1,1,30,0.7398308220066196,0.5808970412270673,0,1
0.18485445552552704,5.289264387894572,4.9630183147777345,9.913226880701767,1374.3180789954263,1,1,335,0.3380044457561838,0.9338475025755892,1,1
0.9695846277645586,2.136047875649087,4.524782800765227,17.406580691081885,160.9652089807255,1,1,430,0.29739190820826666,0.365341167133943,5,1
0.7751328233611146,8.090709094131693,3.6505165453915382,15.517228773173038,1172.1257232432429,0,0,32,0.8269120890072239,0.6311859480315795,2,1
0.9394989415641891,2.0206141560473365,4.759418153497767,1.679790027783179,901.4625191141924,0,1,212,0.8752865679897326,0.7566618685827465,7,1
0.8948273504276488,1.032669640916771,3.524619182795875,17.806183955491285,695.6287631725437,1,1,144,0.7346493562795324,0.7259790073105088,4,1
0.5978999788110851,4.475211058300142,3.8123352106086688,9.435343022996472,1141.712621747084,0,1,98,0.3265566700355801,0.48499351808622404,2,1
0.9218742350231168,6.651412907159407,3.692824418489208,14.877242897719968,1452.1541942182853,1,1,309,0.3924703725140309,0.6943190331740354,7,1
0.0884925020519195,4.489624884348705,3.6190596816638125,2.8007846252870428,420.88869562776745,1,1,309,0.9289405664760892,0.7959932350001871,7,0
0.1959828624191452,2.9121904931228246,4.437976923234764,13.414390514140962,301.10631110096745,0,0,434,0.43096323903980505,0.7094197851286888,1,0
0.045227288910538066,5.6700776021263195,3.8169222681737303,4.726520352189159,1378.034443311776,1,0,179,0.8550884129576941,0.7791235581841256,4,0
0.32533033076326434,3.60062288703956,3.2917928050630403,8.767617942818632,1036.5343084402252,1,0,134,0.4287498311283213,0.4792551175721533,2,0
0.388677289689482,9.342103363241003,3.1453954191461957,0.3372574016420882,713.1804301867523,1,1,437,0.9515700554587476,0.8829942651902478,6,1
0.2713490317738959,9.241922368115006,2.5943682924185834,3.0322127586095204,902.5633983699963,1,0,476,0.9315623302696026,0.6147826758894788,1,0
0.8287375091519293,5.123243835726536,3.9579879047076147,1.8416098624723953,1143.8594672467416,0,1,394,0.23461053890303038,0.9910566908731981,8,1
0.3567533266935893,3.413263141378934,3.0749035385025856,4.7948834587651685,1182.244658188004,0,0,189,0.8163311894939269,0.3162997244668563,1,0
0.28093450968738076,7.423897656775064,2.8703348050409576,2.0003618004864454,1387.8518531465504,1,0,29,0.3355694081875257,0.5662207598733503,1,0
0.5426960831582485,0.5597868461340532,4.134574909569194,13.838200532391237,697.5799044538717,1,1,81,0.3722173007251052,0.4263325366135776,5,1
0.14092422497476265,4.8527362592277825,4.203023144553872,0.5807980441843874,510.775274027153,1,0,56,0.5678761698651806,0.6889266688958373,2,0
0.8021969807540397,3.495969263849269,4.380387230644165,12.354810012499959,995.5299735057787,0,0,173,0.6610545197995601,0.47024356606152884,2,1
0.07455064367977082,9.221251674005035,3.758942240846479,2.814156616511485,682.0190589913425,0,0,207,0.4606397751763936,0.8162345625972371,9,0
0.9868869366005173,0.3176296672722889,4.735136513009716,18.903229143557937,932.437835528569,0,1,325,0.6603066924433674,0.9173061036362631,1,1
0.7722447692966574,5.617585782039821,4.84085688349557,18.661881462197087,687.9801178383302,0,0,321,0.3365266970729093,0.4476190475074776,4,1
0.1987156815341724,7.458503094452936,4.5184273494812235,4.510062050419252,314.1941013494443,0,1,182,0.21787012350482968,0.41247433281125884,4,0
0.005522117123602399,4.953176277735604,4.088983705020468,12.28842596446059,757.1974523225418,1,1,234,0.6569795106894105,0.9127500300099349,6,1
0.8154614284548342,1.0369496955946724,3.2593023839779716,0.5601063894491687,1067.284950717446,0,1,106,0.613932207969855,0.5528903405619539,7,1
0.7068573438476171,9.730121622273442,4.9573623040505534,18.63577086102348,1218.9973307347097,0,0,185,0.75172317126074,0.604208544471321,7,1
0.7290071680409873,5.27650222748576,3.185340417979846,10.459746163834193,790.6567875151655,1,0,265,0.7198576495742597,0.45467865171047495,2,1
0.7712703466859457,6.219025194326312,3.0066423049760775,0.8644630283555799,331.3330462945613,0,1,131,0.9179891041871644,0.5977204076358029,5,1
0.07404465173409036,2.518775870533572,3.6053852844664567,6.849999860162748,680.5627935092042,1,1,496,0.5675748961292367,0.4619100511545978,4,1
0.3584657285442726,4.938281234046678,2.6421014267809713,1.536989237224684,1200.8115003783776,1,0,329,0.20669557975435363,0.7661492084439266,3,0
0.11586905952512971,4.405665021191555,4.946236161679477,7.8588887874671975,678.002978863902,0,0,328,0.7045221452774832,0.649213488736061,9,0
0.8631034258755935,0.9339792516194407,3.971083891041062,13.398526843226461,1075.1431110459112,0,0,317,0.7401059436825748,0.8516423121740362,5,1
0.6232981268275579,1.240371464765179,3.8923802291604384,9.397798160828792,810.0991543493257,0,0,364,0.6171959915167757,0.5189096812471061,3,1
0.3308980248526492,8.40723069226399,4.1394906997493,7.67444349438909,437.7123751531554,0,1,170,0.7514438961929726,0.6539165108213264,7,0
0.06355835028602363,2.5502355316245846,3.7425591194430163,2.383140910809296,1214.610711232304,1,0,297,0.4588670505889222,0.48166632608399407,8,0
0.3109823217156622,2.1105910606865796,2.580158792736354,4.898780913873127,217.89883569896185,1,1,23,0.31904664255286336,0.9541317511726419,0,1
0.32518332202674705,5.148132222251365,4.030778222100992,2.0028657547670226,834.8463958572108,0,1,260,0.7316429311651254,0.6653549674537722,0,0
0.7296061783380641,7.733721887352628,4.290434692391076,16.149974633133215,392.4474479407669,1,0,354,0.39614914337242296,0.42142374742256017,3,1
0.6375574713552131,0.8070758820740818,3.5418726515601326,2.704796559694451,193.89187995792594,1,0,195,0.5650527274273639,0.49093596144702034,5,1
0.8872127425763265,5.852717612454907,4.393238930177983,11.90746733097787,804.1075119165484,1,0,98,0.5932981844893189,0.3580313748868421,7,1
0.4722149251619493,1.368262339837619,3.0675032483460516,6.854808271776918,799.3870183088931,0,0,489,0.5817596403747107,0.31947119691841336,0,0
0.1195942459383017,0.5573182980910609,3.05319147766546,4.51956769310367,1089.6612623460092,1,0,375,0.6787593149439647,0.6681452782494697,2,0
0.713244787222995,0.7168907311897306,2.9035424692189347,12.789368789842076,1142.6509702726669,1,0,332,0.2235629671406871,0.5359860457679236,3,1
0.7607850486168974,8.374808260442725,3.4299868994729046,9.140046187538813,1118.9080841700556,1,0,100,0.9917459959440704,0.9746414186822145,9,1
0.5612771975694962,1.3561303395550033,4.617530088472709,8.002909345691183,673.3822260834571,0,1,351,0.7730483791508571,0.4199319774530389,1,1
0.770967179954561,0.6424833712404612,4.56978015537266,11.85704009784443,984.3657021171875,1,1,428,0.5403102254390102,0.8557388569158617,8,1
0.49379559636439074,4.491418894000541,3.4570605199087594,9.825352569800014,907.7233397015444,1,0,442,0.35306402423219546,0.5211800095350319,2,1
0.5227328293819941,8.471136025031843,3.9727968399505915,6.0696841710312155,690.1864585636874,1,1,119,0.26414185795468503,0.45647617024109366,3,0
0.42754101835854963,2.7716020895951594,4.302040791187289,11.181225755305032,936.0977718603905,1,1,320,0.7377523365008976,0.9787457733009151,3,1
0.02541912674409519,4.332783651753981,3.1030169365700573,13.389971531013892,1426.1470273887676,1,0,446,0.4535644919668467,0.861803619122036,0,0
0.10789142699330445,0.591240819124762,2.9203527147368677,0.5338631717370856,370.0512411539283,1,1,376,0.38358276659989443,0.7414346240117321,4,0
0.03142918568673425,4.600969438521784,4.930239983030777,9.317434578153508,1368.0809340997369,1,0,202,0.5039635096898667,0.7879847260566264,4,0
0.6364104112637804,5.86060819024391,4.043893283024046,1.1536656916708754,174.8377195764777,0,0,89,0.6743384702461681,0.9939670323954128,1,0
0.3143559810763267,5.79488912677102,4.95353930458416,3.7281082813622213,531.7448980623249,0,1,194,0.737364173347201,0.7152451861774207,0,1
0.5085706911647028,3.457781583308779,3.3443899678305726,11.210174681559462,503.4033480561395,0,0,176,0.7161360554836242,0.37133031556487206,4,1
0.907566473926093,3.2922251704987286,4.257579249935329,17.323778305311613,976.911151033268,0,0,114,0.8906124667935789,0.34540628869096696,4,1
0.24929222914887494,1.2449114655786593,3.056509091353094,17.656113583769695,283.71493248820644,0,0,332,0.37500594485609223,0.7666247442317113,6,1
0.41038292303562973,3.7946235423334307,3.1530004281847823,1.3988802027726255,1335.2866565756553,0,1,31,0.7093969305577084,0.7603208007476037,9,0
0.7555511385430487,1.1750477549550538,3.77975530317406,8.382101725734133,1259.9719718510578,1,1,367,0.2808915009488753,0.823721655084662,9,1
0.22879816549162246,7.712640258178107,3.2990453137701783,11.660129660091025,1012.8921475593888,0,0,433,0.6383477519193423,0.3761451111628296,1,0
0.07697990982879299,9.669488117932222,2.919053909601461,2.941398091006868,741.7793645090768,0,0,214,0.667166721991737,0.9614315923286201,7,0
0.289751452913768,9.706729675333728,3.157201754973315,15.308644334895433,1406.1384589989098,0,1,441,0.37298983914733896,0.6858108897374513,4,0
0.16122128725400442,8.677696773878859,2.5893709861646617,14.884705168744777,1263.0451766087783,0,1,307,0.5133545039929894,0.7546888647148507,4,0
0.9296976523425731,6.087763063528268,4.2610590536937165,18.066820274135893,799.0412073137428,1,0,278,0.8617543116670421,0.32439666836469117,8,1
0.808120379564417,7.068483832990024,3.730291642714654,0.16972024166886035,1082.6226962360356,1,1,242,0.31872724300237076,0.9726819501609016,1,1
0.6334037565104235,2.9950168662680583,2.735607666011314,4.333684879780053,893.7019330515584,1,0,285,0.5476049580926722,0.693814294120764,9,1
0.8714605901877177,6.381550117691683,2.929234982821228,16.543734284906435,923.1191337435704,1,1,69,0.9461864569691616,0.69435417909624,1,1
0.8036720768991145,4.665365584510799,2.75633634528161,13.411601016538707,563.3664972124598,0,1,70,0.6032871421596808,0.9604887213612658,4,1
0.18657005888603584,4.923769929813939,4.031482020689691,17.887797073969814,746.9184464748555,1,1,110,0.7801069694666296,0.9505451247285672,0,1
0.8925589984899778,7.626210291676548,2.7355259090312343,1.1435930906053304,209.3700031056419,0,1,157,0.8614928316444408,0.45420901427206917,4,1
0.5393422419156507,2.9627998848530663,4.38570583258804,11.939279314328857,600.2881683304295,1,0,36,0.363019499876394,0.9517691753341504,4,1
0.8074401551640625,3.3167881946062954,2.551277298300978,11.380931497873483,1074.1599215070128,0,0,303,0.3745737884263459,0.815634902566043,7,0
0.8960912999234932,9.261489553060638,3.12343946998973,0.7134883272106474,1434.5024427086607,0,1,415,0.8068731648787069,0.3132305091319922,5,0
0.3180034749718639,0.7509980895395281,4.726666689729768,10.27044153824967,1448.2897578682284,1,0,325,0.8026453905411208,0.4678902041168368,5,1
0.11005192452767676,4.9592161244507365,4.296328295305615,12.190406226198485,878.0120167748483,1,0,34,0.24814665651169526,0.5890861018300124,4,0
0.22793516254194168,9.145447843997045,2.6824208323142193,3.8258634840421446,949.2711525334149,1,1,479,0.45799859255597153,0.7079757188540283,4,0
0.4271077886262563,6.1815574766179395,4.552815261212949,5.466591662493259,360.0096597013545,1,1,459,0.5188259935267504,0.7909308113420822,7,1
0.8180147659224931,5.554789327278895,3.732587803850512,12.80694692595474,1073.431351330943,1,0,323,0.863232322776923,0.4471472757698295,0,1
0.8607305832563434,2.6474929564476812,4.616957567922073,9.366018951999166,198.92230974414073,1,1,415,0.5374898043437899,0.8856903599915822,8,1
0.006952130531190703,3.5640997928315934,4.001849436125983,17.160273151366535,498.55996011922235,1,0,58,0.9407431123225951,0.8920007267224082,5,0
0.5107473025775657,8.55007447488599,4.204582580082147,6.847635320183767,1035.708686199619,0,1,373,0.997286221712512,0.744499173482404,8,1
0.417411003148779,5.68033769133089,4.983753900989271,5.333193167764023,534.434184160885,1,0,418,0.8245809325554798,0.9447657373609888,1,1
0.22210781047073025,5.244473498816443,3.0808388648100453,19.697318806896856,169.78562376023604,0,1,367,0.7331093516538061,0.8690876988280314,2,0
0.1198653673336828,1.1758811926922836,4.05986393690347,18.22271540260167,1264.6185730913494,0,1,399,0.5135177327896983,0.4551365615054786,0,0
0.33761517140362796,0.3570759332602066,3.650803475143496,0.5798548999795972,534.4620099883882,1,0,374,0.25363155684162675,0.8590738064172523,4,1
0.9429097039125192,9.64411484913308,2.5986298823067284,15.414572306131317,188.3473148021498,0,1,370,0.6585110051169045,0.9672414551271735,1,1
0.32320293202075523,3.8944644394110486,2.5361766037571627,2.206695476504059,204.70343030401125,1,0,206,0.4893639244351928,0.39632451291290166,0,0
0.5187906217433661,6.111488008575143,2.7980714445446466,0.549703896587419,452.46231830425506,0,0,360,0.48071846066587487,0.9850885193537202,8,0
0.7030189588951778,0.981207717235393,4.12272935134637,5.473910319326977,349.22232611013675,1,1,435,0.7501674021675486,0.31749495773906317,8,1
0.363629602379294,6.894520000085857,3.9179077197834804,5.386917581222086,1184.0201648922111,1,1,65,0.5709114868773086,0.6655170713416405,5,1
0.9717820827209607,9.339153745318416,3.8835739029093186,16.386375246939295,550.3576653338482,1,1,261,0.80167507581716,0.8417251972849389,7,1
0.9624472949421112,5.841519479374713,2.57964190632065,14.213344918856702,1226.5740990557656,1,1,269,0.5185385781483034,0.8533066717823781,8,1
0.25178229582536416,1.4359301592790237,3.6732574909000175,19.632188546640286,343.3843969524139,1,0,232,0.3206907083892501,0.8142707984023876,4,1
0.49724850589238545,5.9008709692400725,4.811557044606321,14.230258006236369,790.0308513617173,0,0,156,0.5690780209521973,0.6705459609272133,1,0
0.30087830981676966,7.710202688425594,3.4939796732766166,8.365111065120958,1063.2519869743803,1,1,105,0.9608100114602907,0.7556750254492768,3,1
0.2848404943774676,4.182882058425383,4.062306174471141,13.978553218904338,1012.7871954121969,1,0,153,0.8412197032932467,0.7899525299571796,2,1
0.036886947354532795,8.822409929826385,4.449546689057859,19.989181343728042,941.5811739023762,0,1,17,0.3645994040586934,0.646177456949727,9,0
0.6095643339798968,6.557092942902172,4.459813197854719,14.202837651250562,1394.7502427036377,1,0,494,0.5130404013159542,0.7169794825942463,6,1
0.5026790232288615,9.012639399234185,3.798200205988178,15.233627119606366,419.93520678944213,0,1,259,0.9422336761764303,0.8924576374203013,9,1
0.05147875124998935,6.310352050223905,4.644879863505841,18.767300303805186,791.2068862469475,1,1,484,0.2989592469812532,0.5190153148020791,9,1
0.27864646423661144,1.4866221256472776,3.478445233409367,2.273025226233667,1337.5895701013721,0,0,312,0.4031601934919488,0.6662444288780426,9,0
0.9082658859666537,3.2349787688308536,4.721733036961996,14.095685868954536,209.05127183321986,1,1,118,0.4097781166975171,0.3059358047178555,7,1
0.23956189066697242,2.177590492874078,3.1005679159888633,17.01611915934898,178.24357555430535,1,0,308,0.6567463005295868,0.7812054798437551,4,0
0.1448948720912231,9.106499677625251,3.2005410174764277,19.08757200441786,426.623202581608,0,1,101,0.5285866557690582,0.4367698252303892,1,0
0.489452760277563,7.651920659417331,2.632801560497503,4.219385794233988,986.2297073532259,0,0,24,0.2638965391970399,0.6367008775996381,8,0
0.9856504541106007,6.82870401531806,4.488954591355707,10.078580154484884,463.8314770297296,0,0,430,0.7033451636616685,0.4471436513963215,0,1
0.2420552715115004,3.1494699323898927,3.542638090581764,13.611096952889636,366.33583733231853,0,0,179,0.2792622916161202,0.3164736002049446,4,0
0.6721355474058786,2.003638766092093,3.0727915347784975,4.949354590026749,742.3232415016089,0,0,476,0.6851319455832625,0.6382543861886116,2,1
0.7616196153287176,7.6132206622913365,3.079475694041449,12.00945726500548,959.0372962771761,1,1,161,0.6056067041808206,0.5973835246274949,7,1
0.23763754399239967,4.8467478696149815,4.753499853073083,5.151575649959987,447.98078982343657,1,1,399,0.5949349285802501,0.5976046594670664,7,1
0.7282163486118596,2.4127376110761656,4.584791501152592,6.669140410632945,520.9676614132388,0,1,484,0.2539969962393839,0.4461643119502092,0,1
0.3677831327192532,6.242895386019696,3.8838272133929586,8.830373930217302,958.9830267361194,0,0,349,0.7113763575068288,0.9630432128237254,3,0
0.6323058305935795,0.5952717509568294,4.0402770010393025,10.58380197493134,1424.0337907852338,0,1,214,0.5450562068714646,0.3024550062674861,9,1
0.6335297107608947,3.396468490456885,3.6858139263757277,8.987317432503012,1044.6384184133235,1,1,382,0.5288848978285492,0.9240818149981369,7,1
0.5357746840747585,4.79185854699312,3.4791663571970224,9.863910395758584,1196.065801018384,1,1,123,0.6771611171348294,0.8158313461976374,8,1
0.0902897700544083,1.6499916742721774,4.788692203045828,5.971775125765852,613.5341326576563,0,1,291,0.684998447957238,0.42045042347329004,8,0
0.835302495589238,9.849613880390228,2.814031758800755,3.179301880452612,481.1561031382525,1,0,155,0.21202663660959084,0.6305343904124882,1,0
0.32078006497173583,2.24915417297822,3.5461169742905696,0.9469995465367886,735.9748404836715,0,1,192,0.3001807209625653,0.9921950570557907,8,0
0.18651851039985423,1.4774606744240024,3.3614047699696883,3.919574449833354,1229.985960196343,1,1,327,0.3892145766757765,0.7505887658890151,7,0
0.040775141554763916,2.194641764091585,3.745376800627871,11.63887283011566,738.8194985067781,0,0,52,0.7423818666767834,0.3891637066730672,8,0
0.5908929431882418,7.736799104965298,3.6440796863629377,15.722308956062648,1285.4155723058054,0,1,169,0.6613929016236859,0.6203495671995023,8,0
0.6775643618422824,4.36995546086406,3.7972238291277036,3.3849519488578905,1484.2807729731778,1,0,334,0.8061033059078031,0.6277421676009687,2,1
0.016587828927856152,5.7410762095748735,2.849797443067485,2.1711071554529693,200.8373320224709,1,1,97,0.7924862444350855,0.8615843330181758,4,0
0.512093058299281,0.40588973846633536,3.7828537537831926,14.985807210985005,163.57421851718516,0,0,146,0.8825462953649206,0.9413140529783086,2,1
0.22649577519793795,0.5374268240184827,3.106047034718027,6.103166610745793,309.42558407870655,0,0,299,0.5014518890179311,0.3575690803021142,5,0
0.6451727904094499,4.569090388304759,2.9608283724704783,19.02998878454705,638.1175460280847,1,1,29,0.4760510929466422,0.5198261008669826,9,1
0.17436642900499144,8.20322138337591,2.662085546965478,14.28635941220746,283.45909280360536,0,1,73,0.8648123224427706,0.5089066888195805,4,0
0.690937738102466,8.87534101133414,4.4066313968903525,6.535120944860617,1318.9302686662584,0,1,171,0.39008122709374765,0.9972336874433128,1,1
0.3867353463005374,1.0497243624372743,3.5686048021414,5.7908549558740985,132.40475143788933,0,1,372,0.5689378989388856,0.6914589816839798,2,1
0.9367299887367345,5.475958400590024,4.066609208279396,10.473967725426181,542.1098028701515,0,1,410,0.3554605216177998,0.915882047283989,6,1
0.13752094414599325,9.14965092553685,4.318983358261859,1.5828933655641886,358.57248129188747,0,1,83,0.9310725937113709,0.5982229946113766,9,0
0.3410663510502585,4.002132993099287,4.198291663283884,2.35353025290598,1404.1550622205452,0,0,472,0.5262424104773002,0.8059062052862556,9,0
0.11347352124058907,8.329745147998013,3.6762517977242055,3.51715762632385,1037.273406846039,1,0,72,0.36998951858466267,0.5006099496129022,4,0
0.9246936182785628,1.5102174131144748,3.469746322379325,15.494471866091203,1376.8423590319242,1,0,231,0.7536107124551297,0.9382502164424633,2,1
0.877339353380981,9.366865998744426,3.4398997741016593,10.27714718538245,1461.2601944345506,0,0,289,0.39571574256838293,0.6186023686905736,3,0
0.2579416277151556,7.563948511806767,4.100121992325141,0.21134245548885877,795.9375411483169,0,1,126,0.9548028825361787,0.8626078481212609,5,0
0.659984046034179,9.425077049311636,3.7369858873546837,13.47033054944218,428.04675126723674,1,0,84,0.4940936118475292,0.47907181833979534,7,1
0.8172222002012158,6.830848888814564,4.6228306199712765,8.473803573209942,371.220300675225,0,0,253,0.7317125696814697,0.7855230393453154,6,1
0.5552008115994623,3.761358533594385,4.6867549608167804,10.217047299275958,412.08640636017674,1,0,151,0.47619594492593076,0.5836108830800251,2,1
0.5296505783560065,9.39417549074228,2.926400945016296,4.282324868258711,1092.030630670804,1,1,311,0.845796466394779,0.32200759608218293,1,1
0.24185229090045168,2.9005544078299494,2.840584128864314,11.035644567882073,156.62401937220102,0,1,6,0.9175381928182207,0.5891057776313444,2,0
0.09310276780589921,3.455290716204979,4.076002315089999,19.58306479502977,171.90550224580082,0,1,451,0.8303346875318289,0.6850151492287944,4,1
0.8972157579533268,7.067922496417056,3.2530643701556983,1.468893820115229,951.4001193364101,0,0,306,0.8787992149820161,0.40623312973922265,6,0
0.9004180571633305,7.700099735348786,2.546426796912747,5.678347993288613,998.8800054323692,1,1,135,0.2815046623501088,0.4287391736348305,7,1
0.6331014572732679,9.308154141721708,4.721606673407388,4.859951857216595,1031.3680940514441,1,0,183,0.9392517416264532,0.6254039588262098,5,1
0.3390297910487007,2.2070636087508535,3.0672519181095206,4.970986215023592,620.6327064240277,0,0,460,0.6994405831002243,0.5399107987033847,1,0
0.3492095746126609,8.020380745148396,4.823201629214523,7.574127151307546,1228.3228441998144,0,0,313,0.8953740257329599,0.6085183766023539,1,0
0.7259556788702394,7.437751323290242,4.293586127195634,16.36219569488335,847.0744228172646,0,1,340,0.7475494113483323,0.6225788925259059,9,1
0.8971102599525771,0.8251866512852593,4.406633724778711,18.25717379928775,247.65188201318722,1,1,226,0.3614781348349683,0.39805323059192893,4,1
0.8870864242651173,3.994786783860029,3.003653739482901,4.044301749179466,1215.9390298942833,0,1,324,0.6876440813165412,0.4268362026890803,4,1
0.7798755458576239,2.9711014791889667,3.0854860640420325,10.858998758962255,1434.2949007786417,1,0,243,0.2727569917785128,0.893715775435646,0,1
0.6420316461542878,3.184006158669498,3.8031693845601646,12.737979443309605,184.05083820330213,0,1,263,0.756578424174527,0.4139030825173388,0,1
0.08413996499504883,9.832879419636068,2.9302496316246556,10.4365494872769,647.8918741808119,0,1,449,0.5272009128644581,0.7661400331057826,8,0
0.16162871409461377,6.499218652103294,3.2635792317075807,8.681527883938392,782.5224627686467,1,1,250,0.3213865384801672,0.5929696327374545,6,1
0.8985541885270792,7.233226346376297,3.303656194869511,3.8395101171847568,305.0590641096437,1,0,407,0.9833838526947314,0.9777656801787487,7,1
0.6064290596595899,9.77085284568709,2.8990748331319103,9.76438718398477,1314.792526896028,1,0,169,0.920867539368545,0.3462730533217663,4,0
0.009197051616629648,3.8965774680848595,3.012957083487902,8.024296554226577,497.8095028460616,1,0,53,0.9148349707226031,0.8812722062215332,2,0
0.1014715428660321,8.058033650837498,4.471379605020641,15.911267250045393,1196.2119559134242,1,0,399,0.8310562450818024,0.6440144617718351,2,0
0.6635017691080558,4.458403440384055,2.917989636368171,15.272087183259904,1039.3922748396426,1,1,131,0.753584900114814,0.303746659604932,2,1
0.005061583846218687,8.721429983786802,2.5711434796098063,2.679973624113414,937.2641514538328,0,1,314,0.7240635842337961,0.4845621532576876,0,0
0.16080805141749865,1.9704439048507714,4.073387356572346,1.7703810512613516,368.99998817517616,1,0,93,0.2848750701630842,0.5853877967844886,2,0
0.5487337893665861,9.48732453522994,4.9399577984811245,18.16307886455006,408.98492877126796,0,1,45,0.9204529882547634,0.5199363274142476,1,1
0.6918951976926933,2.343962742426621,3.3280345365578032,10.710167779289954,166.28776664519705,0,0,349,0.9049027170436883,0.5537146248097533,7,1
0.6519612595026005,3.3969609684131292,2.7966392579906305,17.156018745651814,436.9974016951729,0,1,98,0.7982821012198829,0.9416703363960259,9,1
0.22426930946055978,7.610683894246449,3.925968313418827,1.163022411328023,583.6210532447197,1,1,233,0.941851967260098,0.5526538226746294,9,0
0.7121792213475359,4.058800387340986,4.7658855277391154,10.530312330432604,1266.4034254073954,1,1,268,0.6424667611183936,0.5931805655819129,5,1
0.23724908749680007,6.160471492311178,4.460154449571197,10.788530291524728,612.9497334007274,0,0,36,0.5581138677740443,0.8327920875046788,4,0
0.3253996981592677,4.5568203104804,4.05628967103179,17.214040650843,1156.470495871849,0,1,437,0.9743579217330229,0.8556834960238626,0,0
0.7464914051180241,7.475225383479863,3.2876412415189984,1.9521999645941501,715.2191938136826,0,1,432,0.5713049502381249,0.3588627562506862,1,0
0.6496328990472147,2.4376462732123865,3.85470043319055,4.808911273518186,1198.8156367914437,1,1,496,0.7130595528537262,0.7928490241969028,1,1
0.8492234104941779,0.7728882749213948,2.7281121032606386,8.130766277740262,1466.7802406118558,0,1,74,0.4984497174867512,0.6378003675737429,6,1
0.6576128923003434,3.1393080952360495,4.197363560701675,17.316829508398843,435.77818128061216,1,0,57,0.7090609808157824,0.39369772526635877,6,1
0.5683086033354716,4.848224915710617,4.312740047244127,18.77766630141134,1307.2782567494266,0,0,18,0.7760791965005502,0.48529739476281897,5,0
0.09367476782809248,1.84659651148825,4.912579057274797,19.854492391872558,970.5537208280846,1,0,401,0.6997244202308404,0.33152484811456306,7,0
0.3677158030594335,3.6770134386326094,3.1509933968626793,19.183869729170432,1244.2119662241168,1,1,187,0.6116503529729582,0.5521660321682846,3,1
0.26520236768172545,4.119833579276972,2.5461410476075566,0.11883511688708825,1012.2202631749273,0,1,400,0.4400886381001863,0.4787845082338169,8,0
0.24398964337908358,0.7624400681450809,3.8640211610678765,0.9541668290774408,693.5293101838103,1,1,138,0.7150765409089788,0.5674723781660123,7,1
0.9730105547524456,5.916411032205205,4.2669762609920365,2.9521363831517733,419.3049152185065,0,0,142,0.9267431162090902,0.7062383832715298,2,1
0.3930977246667604,8.866565594118617,4.47601868970747,6.977241935405463,198.04931546363105,0,0,455,0.2055300729357339,0.8126376864256339,2,0
0.8920465551771133,1.6870805469399137,2.9843473325620264,16.598360619739175,849.7257102450038,0,1,107,0.3071432219437523,0.7237463905916708,8,1
0.6311386259972629,6.058518531334838,3.154382172592559,17.85312390670961,1486.4565323376119,0,0,220,0.2958185267998846,0.774864111581962,8,1
0.7948113035416484,6.714444208126294,3.781477313168241,3.7366881258916607,1133.2585270198888,0,0,144,0.9385642423142833,0.9059473844331554,4,1
0.5026370931051921,4.309479868109026,3.326502024925005,12.393283032394173,558.2837579586233,1,1,345,0.7301981511700919,0.9116771104230577,9,1
0.5769038846263591,7.070756356169847,4.651278716468612,18.347239701305533,1258.0867201214294,0,0,375,0.9614304851761204,0.9025035438514217,0,0
0.4925176938188639,4.225169126211918,3.6844003843468007,9.274634718626416,1176.5776002469693,1,1,4,0.6662506185699426,0.4072182408356686,2,1
0.1952429877980445,5.145445422178862,4.4989466102550075,2.0708714390556793,494.2901106948395,0,0,444,0.569386317727403,0.47574839351555176,4,0
0.7224521152615053,0.2720598366333844,3.9515494012058845,9.1562730016925,120.03048571192856,0,0,387,0.8338743294514901,0.6516277134493005,3,1
0.2807723624408558,6.978857118519951,4.4327253540427805,7.515898045761144,265.4276939475294,1,0,55,0.32875381398017967,0.5511175058112189,3,0
0.02431596643145384,6.6811582536583,3.3316824663258098,11.55315992132014,1328.2286664368805,0,0,254,0.5050704930538572,0.39216827779597424,0,0
0.6454722959071678,0.5763285977981767,4.578541554825778,8.773173688142073,1271.1882494268204,0,1,471,0.573019392427379,0.501425164223956,5,1
0.17711067940704894,3.8088510524723045,3.186430788877554,0.3469185370743588,513.2926012297074,1,1,458,0.4387667156096946,0.9828001331659473,9,0
0.9404585843529143,9.79451203975834,3.865247020008227,19.879954668273424,499.2735967981886,1,0,221,0.4970284899267828,0.5428487288475753,3,1
0.9539285770025874,4.323218313172445,3.035017782934686,10.870804754611418,1210.0109819434595,0,1,359,0.26248414953953464,0.593239847807173,0,1
0.9148643902204485,5.119064970292049,3.688816304065483,9.47261510969219,1412.832457853591,0,0,47,0.3583868715596464,0.30448099530010786,9,1
0.3701587002554444,9.117315549965241,3.2954380237717578,19.09234743008108,1190.79215951664,0,1,303,0.4683973762647427,0.8035904158531391,5,0
0.015456616528867428,7.229166383484413,3.1667585765930357,3.117207351741542,947.8101478430661,0,0,162,0.8367123465865076,0.5894850458817658,4,0
0.9283185625877254,5.904287285017392,4.9174625450700935,3.784752050904965,439.73989046452635,0,1,235,0.3459978838742911,0.3721980440266127,4,1
0.42818414831731433,8.018485877142512,2.9001852637168266,16.16029498125567,836.047079733365,0,0,247,0.4773122991873797,0.9779897168132703,1,0
0.9666548190436696,8.670789411268538,4.468314593643488,5.216621600500176,426.91660203057046,0,0,364,0.25193623055754816,0.8442032488095608,0,0
0.9636199770892528,4.677503103025216,4.960412398708037,15.984542125830538,1231.215988135483,0,1,416,0.6456834758612848,0.8083050626029087,6,1
0.8530094554673601,4.856061976331987,2.5497537093501945,5.430669658170051,641.7455113248323,0,0,99,0.6890007105127423,0.9705106343891685,4,1
0.2944488920695857,3.9832991693879913,4.247568535105238,0.6637526045000297,1267.1761037916367,1,0,20,0.8924131707697336,0.5852360591619965,2,0
0.38509772860192526,9.673720172180914,3.132279513890718,10.34029447773432,634.2529051758154,1,0,101,0.8552927988015713,0.8029734782047138,5,0
0.8511366715168569,7.032229292045434,2.601219560820761,3.9337286825372275,1253.8091672798478,0,0,4,0.4283023637471044,0.44434552816981576,2,0
0.31692200515627766,1.0155860488391086,3.507223947391577,15.156925858649421,566.6449412313387,1,1,447,0.3095629513518878,0.787984383216484,5,1
0.1694927466860925,8.657004308467581,4.838044525427188,12.823992664642962,716.1857864647378,1,1,196,0.324866545768323,0.30985536453132195,5,1
0.5568012624583502,4.909487420195427,2.5294127359174943,18.472053359558355,961.6837870797206,0,0,148,0.9751711544323556,0.3884137663084299,8,0
0.936154774160781,0.8737882829403771,3.9697142298244543,15.659767145314717,198.40265964188615,1,0,344,0.7385806512058859,0.5976812430219939,7,1
0.696029796674973,5.587229100600449,3.753491196488311,3.6155190968145368,1427.4898865416503,1,1,329,0.23405663024259146,0.3084648863642057,0,1
0.570061170089365,4.28820993396188,4.683460410927619,16.003164733295925,903.0481005733245,1,1,377,0.3094234040360757,0.6233760988152934,6,1
0.09717649377076854,8.801944167653724,2.7100042863015643,12.834740896280465,810.9480205671232,1,0,210,0.5886400520807646,0.6659542243455028,8,0
0.6150072266991697,2.1991471153719964,4.203815074716626,13.379032835212499,1275.151559567877,1,0,159,0.36626304343449584,0.7351246183109574,1,1
0.9900538501042633,8.299353173023393,4.200274246083193,16.645257719402974,1312.0678218555586,0,1,145,0.8429271880000151,0.3702706738955314,8,1
0.14008401523652403,5.665349173617437,4.172700042155708,11.476481383778804,831.1645663406224,0,0,57,0.6585736940554919,0.4267083391890486,5,0
0.5183296523637367,0.7351809714919968,4.855836237337592,9.320070287060258,1398.1672561110922,1,1,353,0.6901057662314387,0.7292983595020366,2,1
0.8773730719279554,9.72408395298975,4.5577188225172005,12.73282070717456,190.63287250707288,1,1,239,0.5702604384393695,0.7607313987238475,7,1
0.7407686177542044,5.22362939221136,2.604931815608765,5.959148579167182,258.51610915170454,1,1,78,0.40485022034105245,0.3181301597471934,6,1
0.697015740995268,3.050593171469509,3.677707126761283,3.651942621741986,935.5035220202162,0,0,151,0.6715228905620372,0.6782571534805267,7,0
0.7024840839871093,4.80018705149473,3.4948826405033335,12.331756761424927,595.6922065110172,1,1,4,0.7735760369285856,0.8494872123991828,7,1
0.35949115121975517,8.607006278471392,3.2753680527270053,4.676967381709554,749.9152326648784,0,1,382,0.49675846210413355,0.34837061444977585,6,0
0.29359184426449336,3.1880506189736226,3.6283418128852434,1.5983021869321345,559.3109050560331,1,0,180,0.6039549044942683,0.5892210056725637,0,0
0.8093611554785136,2.0882286855696632,3.460485462314944,0.01108369170507828,666.6154360229099,1,1,351,0.8717471763776266,0.5285578911210713,9,1
0.8101133946791808,1.4648982199226384,3.5808347496966633,12.166388028001343,1251.7048860048192,0,1,200,0.31894540945796823,0.9395659377464116,9,1
0.8670723185801037,3.1190221042240704,4.948154664021606,7.2429756696047365,930.8666797960266,0,1,438,0.6361795354192803,0.43006167524451866,9,1
0.9132405525564713,7.8444712529924265,2.721582436873952,15.04621941346912,1496.2823689968975,0,1,132,0.47873012946338256,0.522852289201136,7,1
0.5113423988609378,4.821938378913565,4.8055771745968245,7.503527966262049,1201.630876949348,1,1,452,0.7622358065737844,0.928911321493912,4,1
0.5015162946871996,2.429319716196692,3.7005917836775666,9.720068964764534,483.1327557425573,1,1,121,0.21504819452991575,0.531457314241981,1,1
0.7982951789667752,1.8286129961755422,4.059355613748853,8.141699456307698,470.0831648173747,0,0,168,0.7363786398425509,0.671943208409916,1,1
0.6499639307777652,3.4607488698017157,4.575457416544235,13.011495822186923,570.25757816381,1,0,488,0.28231818721294993,0.32312473606161557,1,1
0.7019668772577033,9.411258854279946,3.4011575728731387,7.1227832402993645,1280.5632729068398,0,0,353,0.2518142023949264,0.9894317053225252,8,0
0.795792669436101,3.5616617833822395,3.5760547702199172,19.275352998846177,138.20271091079184,0,1,390,0.7796986407668904,0.8774626955098326,4,1
0.8900053418175663,9.883615944355427,3.523796200696785,18.7229397319706,422.25379041976083,1,1,345,0.7122737223232589,0.7440806613226734,2,1
0.3379951568515358,4.955258466500491,3.4368275563393995,16.960558053145625,1366.8857884819738,1,1,384,0.915948744714127,0.3425286911629862,5,1
0.375582952639944,1.9558063992434787,4.813823304117237,18.406005411454963,995.8550105165527,1,0,307,0.6157239646405162,0.3524089729609465,8,1
0.093981939840869,8.933172899576393,4.57232472798253,8.98279376918782,417.585933701479,1,0,97,0.6240195404217337,0.6814815415534827,8,0
0.578280140996174,4.711482656721304,2.7724999746574404,10.728607935789842,406.80295552561245,1,1,281,0.7656142684612404,0.49954510534240393,8,1
0.035942273796742086,7.1547791663443405,2.77030838119274,14.84185185116489,1307.6653424632027,1,0,376,0.45871806108260094,0.7359526132522213,9,0
0.46559801813246016,9.840373515449688,3.569673787132478,13.922918498770823,1351.260511587865,1,0,479,0.22952996433754605,0.7187347372934407,3,0
0.5426446347075766,0.6917184331357452,2.7466434418320227,17.813571912109417,458.5835273469614,0,1,446,0.3840366605752463,0.8870559787955083,4,1
0.2865412521282844,1.147606685918158,4.0477327381778,14.326620545133906,688.7145013071452,0,0,267,0.3904107295170933,0.4969639424988496,0,0
0.5908332605690108,7.260476066335011,2.859229018154335,19.95769416456921,1268.434034079644,1,0,325,0.4685270802225551,0.7045044671436947,9,1
0.03050024993904943,2.961885032295626,3.8059331599170028,6.9701159966318205,1179.4104140538395,0,0,339,0.9547701864323703,0.8441543231871327,5,0
0.03734818874921442,2.006153690110971,2.518049867509294,16.65995484478836,1239.4825491925183,0,0,18,0.8438742389305183,0.6435410904256283,1,0
0.8226005606596583,0.585746422233349,3.291490871031617,13.952696456653284,825.7574671031563,0,1,463,0.9487649961641538,0.8814505654572611,6,1
0.3601906414112629,0.4140977774647777,4.192976809181639,13.827728904300372,1376.1686676272425,0,1,131,0.9988876720904003,0.39189334110164104,3,1
0.12706051265188478,7.789958910573951,3.710097350569621,6.516711896899978,556.3321615362094,1,0,95,0.5470232032696356,0.8137284356030003,3,0
0.5222432600548044,1.51744758822159,4.94567371499747,15.71203584846045,319.3409880865253,0,0,209,0.3816586533442437,0.9600874640646848,8,1
0.7699935530986108,4.7836620365172795,4.685259490165527,18.007520446951983,1092.2252655908107,0,0,4,0.6480033290041993,0.5323183246954962,0,1
0.21582102749684318,6.137788788758934,3.397676947607878,4.370969230411259,855.096182409655,1,0,376,0.9049075311584951,0.5564355096883755,5,0
0.6228904758190003,4.397847645574694,2.6137163536806867,12.509936742334082,1296.4200763332733,0,1,127,0.5725854888116626,0.3584847740335983,1,1
0.085347464993768,0.4656451928950845,4.614065750287547,7.842696582055504,213.62294877460093,0,1,53,0.6043194420578029,0.7490449457022982,5,1
0.0516817211686077,7.878314725361507,4.778085775786678,19.79096238589754,1281.1693648132937,1,0,497,0.3075512847422614,0.6867155079444092,6,0
0.531354631568148,0.3030296005082042,4.551568483547592,9.576656316633631,510.61251449235107,0,0,197,0.5363643940542089,0.32824203111265743,2,1
0.5406351216101065,7.666520964899344,2.819874852299412,4.566403475938854,1016.7979340354563,1,0,440,0.5095958478468625,0.8265484188799181,3,1
0.6374299014982066,8.954384039123603,4.994787836030719,7.637152504436651,156.1803047095581,1,0,205,0.4813508022923597,0.8804991470215173,1,1
0.7260913337226615,4.441831226360289,3.1464605538819344,13.076767796332526,953.413814825041,1,1,179,0.9098389359393599,0.9349837228985278,6,1
0.9758520794625346,5.448316236358424,4.310512282020925,1.5217874269915255,1104.1803648622704,0,0,240,0.24744114656986638,0.6820138603194494,8,1
0.5163003483011953,4.874437247653008,4.770087190839304,12.072038404424752,616.2503003078684,0,0,273,0.9777177463178777,0.6168060244312301,4,0
0.32295647294124596,4.0142444625097005,3.0892177858267735,18.62449518357796,401.5749873669963,1,1,319,0.20659746021850883,0.9132960081724542,4,1
0.7951861947687037,8.89676044662953,4.770646386692665,17.007255753157008,852.682947244963,1,0,137,0.9564752111598473,0.5790877733476973,8,1
0.2708322512620742,8.960548404565907,3.2737039479871672,1.3534707331596674,1266.4671262099052,1,1,22,0.6384380022708349,0.7588101876641932,7,0
0.4389714207056361,3.4910003734870387,4.9410330559601405,19.867797574781363,552.9663016153111,0,1,119,0.7619561955200926,0.7307535794806483,0,1
0.07845638134226596,6.227683589344041,3.2031500509511863,13.974538474077583,453.45701652979136,0,0,114,0.3497062797560986,0.5605127698729583,1,0
0.02535074341545751,9.283694109029469,4.883589561894588,3.2456164862804737,490.5094320927627,1,1,81,0.7233692312132856,0.3608229562962337,6,0
0.9626484146779251,9.628173289625245,2.6338616272316875,0.24832178338846989,1428.7850140833302,0,0,195,0.9055661348221862,0.31499087706948,2,0
0.8359801205122058,5.187798596136067,4.273180029174533,3.425652725843027,602.9876820703835,0,0,179,0.3115841118669213,0.5997664183747711,5,1
0.695974206093698,4.637683091786403,3.8302778345925095,16.76351841371477,105.04593584360205,1,1,351,0.301665289818632,0.6368411023763497,0,1
0.4089529444142699,2.931204296099553,3.694692692806827,0.4327864989032748,1194.3536911434676,0,1,174,0.44318232731957824,0.8758747877329243,7,1
0.17329432007084578,9.596944357266018,3.0587357856396,4.662946072361731,1078.9847134695463,0,1,197,0.32938071398031854,0.5900881549380298,1,0
0.15643704267108605,1.5995801838341002,4.26398947444123,15.146111906697508,279.99557044415644,1,0,25,0.2885166784746777,0.49681191231342847,0,0
0.25024289816459533,5.882329845267706,2.9770237286157677,11.722210717962703,1478.8659487888774,0,0,453,0.7426552287882335,0.6234675276526073,1,0
0.5492266647061205,2.9689926216826614,3.882104489961921,15.654714207203837,951.2871994271557,0,0,98,0.37106129112999264,0.46659333629681476,7,1
0.7145959227000623,2.9342812454084073,3.133113407600627,14.923010076535759,801.0912873168421,0,0,232,0.7336119195215891,0.36395242778046955,9,1
0.6601973767177313,4.168692156286647,4.889053449453391,1.0120277424360946,635.1069746720475,1,0,426,0.889543381692653,0.37913012358027504,4,1
0.27993389694594284,9.988170770993415,2.571577984589132,17.85022838188303,1358.1418577890931,0,1,452,0.7216198331304005,0.5234081219278492,8,0
0.9548652806631941,0.7386698070302562,2.9993207002780915,4.540636685645374,441.54887398598856,0,1,190,0.29549365593232074,0.30887349229094346,2,1
0.7378969166957685,5.869709818394609,3.1057765159686195,11.067848804595275,500.0764603078626,0,1,461,0.658862059237956,0.4541423006768667,7,1
0.5543540525114007,1.0092071487457164,3.535169564419541,12.885763130555576,271.3751293611937,0,0,65,0.5149029473692407,0.8512661986526477,3,1
0.6117207462343522,1.714304133907086,3.081825604675134,3.3725642177019077,1162.766733817964,0,0,245,0.47469674937799583,0.4642320347012176,6,0
0.4196000624277899,4.507716829374408,3.728372725671963,19.524625134019487,933.7689925681947,1,0,498,0.45482517490386576,0.3775106577276611,9,1
0.24773098950115746,5.2025092871951255,4.681163808146348,9.763119121746179,952.6926369562976,0,0,103,0.9435457790557165,0.9643563919961773,9,1
0.3559726786512616,2.7361656019723357,4.280158553522927,1.1528539119478687,405.8586034272491,1,0,190,0.7940059653421823,0.7357290814461336,7,0
0.7578461104643691,3.301279882569279,3.9499049513377775,18.745240895556808,1011.6357447779174,0,1,140,0.307079031664236,0.3420181646049661,2,1
0.014393488629755868,1.052276798508144,2.722507944956699,11.725356863865361,1171.6418261456095,1,0,178,0.5808043837859711,0.343570776546432,2,0
0.11607264050691624,3.1715538816736557,4.234980270973189,13.983863959627527,601.0439430159649,1,1,260,0.4545784602031357,0.7284854879894187,0,1
0.04600264202175275,9.672272705929332,2.91603571077735,10.503515798684482,1221.8860015463972,0,0,174,0.9823506500367667,0.6780901614454381,7,0
0.040728802318970136,9.458132340390321,4.465918464904245,16.69475909553935,588.3068239448294,1,1,419,0.9824231783625357,0.34786234067508937,1,1
0.8554605840110072,3.4818072433424536,3.125141896275383,0.6626692438642179,1161.3938461130026,0,0,163,0.45562757946642796,0.45702083248133474,6,1
0.7036578593800237,5.794368575531864,3.5426218208022524,5.367567305542956,147.22215044080656,1,0,433,0.4816904929163638,0.9503300401399117,6,1
0.4741738290873252,9.114034832887254,3.3761755057948197,9.392967128053844,871.6304420631137,0,1,439,0.6795313657092366,0.7004075673367121,6,0
0.09783416065100148,0.2606014618807874,4.647034786687142,1.5320723262742009,1457.3371848958413,0,0,18,0.5834456114620001,0.6082277787034811,3,0
0.49161587511683236,8.1446989893084,2.81636114678352,14.118133386533165,1473.742440955347,0,0,19,0.3704806977267532,0.4751087883442562,6,0
0.4734717707805657,9.494021617331406,3.9141122059619713,7.873268281112815,494.45360967843686,0,0,405,0.7283297335908892,0.3935886296113097,9,0
0.17320186991001518,1.0949921964688594,2.8551540236076556,5.453359805362881,717.9587275124976,1,1,286,0.4673029151001908,0.5818421788774767,7,0
0.43385164923797304,1.7821873231226262,4.261989590330467,0.06757693616824545,188.16907118128626,0,1,360,0.7229731986657342,0.9456565915319104,8,1
0.39850473439737344,9.615313767159282,4.762695319486203,14.396606234999075,1322.6778306464396,0,0,238,0.5069452178622398,0.3340979769742792,6,0
0.6158500980522165,5.467893407675394,3.5865191346681335,16.676186177457236,896.0010143962998,0,1,445,0.7601679150850174,0.9936851711600065,5,1
0.6350936508676438,0.3391270178228923,3.7202306506624394,7.900810713629969,639.1409505167238,1,1,43,0.7342395767117205,0.44546890414140544,4,1
0.04530400977204452,2.724793587882586,4.818557091206905,11.28435954066731,257.8787818848143,0,1,195,0.6070502047368006,0.5861371522793064,9,0
0.3746126146264712,4.609448007834825,3.8024784716233926,4.553732518591969,1425.4741996956448,1,1,194,0.7637919925686647,0.33153591571600227,9,0
0.6258599157142364,6.990507328042725,3.7189960951239023,12.443952925602662,842.3066669493912,1,1,356,0.5687725409856121,0.7093475421756219,6,1
0.5031362585800877,7.384971705740637,3.9458227567607604,0.24274916630401044,496.09910071606544,0,0,344,0.29291063972009834,0.6384886857806941,9,0
0.8564898411883223,9.95513082666947,4.22307434090738,9.77287794197517,590.3011821841133,1,0,48,0.3456850026698837,0.7666949243143459,1,1
0.658693631618945,3.017609753960839,2.7672084377175783,12.884109636813845,478.97605329100674,0,0,484,0.39679450733249033,0.6798746891040308,4,1
0.1629344270814297,5.474556998311058,4.55277631935379,18.36383546459468,942.5337323997729,1,1,58,0.2505831425805573,0.5787244492529482,7,0
0.07056874740042984,5.42657076902413,3.588762568633148,7.626716342445685,1401.949006092714,0,1,131,0.7691049765045361,0.8164296884681694,5,0
0.6424192782063156,4.175323542582928,2.680871274743714,15.303804059620596,1299.3713246571901,0,1,372,0.4939121814652947,0.3175147894508704,5,0
0.026511310541621813,1.857786559655718,4.465456672995533,11.953740598870015,744.5332255963685,0,0,166,0.27481863706159787,0.6787203146122165,0,0
0.5857755812734633,9.779074319201657,3.4423749292156804,18.54024225850161,1257.099107221411,1,0,134,0.8559664965804643,0.3797133426803065,1,0
0.9402302414249576,8.562508429332544,2.750918737737635,7.967553513188612,692.3476737868618,1,0,454,0.74692342757086,0.6052058331600834,2,1
0.575474177875879,5.083663677283525,4.084447598858127,6.381906797459759,453.2299970620932,1,0,432,0.5617793897021608,0.8537877218006116,6,0
0.3881699262065219,6.111805142303493,4.700328383584104,17.742839973882877,1476.7811613729991,1,0,88,0.3979402680741874,0.3997225223822801,9,0
0.6432882184423532,2.427158324884691,4.719383773534966,0.9848880281657824,525.4425951591506,0,0,270,0.3213967150342774,0.9550672441407397,5,1
0.45825289049151663,5.52911328983912,4.894158687022433,2.727707858673536,553.2139233816717,0,0,262,0.5666993534040496,0.9219532846739831,4,0
0.5456167893159349,7.010707304590464,4.66926364941672,1.648088691680889,1485.5700149011311,1,0,430,0.90819659440845,0.5904335496066889,8,0
0.9414648087765252,5.248636878188571,2.5053522983636882,16.86219913152805,287.4984904319168,1,1,115,0.350716258617576,0.3041823885081556,9,1
0.38610263780077425,9.904794671732425,3.4506029160334757,0.21214846740638782,1164.747583213573,1,1,195,0.6549273831931903,0.8528213786721401,6,0
0.9611905638239142,6.191148231227717,4.546356449763758,17.23314310994096,1410.1378618758172,1,1,353,0.9693487961778049,0.9166270623885979,8,1
0.9053506419560637,3.835542383403257,3.4156325149961857,9.025355907425336,816.512991985586,0,0,373,0.7096932598116903,0.4223166646488028,2,1
0.19579113478929644,7.767089870635214,4.0038712659492655,0.08050557707941497,103.53046638394805,0,0,428,0.5519717841246947,0.9413345461715898,7,0
0.06936130087516545,1.8705326135000921,4.01579236843633,8.032903544240837,625.0825217583488,0,0,107,0.7730983783511267,0.9398680941062871,8,0
0.10077800137742665,3.9682549743214124,3.4125632600970577,3.7360168209007116,256.1965893387579,1,1,361,0.8596623352149653,0.6299035957239333,1,1
0.018221825651549728,3.6001977137003416,4.761184818203219,12.488009749443261,682.662725307174,1,0,402,0.6724130383094737,0.8586243675584893,3,1
0.0944429607559284,4.431709532056217,3.758070863465294,13.58717579843293,1206.0374662991985,1,1,46,0.8974658871943941,0.6114635847903919,1,1
0.6830067734163568,7.8614422941015185,3.661960514843752,9.750551408099996,714.1961684373207,1,1,240,0.6116734075005901,0.6948323861430324,6,1
0.07118864846022899,4.944895715201394,4.99378436415474,0.8103905087933994,704.6951698842915,0,0,308,0.8640232017650054,0.5238873068668343,3,0
0.3189756302937613,7.981341612606435,3.7337509101815414,13.122576087344038,879.5052676863853,0,1,229,0.9616153923245563,0.4116285417245771,5,0
0.8448753109694546,5.849591250770686,2.9459956298214527,16.840775672110425,914.3668186467523,1,0,410,0.6009947736188137,0.8225756086698224,7,1
0.023271935735825866,3.552280459644043,3.782673557158595,14.40648554652803,1298.8148323185599,0,1,388,0.6840013724682602,0.300974991163395,5,0
0.8144684825889358,8.13779168809803,4.535041838799826,16.59915837910637,531.697614920532,0,0,244,0.687574034359868,0.7056868827541469,3,1
0.28185477477339993,2.535238771420298,4.442150817245704,4.010190471017749,1250.3397701152223,0,0,315,0.8251478908786325,0.9052802184649245,5,0
0.11816482762165625,2.3989532020379962,4.471454412771178,17.777758793129653,892.3072481688662,0,0,249,0.8583726721419382,0.45489410074351533,0,0
0.6967371653641506,5.144128655737391,4.27005945999478,6.443869012959256,520.7413696040057,1,1,76,0.22178345296484858,0.5330296197586016,5,1
0.628942846779884,2.7563226104284717,3.1355445726667206,0.2680962850398205,513.1764616085079,0,0,61,0.7866876512723102,0.7112400970051239,9,0
0.877472013527053,0.28905294252192,4.6552102146005785,16.867832926581414,605.5925239480143,0,0,58,0.8270521957041901,0.47280917257179805,7,1
0.7350710438038858,6.553315767528256,4.733608663440663,18.836425379294536,971.7705396679657,0,0,237,0.7603435515665895,0.8932408001315479,3,1
0.8034809303848486,5.208719450429501,2.9853817415463726,13.111163948346976,423.1364239039288,0,0,188,0.7709565274584769,0.5566222169787884,8,1
0.2820345725713065,4.5660745820329804,2.8261390913784847,4.628732609268493,1388.4669863411743,1,0,55,0.23312228734741558,0.7071296038739203,5,0
0.17743954377972282,9.67629144325949,4.93901242147278,5.034889285650608,904.8776178490605,0,1,77,0.5536309295591249,0.4582848033194461,5,0
0.7506147516408583,5.797752002836555,4.67080990912592,9.33185746871239,1388.0220877944096,0,1,221,0.8545437197773926,0.32897043589368996,3,1
0.806834739267264,8.661629462335968,4.733090368024866,17.95662159202839,164.9661020108166,1,1,46,0.9472057130360829,0.4215901862095624,7,1
0.9905051420006733,1.5666123148105697,4.715940961560988,2.9919531229511676,579.6559186460627,1,0,431,0.38357433645754785,0.33233925632616224,4,1
0.4126176769114265,5.778223338668392,3.854217060084321,16.519473391669738,131.93072496267231,1,0,137,0.6633559522822361,0.6280227297292534,0,1
0.37201808579278317,8.706200341962848,4.1160043416645,5.826056174103007,481.15254113715775,1,0,415,0.843464191640467,0.7106461736426346,6,1
0.7764129607419968,5.914436421343001,3.863407130334104,16.17172338858196,1306.8090611760235,1,1,448,0.8019261142873486,0.33127264537981693,7,1
0.34080354025301784,7.236538945644615,2.6280158729758227,18.405423952030773,151.25360217908118,1,1,23,0.6951120935840633,0.36333755507655296,5,1
0.9307573256035647,3.8460269645596328,4.363757713381932,8.549877439886405,710.6059398820428,0,0,28,0.21495295060960018,0.6398675187672456,6,1
0.8584127518430118,1.1060052669632527,3.7633300833397008,7.301013082110616,264.5938986625189,0,1,490,0.7791086720892528,0.8594259525406833,6,1
0.42899402737501835,4.6874228922453005,4.119272686975575,16.044426379426035,683.5769229645148,1,1,134,0.818594002623052,0.7396064252410035,3,1
0.7508710677914974,4.065898030220804,3.7565995124388385,10.589657647587881,1274.3922179701283,0,0,350,0.7782796053005081,0.3732971540727086,3,1
0.7545428740846823,8.697189787313684,3.7295283058061397,13.688980969263941,972.2994467635268,0,1,400,0.8126473291919654,0.9212795916890464,0,1
0.10312386883593261,2.591153963054228,2.929472773694417,12.45658473922359,1131.4588834639924,0,0,349,0.5447319141430882,0.9422151643528227,1,0
0.9025529066795667,9.673995429844059,3.1967842878528723,3.0577769128959265,588.7457616294134,0,1,280,0.9950017167403129,0.5274697794946226,2,1
0.5052523724478571,9.589753574084062,2.8971317298598893,16.895807205791233,1422.156773014198,0,1,475,0.8166295326981272,0.7312124543169535,4,0
0.8264574661077416,2.6267901021000997,2.989165739063356,3.915502228262724,1092.9669312913002,1,1,291,0.6629440042239885,0.6446290051292982,9,1
0.32004960103061175,3.610909163677741,4.932443451050762,18.645642881415615,690.5183469983432,0,0,188,0.9473530157972991,0.9594166380408755,8,0
0.8955232284962005,8.976446260564073,2.882783614430496,5.011425828442957,697.0507203178769,0,1,70,0.9265586715664147,0.6561239730641151,4,0
0.3892016787341631,9.672897764781853,3.1731760607630193,14.677619465474837,1386.1578491206167,1,0,418,0.8516536522674121,0.971976069598445,5,0
0.01083765148029836,4.545703207793232,3.9764741443464624,5.693107869871841,906.9665708095486,0,1,375,0.6509559351870131,0.43953978537114424,6,0
0.9053819764192637,3.345771047280799,4.025446440591605,6.355708171737278,1088.9308938642585,0,0,467,0.6216808153173707,0.5418757303869759,3,1
0.09128667678613356,5.355721329865112,2.8849353243595726,6.200037055646106,683.849314318439,0,0,205,0.46296634557961663,0.8469416680672961,7,0
0.31931363759041487,6.940138222384202,4.484293564463031,14.957845080521665,413.1698706705998,0,0,241,0.4007023832831587,0.8485275149153575,5,0
0.9500619670508049,2.8800502506748025,4.463007169782062,11.136302359387862,1112.983008792186,0,1,305,0.6098876135800693,0.8125282917696937,0,1
0.9506071469375561,7.417437111266914,3.0932942605097278,17.659049116949944,950.953280997943,0,0,183,0.6622254093695791,0.9017280252657129,5,1
0.5734378881232861,0.7062420997234822,3.221665756688651,6.147454384080897,801.8800325946911,1,1,477,0.39562114516707647,0.7917823210606685,1,1
0.6318372121697993,0.6830860290912812,4.844969663648742,13.839850441134887,973.6293159922494,0,0,127,0.9380809949227831,0.7452596011305637,3,1
0.44844552197831977,3.9856195104263437,4.564178614948695,15.058971993262213,391.5998204899271,1,0,448,0.6458191973874549,0.6212475091542584,3,1
0.29321077169806453,3.664037282195062,4.24449258265631,3.0296422605991635,1211.5141891447388,1,0,229,0.6212042603057173,0.6269614203305288,9,0
0.32866454536991596,3.2932055105980926,2.7055830537765013,8.011787146396223,1427.427927028428,0,0,40,0.5485107106929121,0.5843130452429691,9,0
0.6725184560770384,5.011993674155319,3.5456602022564394,9.656349887008222,1347.544401834784,0,1,280,0.24645703657348844,0.7341482597926743,4,1
0.75237452943768,3.3431891066533983,3.8982546801920677,7.113747797887486,550.010043429824,0,1,161,0.9059210675678795,0.5846647504630955,9,1
0.7915790437258485,2.084127600987301,2.9685282199594423,6.4422519193827625,668.4080825949062,1,0,391,0.4535953811544238,0.40324601986061787,1,1
0.7896181427945539,3.2328015810682893,3.6205664552705614,13.728397879952839,1231.7632197165856,1,1,311,0.7139682675746355,0.37457073134605273,5,1
0.09120610304869037,9.754061873540303,4.002564693721725,4.317327953189771,933.1639831544453,1,1,339,0.6859468471760284,0.9471305926706444,2,0
0.49442030470258147,4.228911486549517,3.3184417002884983,14.187814905022575,867.0802211473089,0,0,157,0.6675894603076215,0.3173172352765182,8,0
0.057558760016644284,4.558185213211691,4.4523620473762175,18.700883927814612,1397.2987545468234,1,1,323,0.6205697616092674,0.3738270832639567,5,0
0.5495288823237355,5.850140901521173,4.601123954097014,11.303950423555023,850.434945367871,0,1,20,0.3451518667450625,0.6117134122519106,2,1
0.441530501373377,9.83673953045942,3.309023673585177,12.228684734789482,820.9141514222338,0,0,346,0.4244845928383725,0.48404838683306584,2,0
0.8877041827582998,2.567692509070478,4.596642886231143,1.3786540424817817,158.8260277729035,1,1,9,0.61935045701624,0.5840942302815022,4,1
0.3509150125520787,6.876564683217852,2.7589414152575378,17.289538072356564,197.1837420261927,1,0,86,0.8314739612775408,0.38221316711571834,5,0
0.11706701642760586,7.216649996708897,4.5943227465566405,5.70895574399731,110.38843103291025,0,1,32,0.545591176520335,0.39163485579316176,3,0
0.14299168205283586,6.151779284572046,2.8818760791690416,12.301023310571297,1378.541916097087,1,0,458,0.3631380424369047,0.8604605361075808,4,0
0.7615106317174722,1.068067728439112,2.707317881274315,19.582243394896047,671.7413240247809,1,1,360,0.2703555398443408,0.8313761208702126,2,1
0.6182180633162611,6.83334830311025,4.104438511102528,11.910052011456155,755.9859265867775,0,1,338,0.7304088027952194,0.37297700600723005,9,1
0.10112267612279024,0.8281281681545198,3.6798434143882357,14.494189749287552,1283.5417266294469,1,1,202,0.5386719764969317,0.767453290429314,3,1
0.08410680611499743,6.042197965588991,4.769726501032082,8.906392364475037,952.944834526089,1,1,3,0.30029671409811354,0.7265179263488383,7,0
0.70096913145912,7.447895536773078,3.407972990227123,1.2073168703011472,953.3022349468135,0,1,22,0.739573503989587,0.7993539058761607,7,0
0.07276300636419353,2.2675049280755144,3.217880658594072,15.95198698979577,515.1482010967375,0,0,196,0.36606298468349857,0.6321142331937318,0,0
0.8218600592903562,8.447895673919186,3.751837265360496,0.6999768252797134,1267.4717234943269,1,1,308,0.6072128386429416,0.48899077927340856,3,1
0.7062422271564962,0.4974672942234418,3.6398654644216535,14.013156577757082,332.1619664552913,1,0,368,0.4449503800614884,0.7645754185495695,1,1
0.08134878064189976,8.4693660638514,3.3610701155429705,0.45843146299273885,174.40942904212704,1,0,497,0.9453520515472003,0.5599501985659754,3,0
0.08483771408519192,4.711224696299098,4.234353246745822,17.24610473153341,368.24470052594523,0,1,388,0.3826304530169325,0.4532670307085123,4,0
0.9866395785011755,2.3323618113301166,4.398904584784771,3.1527207166596116,474.8321062843906,1,0,273,0.5359348172336228,0.5860403096034982,0,1
0.3742707957561203,1.5110258209408864,4.632459922575341,10.285429908851022,495.2354809958894,0,1,272,0.9675948774624048,0.8342888849206678,4,1
0.3706421470668909,9.54241024230725,4.932141511775857,11.943014089662947,1038.7190380662746,0,1,441,0.45498014395065234,0.6330552375753413,6,0
0.8127995672575026,0.9121227582953357,3.166640480331261,9.150908147468241,404.9544222601009,0,1,450,0.7156745304088001,0.5099049844033954,4,1
0.9472485773838587,2.1511155153720716,4.290233706224904,6.815269786977744,1047.3216262929784,0,1,106,0.4533816349650602,0.8823080303766797,6,1
0.9860010638228709,3.608659004843851,3.485645588739363,9.356285923619435,227.58504252731964,1,0,368,0.2885399832937992,0.9171506286266542,8,1
0.7533781852589416,6.2783015198189815,4.19270492987777,6.228315077623174,306.08344553707263,1,1,377,0.7020377861474343,0.6032752966408723,7,1
0.37625958553091576,5.539050635705765,3.689954225873051,8.762446941617263,812.3500278873929,1,1,199,0.9328252282282723,0.5622816145088263,0,1
0.08350071669866876,1.431306225640677,4.984432756919829,7.178259819960613,1390.6541236072997,1,1,439,0.5620517337872735,0.7288892629132755,9,1
0.7771469159274368,3.0393342406345036,4.322255339476875,11.324096470142905,1303.3946243355595,1,0,423,0.7009412341539738,0.3405821122405391,9,1
0.558404249735805,2.5397673566430363,4.881228251085812,4.7584832448996695,1456.2548194199244,0,0,342,0.6871187306052985,0.783926212397318,1,1
0.4242220092469763,2.2927199740053457,4.5874238737029644,19.77313109828025,1010.6706913894393,0,0,214,0.5320717621023008,0.8476013237640727,5,1
0.906354385094736,4.2292144975038735,4.7572525279084275,10.01739906764331,1046.1408129825288,1,0,1,0.6919173110117844,0.5782093490800202,4,1
0.11119748230615134,7.099508235398238,4.5360479930366875,3.8832415482901927,975.0321985040889,1,1,120,0.4074544675351778,0.42223109500517747,0,1
0.49262510429085915,2.3310387357289124,3.6478978259397783,9.54133499134545,971.9464920014763,1,0,102,0.5024303236824417,0.32017286259860445,1,1
0.011353644767419069,3.7934530210892183,3.129471133367211,17.328302590496484,305.9684830946185,1,0,148,0.5538550850899001,0.74607191964097,2,0
0.46866064199412627,4.03099078304339,3.4258004386263057,0.4361358624879119,861.2345386295001,0,0,435,0.8912069468499844,0.48829538464443684,9,0
0.05630327568183735,9.76927398846702,2.550590581599876,13.591082382145776,640.495106832416,1,0,151,0.47866631586660396,0.624722710984899,4,0
0.11881791626807192,9.555730297414875,3.809982918661668,10.95935593587856,719.5521020882109,0,1,52,0.7081096384926611,0.5704488651602715,6,0
0.11752624677710488,8.041348310970344,3.762644500676022,3.3911598874027105,833.0408022829323,0,1,165,0.37072306993511894,0.4224193571632238,5,0
0.6492103021160636,2.568257424028015,3.8131261620762205,16.349528786098414,279.75464052315226,1,0,403,0.4020557832431414,0.6558580679224928,2,1
0.7460448792654233,0.866765678098363,4.93507806243016,7.377692447480113,603.2828273929679,0,0,305,0.7187431003679821,0.6217154659185165,5,1
0.5833687650971596,3.305660549662123,4.778635008637098,5.876040576310149,188.829385227245,1,1,166,0.8098479418932829,0.7369033360088826,3,1
0.9621725484745419,2.8145865844515425,2.9042819458252698,16.56250383713802,1471.5353825913587,0,1,315,0.5696937412210252,0.4763194961708507,2,1
0.37487057952370406,5.15807284143466,3.4222063038897232,12.770500923833293,265.9392403481766,0,1,369,0.46807975742221325,0.45024735589738407,3,0
0.28571208628186073,7.821733518664373,3.559890448658155,17.965181673496488,461.9346339629363,0,1,474,0.9282172447458181,0.8700415418295304,7,0
0.8685991281894603,8.611564801012808,3.4013322946291193,12.597674073423988,1347.810097384756,0,0,363,0.3086462520392342,0.791534571474829,0,1
0.22359583851945264,8.479668037022984,4.496239909009782,14.816353158642306,775.7940647347986,0,0,294,0.7765713901194777,0.8405445161840943,2,0
0.9632225394406113,3.7248204999860643,3.8100941746689676,16.728917925192256,289.8920821288824,1,1,70,0.7521365997976823,0.3863028682285196,9,1
0.012154474689816341,6.934896565914693,3.9302495424290624,1.0947927181987382,637.9227532550885,0,0,127,0.7521961301822353,0.4568277503289123,7,0
0.969878826707639,3.2657751357373566,4.632533897469814,15.520979177387606,262.2151918679401,1,0,32,0.9483363555388196,0.7028720613425479,9,1
0.04315991195057611,0.7968743237047906,4.514820383538396,12.274129636991535,380.30239591830247,1,0,156,0.7825522407846337,0.9000409428110356,8,1
0.8911431136980711,7.075339602908835,2.830528807050749,1.3901559303038646,172.84178572978306,0,1,329,0.4412521515276673,0.924480250217929,2,1
0.5277011090862999,0.2963100151839209,4.2847864602090855,10.171558437374301,713.5184923687399,1,1,265,0.4827273793858474,0.882336973578449,8,1
0.9929647961193003,4.209989357093188,3.588590322255089,1.6491615596790776,1229.2905704153636,0,1,203,0.5128887785599154,0.3303785622590992,9,1
0.07379656473539886,3.4279168391603427,3.236622257656251,14.718944034464448,920.3568501798537,1,1,194,0.22464693927848486,0.8746154292590083,9,1
0.5538542844013208,6.995099877484755,2.625047052255466,10.930034277957661,948.8834276784564,1,0,386,0.9308082523266057,0.929363824264757,3,1
0.969302535619099,7.709205633051714,3.7181239008636275,19.071470748245947,380.81764211653643,0,1,460,0.25884208309184314,0.33972436310685644,3,1
0.5230978441701488,3.180127432518582,3.3885917018113285,3.662707431435397,581.4513805533131,1,1,108,0.7598354256779773,0.5913966256438916,6,1
0.6293986381352625,8.153944741559565,3.128782599191002,12.12066905040757,1283.3389453771647,1,0,158,0.7841288038746494,0.6756272263076911,5,1
0.6957486889846172,3.080384252948351,4.236679323992394,4.231642691409827,222.99865805712034,1,1,282,0.8749720405044317,0.4629252610184497,9,1
0.45454106476777323,4.573998327868301,4.423713468288968,12.281299694547966,1301.1029151359471,0,0,453,0.642689804476418,0.6616799592259774,2,1
0.6275580800840634,7.3247815647385135,3.1119737975735617,14.452994047217128,777.1660367706999,1,1,26,0.7802115390852296,0.9201690515727452,7,1
0.5843143119231002,6.990618246402929,2.623618591698368,14.446086586590772,1272.006403855164,1,0,226,0.44217833957276087,0.9068597544420351,4,1
0.901158010490989,9.87621102865956,4.621881751413087,16.301479813652197,545.2089871521605,0,0,251,0.796467208730232,0.9578860968802365,1,1
0.04544638034145787,2.4065780373161325,2.5248993530107584,17.071004559166333,574.3801322162292,1,0,366,0.4747325898095087,0.6388768588761794,9,0
0.2809631895922303,6.690715552687908,4.84278123480368,1.5454345253435409,1152.2468156523998,0,0,264,0.922270782741357,0.5873968617057441,2,0
0.9504114840765587,6.174882701102619,4.069049684956765,6.865343141448081,1198.9946427491082,1,1,261,0.33070544621310627,0.7660514733226473,6,1
0.8902637838909163,9.167964854002292,3.3046165880033005,13.742450407196113,421.50254918620544,1,0,133,0.45260584853916286,0.5917324043207239,9,1
0.45565675278571294,1.7323489881197756,3.1161947739418405,9.971725747824243,1462.0198547506677,1,0,487,0.5990155612441046,0.3293612172006004,8,1
0.6201325978015367,7.567622003151944,2.522514160661188,3.81351893509583,218.28614594276053,0,1,25,0.8206804457184782,0.8039450165193185,0,0
0.2773811829811327,5.76903243943393,3.0886785425271928,11.05419140333396,195.90414834298326,1,0,42,0.7990392840824256,0.4966887588979766,5,0
0.1881211597237613,2.8917255239214734,2.8443207537928528,8.148713055322876,933.7059014005439,0,0,18,0.3685734994596028,0.33435971858703334,8,0
0.46369840493998216,4.849462158642306,4.030415551807864,7.8007655530861015,1111.83707488027,0,1,15,0.3153885572894371,0.3144347535688329,6,0
0.3533522280260528,3.471010651284019,2.916363971484503,16.195074348713277,1445.2405809149634,1,1,104,0.44317568343527863,0.9519528880041226,2,1
0.5836561118508721,5.877271347326917,3.8215745938415484,8.151966676643625,666.9240931184062,1,1,278,0.587003321340722,0.47645320605091823,6,1
0.07773463696498484,8.912205985983725,3.975291055861177,0.5290901096084832,135.40797258548636,0,0,202,0.6312040358606006,0.6135294347661444,1,0
0.9743948076661665,5.77918884723958,3.245104245867286,1.1612667778218255,944.0548752249698,1,0,207,0.5433100727642233,0.9654035170291988,9,1
0.9862107444796029,6.390879699600524,2.587662372546797,17.124880833832407,505.5744288382806,1,1,412,0.7304720933184057,0.6272618851465076,1,1
0.6981617140197451,5.283728901724153,2.59313470153549,19.212016200250424,706.1259696735632,1,1,165,0.5420471548777901,0.3550265264684179,0,1
0.5360963663441204,0.701421963165664,2.5658683304847942,13.768186729114152,783.8572751499094,1,1,58,0.9570632079510357,0.6863552330726614,2,1
0.30952761628632774,2.482013857385724,4.347811667841365,7.287365882001604,190.31765503324738,0,0,496,0.4087750783852288,0.3617390574178456,0,0
0.8137950197069487,5.021616948434412,3.2950242620357453,18.77200631589455,780.374498389744,1,0,47,0.7018976965360759,0.3665615148614755,7,1
0.6847311725538793,3.2403057806981073,4.490750464919159,13.256061727514716,696.8475335260407,0,1,147,0.6891023509281055,0.8960339516617217,7,1
0.1626169393448913,1.9812832580597035,3.5793320596071228,16.886670983986754,1097.5619714012305,0,0,276,0.4252597775058273,0.5025950803552126,3,0
0.9109271844938425,5.140501850800696,3.63249525207491,15.317046080740187,1003.9322756972824,0,0,411,0.5293500996112219,0.7750691400787053,0,1
0.822537242923169,3.3635359757889334,3.7822065062739343,7.582786315451848,359.30200541078545,0,0,177,0.49237889555197667,0.6562470347300632,1,1
0.949799913291924,2.7294549030994646,4.28257864093776,9.57404401701571,388.5944854945558,0,1,288,0.3379992480163915,0.4556286838430899,1,1
0.72571950838836,4.747057090915733,3.183757164574268,3.72264308736199,451.4086502841226,0,1,113,0.5818361701052353,0.6624742090572453,1,1
0.6134151959357899,1.506185729205297,2.8039683738338175,5.840282008814681,350.53061641604825,0,0,295,0.5093298024174732,0.34829547512982695,8,0
0.4182430362906189,9.291908184138991,3.8901433379786536,15.562513225730434,1020.098479535854,1,1,217,0.34265388805372754,0.5430486447127966,6,1
0.9327284833540133,8.703480559608542,3.3174440581068483,17.879567837662165,1492.2022508803789,1,0,437,0.5599040363342092,0.6659853575143442,8,1
0.8660638895004084,7.134681740257247,3.6062282841700934,14.489208465028236,1012.9516767223112,0,0,265,0.5374751746069913,0.45987603665995636,9,0
0.04521867010618941,1.2408955103668708,4.1173667708432635,9.303473933132766,949.3541646678077,1,1,161,0.3050925421275678,0.7621316911269522,9,1
0.026366974497252005,7.803597093802992,3.7353143528531767,1.7301853787949506,673.8991066915015,1,1,328,0.3049500335344087,0.3362683451874147,1,0
0.3764633668780496,8.117981815468386,4.050697042752107,1.1389589739689643,537.612362403665,1,1,35,0.718005903876558,0.6393669285094388,4,0
0.8105533307818329,7.72409325360051,3.8605000052840697,7.4865112922570765,1375.5032596690708,1,0,74,0.7652646437736832,0.8004970469025683,0,1
0.9872761293149445,1.3168656937685634,4.349490929840248,9.276434375353261,1456.6026237990143,0,1,457,0.9529443359271239,0.600962241269741,1,1
0.15041689110352818,6.510297979264095,4.26484154427905,12.182412444265937,795.4866458228189,1,0,493,0.2696037523688799,0.9122104907232564,3,0
0.5941307153521351,8.376382998344106,3.835474729521548,0.1297904277399442,506.28069370918047,0,0,134,0.29428919390260283,0.7425349468684659,9,0
0.3808908566310215,5.858063331952744,4.197257552149267,19.794457809326126,1178.1710907376748,1,0,370,0.2414545027743288,0.9709450412411165,0,0
0.9699143978146032,6.5347922772352725,4.683899005681532,7.278777668080858,285.43950721362984,1,0,485,0.6257827446055441,0.4988852689424851,7,1
0.8421189231357087,4.691962098377801,3.580678219470421,16.96189327602243,1171.8235327011541,0,0,271,0.6981972914361811,0.9571525315983229,5,1
0.8383287047111379,5.381331734863716,3.531907681871984,10.699334113308087,1246.5277240358741,0,1,178,0.5228187615457262,0.7247758129199877,0,1
0.4686931597949703,0.5368932118469072,4.41061405213095,2.6087890906669298,274.86552247803434,0,0,473,0.8383217767689062,0.8216252294493791,8,0
0.4148195023376652,6.461837615338189,3.956384592604985,15.951311050690437,1467.6060563151893,1,0,479,0.7493595488030402,0.9315127819304128,0,1
0.27340707193070624,0.9981826863333603,2.6775169505564715,14.196541498397522,1479.71720654387,1,1,444,0.9886723367574881,0.6858380315942747,3,1
0.056375496650927115,4.463143024534189,4.730280039227703,10.54872169858456,1411.4072710582918,1,0,158,0.3103159866397429,0.9035265543647657,4,0
0.8647223762550532,3.068019957140597,2.5769577555941003,10.2910618266756,794.4487331687701,0,1,242,0.2466525314740011,0.6791878577116387,8,1
0.8129010091300776,5.545193912074788,4.370990890524357,1.7495921150185612,444.5037991875598,0,0,415,0.4198429644555103,0.7194392493320664,1,1
0.9997176732861306,1.5074800881274295,4.396985356760782,13.116978971477483,914.8129932346782,0,1,300,0.21524015625347526,0.6115690010281698,8,1
0.9966368370739054,6.978105339338519,4.882777713204826,18.224903115085993,687.90737386001,0,1,203,0.9460891422932101,0.401946986288072,0,1
0.5554317056026274,7.991113061899011,2.635336021005802,1.8648983844271672,388.3281026040759,0,1,282,0.44316132695054034,0.6874522633442066,3,0
0.7689874151805105,1.8008736074829337,3.9921421519612275,5.270229012978098,693.1469734649866,1,1,277,0.6419441335771672,0.9842137611863266,6,1
0.944765729882428,1.2222682560484452,3.5696014265676324,18.046159468841974,1029.4457699486268,0,1,142,0.45445570630299353,0.8510301970125991,3,1
0.8496473906774115,1.6260517313161198,3.3265823871488553,5.686878196395866,199.27863510038748,0,0,7,0.3966468975910588,0.8232489393274054,7,1
0.24734810174319766,8.795850106605316,2.7257964007476825,13.078873443598527,566.7852020244231,1,1,451,0.321891779179904,0.7503161619107406,6,0
0.4505441353100935,5.376254765212291,3.906635299178273,10.696363298862883,124.91284601795527,0,1,115,0.45629273626330846,0.5435360714410711,5,1
0.12915941515149498,4.779157760873526,3.697601814186534,11.926552100077242,1149.2937076463459,0,1,391,0.6923351443263797,0.41873063613486494,4,0
0.9540510272587224,1.245775827203072,2.7613861453775606,8.315778031545062,996.9677746633811,0,0,342,0.9772969597500223,0.4571861211498829,9,1
0.60617463445088,6.565648866218226,4.031223767742708,5.999829411074222,187.7409885827522,0,1,372,0.6464736322937196,0.3044254626798551,2,1
0.22864280550346272,8.70639600057188,4.344882800632346,0.9706690145933794,1450.632583442755,1,0,271,0.6261672528792042,0.7714362946288482,7,0
0.6717006844058567,8.316221519369838,4.418195752634121,14.885618785883283,131.67017997794096,0,0,175,0.2282104144841175,0.8683142909895036,3,0
0.6181282404578958,6.335336148011853,4.763432970656068,14.921869243884537,925.944905066524,1,1,417,0.8720792125341543,0.4882379458386418,7,1
0.3581627180328405,0.9377314231864016,3.523676854721943,13.414514801574464,1186.9144465186782,0,0,213,0.2358730999980586,0.3642952797509903,0,0
0.11355759219962902,1.3014908663249272,4.882681921555342,12.872675762392412,1203.054838262612,1,0,368,0.9249858192827833,0.5350089474753424,1,1
0.6715731955927996,0.6832280736762819,4.663573512706716,4.874342643350524,147.9991898304853,1,0,214,0.6309373802853744,0.5044358605918845,1,1
0.5203077009037933,2.7232963216261994,3.2412539275598475,0.44689867532582417,1368.981185696615,0,0,56,0.3347732841872284,0.6156134525444122,5,0
0.7723183917356393,1.529482378171702,2.8982075933736464,16.174307937708793,1385.832340697971,1,0,388,0.561365913605167,0.48487143802470767,4,1
0.5201635011119934,2.7484707944738527,3.5884734903200335,9.822770713916537,885.9465224161218,1,1,228,0.9959875845465587,0.5378128937415203,9,1
0.8521815003185401,3.973568946045825,3.5047467698899166,6.136762614052367,774.9164784420045,1,0,299,0.44406628163527445,0.9352883455444698,9,1
0.5519068387744855,9.44123128389713,3.939298263328011,2.0386381356114014,162.81444828763972,0,0,326,0.41556781483886296,0.5343847470227243,6,0
0.5609379715353863,6.1816853858605825,3.95846558081937,1.254431818027768,886.7357995138161,1,0,36,0.29440471603400475,0.8498626327109278,1,0
0.876653602658345,8.38274309969303,4.374967460949938,6.977334435903546,673.1307144783231,1,0,473,0.6777138790326711,0.7380835901571215,8,1
0.40348286621239704,7.1614447069808564,3.7747248705140253,16.09474129533881,1181.9289703721186,1,0,379,0.27138159921117033,0.5362765619419616,1,0
0.13401522845064073,1.3025306791609912,2.762056602351914,18.37447498667661,665.4369936405229,0,1,283,0.8128064510432618,0.8724517888462453,0,0
0.028782676313338973,7.4120199824647,4.6457283388827655,17.935027292261296,1057.0131666545935,0,0,323,0.9353788114644466,0.7165532487173853,1,0
0.755137255673619,2.8959690392794197,3.2744114579629677,18.4000166949931,241.97140473254314,1,0,368,0.9454968889723996,0.3060331093192302,2,1
0.6203095513534647,6.463256900548123,4.92824365076648,18.154506862586853,286.13317907235376,1,0,223,0.28633300230195025,0.3481097411006798,5,1
0.7040797680992236,3.541427341701288,2.7946502716994255,10.544495032007916,295.5942669088217,0,1,421,0.6466100778823751,0.8268476916166232,6,1
0.21296416150891073,9.97718817999366,4.895627930581258,4.388312771138077,163.73569971964093,1,1,301,0.2776878839217333,0.612569452709636,5,0
0.13637147558676976,2.782804499068423,2.7275295172062926,15.960931656736408,857.8604029777252,0,1,200,0.6576129131874378,0.5838554542204784,0,0
0.014544665667881929,2.935478613587843,3.077590344867649,4.27425949705158,1211.5548164610905,1,0,99,0.8519844681676649,0.4020790289370656,8,0
0.350587558806597,9.320588104511502,2.616449855216354,5.344145535131382,954.5756851711325,1,0,281,0.6302321298426278,0.4101230157728891,7,0
0.5899176868546331,0.4415151654359622,4.262782866597488,4.665086436450969,904.9368397739987,0,0,74,0.897643060885345,0.8584267150671303,1,1
0.3922440450997323,7.02755208115733,4.625746841429479,10.299648073916117,1052.873499763831,0,0,211,0.8413394838795021,0.8803119937730186,0,0
0.43747492202372906,7.308198629211606,3.585177704539951,6.4365501633815985,575.5034523008208,1,0,436,0.42123867995194275,0.6920017784471104,6,1
0.9041586944937484,8.396510058621914,4.821305187606074,3.0831209925068292,606.7357003075205,0,0,190,0.7040818263059534,0.5065894668639812,2,1
0.34825546702330035,9.749505244257058,3.975747679388999,9.063468237877647,539.9781375092916,1,0,367,0.20592970118090514,0.9528905716674811,2,0
0.5139894891598108,9.760898807735193,4.075017838616308,17.47814477570334,1096.9525059950058,1,0,62,0.5168335327398915,0.7367736736966586,9,0
0.7836530127411431,0.8397122241513462,4.613548004251925,11.411057098999445,326.296469939084,0,0,111,0.39036813422743616,0.8576494836162516,8,1
0.39654278232127016,8.254025362978444,3.2420005126295974,17.56671211775174,118.23539243809414,1,0,495,0.9496930767547889,0.30229804420175077,1,1
0.6220867002278735,6.533837349842337,3.3856643033190643,3.917443701582748,934.6750254114894,1,0,421,0.524311209378528,0.6152237206127523,4,1
0.8623637087467452,6.543952916856294,4.764879797986611,3.33947747345108,1419.3339106278877,0,1,142,0.7232515427379844,0.9096643604239689,3,1
0.9495206236576421,1.457829280824009,4.752408740096909,11.511542513968404,953.1710837948266,1,1,98,0.7855852874188858,0.5367632982629049,0,1
0.14707348092903794,6.571834231167403,4.941206940502177,9.26657803092546,1196.0903141172532,1,1,264,0.818570030945206,0.8085858238105967,5,0
0.9265876251614944,9.82832928989223,4.754595791104178,13.203452832939139,1041.9069932524421,1,1,224,0.7886201536140232,0.7603723775900518,5,1
0.4921162930795382,9.13582198148658,2.8184300900834023,15.892535820535631,796.4113149322227,1,0,74,0.4313320487901878,0.4065528564480096,0,0
0.25824438829895835,4.503480475887535,4.559310715342468,15.026145913043528,1105.7493624973845,0,1,277,0.7488541573833778,0.8424326790780836,6,0
0.4591357562382613,0.5914901382037245,3.5245961952739853,18.845223473171224,1253.7457733973106,1,1,197,0.6392075858098267,0.3787687532189592,5,1
0.980032575285477,3.750476202002008,4.977003389864844,7.965128183140231,414.6243018403772,1,1,183,0.6778981318380151,0.8095398676003585,3,1
0.4926180939928696,8.298625053685441,3.680702410822003,4.127734844963616,570.5826726764037,1,1,292,0.2006516938470039,0.993677835745366,6,1
0.3287516102875082,7.0746911943586275,3.8845902062555515,11.018252798957715,413.21602550459744,1,1,56,0.40660608076228527,0.9705870022682339,2,1
0.6334008543167258,4.701567824820773,3.824437288141996,2.214862403823712,733.0421378266175,0,0,248,0.9445469573725245,0.8601692201399032,9,1
0.24014561877819307,0.7399950445565449,3.3043425746456947,5.777022466632628,1339.0903712833347,0,1,443,0.43206086664458065,0.6741621969607915,5,0
0.07586332810866392,4.383568332668366,2.6875552222322954,4.157761105262889,583.2899411694652,0,1,113,0.5504124177997141,0.772377203074518,5,0
0.12887972191064923,4.796444409235259,4.739128076004796,7.931274335941618,624.2536447827747,1,0,468,0.34933918575659284,0.8096758732408649,9,0
0.12804583895777244,9.299844222362532,4.5066895313157165,2.2243315000443076,1304.5141285407044,1,1,139,0.31088204152295185,0.3058810669947671,5,0
0.15190269351229435,6.482643815105163,2.848816951399173,0.636834890961957,821.5240630425453,0,0,390,0.3669351749109641,0.3716563546670695,2,0
0.13882717264941014,3.2541985832155595,4.441920678375182,13.135880092600637,849.6285995064081,0,0,449,0.6429178630935783,0.7179413924552036,9,0
0.6408747448032146,5.34811899161707,4.064616665126525,12.204979565796098,1305.121684665098,1,0,358,0.9352229211120866,0.30457417810003634,4,1
0.18188008439914483,0.8473420166571688,3.5228594697940556,14.167178720773224,786.7374318356625,0,0,40,0.46095934391695226,0.9362339555414481,0,0
0.3456672833238632,9.73116870936742,3.135052872738907,13.207728805426878,1054.1805484811534,1,1,407,0.4587263617663768,0.6427638992575544,5,0
0.8967884099060118,3.7285870389211153,4.649321958755581,2.28589362284767,219.902532223685,1,1,473,0.6513124695094947,0.4804369529235851,6,1
0.47396164026287235,4.883100078148732,4.250470648235133,5.8215776275129265,350.08439837763945,1,0,152,0.48539417415450825,0.5756748187183194,4,1
0.6675577385210272,3.681782947521842,3.869349773672842,2.5905321980070473,666.1266810027438,1,1,445,0.9283328383871905,0.8955434874480019,4,1
0.17231987120162984,6.888614955138762,4.02392133474616,16.859448040971262,792.7746949478249,1,0,467,0.5022784341138096,0.9490350116348809,5,0
0.19228901880867078,6.689875151630012,2.7276654552054524,14.938073107110466,1452.0271817307212,1,1,231,0.5923538020155736,0.381364486334124,6,0
0.04086861626647886,7.21015864318553,3.6847994022779798,4.030540058364849,1458.912286266906,1,1,104,0.6267114271763288,0.8445724437689037,3,0
0.16893506307216455,2.8278036501968247,2.984250731964255,6.826184809797868,1291.6759224702664,1,0,105,0.825654236104377,0.7047589827515712,6,0
0.2785903390319586,3.293551115407847,3.0209591975220635,19.332299845284282,541.8383693998044,0,1,299,0.651124751531907,0.7098519303651407,4,0
0.17701048427674682,1.427462064742838,4.153259905717167,11.88318715759303,1449.6396071654156,0,0,129,0.3913240801178593,0.8456164853270784,6,0
0.08870253375705561,6.623997724091904,4.77814037958572,16.023111946023146,1065.0772105466976,0,0,425,0.29918976530109387,0.4559912807501702,0,0
0.12063587110060081,0.590011847889395,3.5093915261958664,5.291820695374582,650.1161789443605,0,1,482,0.9502196373511713,0.6717314775824708,9,0
0.46077876803272577,6.0572868881299,3.019373182530476,4.201058403586105,1082.3448837786727,1,1,160,0.841250395711286,0.5235468308155664,1,0
0.2063337184057925,8.723019671546012,4.121867343091635,15.678338576930969,123.13182170113721,0,0,400,0.2183721682311326,0.36615864148356037,1,0
0.36426986104807546,8.930155053238408,4.677967615875795,13.717449104628802,304.616555183899,0,0,377,0.8572231874588381,0.3735556118896227,6,0
0.5034172708548569,4.600570051625625,4.370797002806227,13.619558584235275,1261.5599961789148,1,1,446,0.672478235123815,0.3955300294376055,8,1
0.6903948286293653,4.701176144488123,4.671893076341468,11.052691636583878,1003.8030916224396,0,1,405,0.6151153880279547,0.7304298942333866,6,1
0.039312139841098936,0.9542979934785703,3.8413866775269985,11.271566855530978,609.8725818086376,0,1,256,0.20978334321884715,0.374081138864117,5,0
0.7994103989090426,6.773497249341751,4.379690610922977,14.713950106125075,800.9332963118063,0,1,228,0.8246912451075321,0.6990726898131214,2,1
0.6279003894909078,8.248342319653887,2.8501613983973413,5.400049622423905,1367.1990095040737,0,0,349,0.3584520113930001,0.7118079405840818,4,0
0.08175903194887191,2.597619535126188,3.3706865384079787,7.055369317139116,984.2093532707212,1,1,493,0.7823849705552632,0.9327275570853237,9,1
0.8735786241067772,4.328748640006974,3.473872911203806,17.4327354104011,657.4089975080624,0,1,453,0.21269459789265382,0.7384636174278599,1,1
0.9208724005318132,8.42062550029965,3.7782393656150863,6.177304020243155,268.457320356549,0,0,488,0.837082919732949,0.9899114886170508,8,1
0.06107795985486375,8.795780583090423,4.822690900642059,10.92619142758598,511.2455222757854,0,1,181,0.21843157468403246,0.32169480595858435,5,0
0.2768776481472037,2.5831638065894147,4.685741400555436,14.052789280133682,1469.6763259152167,0,0,13,0.38871432325801525,0.7929022956515832,8,0
0.8062012797930613,5.59559221850537,2.8363137307229613,19.99849653666353,712.3082879924885,1,0,99,0.4146225700101708,0.3185360546371303,8,1
0.7482596903836584,2.0864328762311053,2.931974129706158,8.705826629906639,760.5752493828052,1,1,224,0.3260069104855411,0.8105643045122926,6,1
0.18452101935637732,1.1984118885676542,3.394101373972278,8.561857532498875,798.0372453558216,0,1,357,0.5848465569562953,0.5700951464428248,4,1
0.2093493233367103,9.128980913641184,3.2268596647266845,16.85176758867335,1337.7456321274956,1,0,230,0.42695036769336714,0.7279154357748127,3,0
0.370472102791382,8.24097354147467,4.036927382890656,16.110062225197264,945.4995981394338,1,0,52,0.9946303805818053,0.5166766504618364,0,1
0.4845229851910213,7.648342037671105,4.756940119411363,14.62151763469097,1071.147851032691,1,1,5,0.6639750346923512,0.41137352740685434,8,0
0.618254771530296,0.6779099243687762,4.905728854181467,9.264592748180577,645.1789595687455,1,0,89,0.6531822600433924,0.8064587626624977,5,1
0.3689136395697724,8.468542168560523,4.1340073813380664,6.478782403214316,140.7226660245641,0,0,63,0.3766957040851642,0.9332342661890607,1,0
0.4625347161331479,4.492831943872761,4.595398003502717,12.174609651696972,1403.362079939982,1,0,87,0.5269515509719291,0.42850771059002446,6,1
0.7474709381337565,3.555472208299425,3.8130055005769927,17.52446586263282,1428.778753282969,0,0,32,0.299182395488,0.9444921008425204,5,1
0.0366832028905979,5.55546833804869,3.0208173671500993,17.67554916417173,1428.8142746872716,0,0,71,0.810023401800309,0.39812747644318064,3,0
0.25243694434402075,1.0952617786908472,3.8117210302336932,2.1699669014087686,1421.1619213054032,0,0,43,0.46492739692278157,0.8149633177846718,5,0
0.7133495858845524,7.615136183653509,3.887706503594128,8.567005676263014,1241.3387174973855,0,0,252,0.8015726667145684,0.9716116107253041,5,1
0.8952068376871993,5.9078637535053,4.356143910533891,9.294439123974989,1058.4344701628575,0,1,106,0.4973567999435804,0.4031596172293664,4,1
0.5116774421156661,2.028582949357042,3.0497074742683727,19.552307350475065,1282.3138855742,0,0,289,0.9910057920918764,0.6045630327287472,0,0
0.5321134852653157,2.044675557736647,3.420775955216829,13.55996030485169,940.7647346014506,0,1,417,0.3368972978036975,0.5362202376508796,2,1
0.10717201133977605,2.0056367854122077,3.410068673036416,8.14492834524141,288.1174594488331,0,0,407,0.20121911510666504,0.5719344251288687,6,0
0.44741236682345464,0.7586233980089532,4.898598989352912,0.52115771971186,647.7054310579895,0,1,1,0.6758604331027086,0.8271978173922436,1,1
0.5326172664550232,5.960424803842511,3.609862400816797,11.30770320198392,1459.8128767621124,0,0,135,0.9623625600702705,0.7628322527888916,9,0
0.24247050363472966,8.43541214036738,4.387734918245366,1.9215195127671225,591.5929390339188,1,1,116,0.7176432439247835,0.9780808751239733,9,1
0.26924323094938096,0.3714824970764083,4.377028453436098,16.68899914695526,1314.9590792239173,1,1,408,0.2685788181985448,0.4298356523494956,0,1
0.37728416310462265,0.6802455207184808,3.1638604620081034,15.050373211407242,230.4960590848174,1,1,120,0.6323843059729803,0.6802826085281161,7,1
0.02007119777772637,5.81314871153207,3.9296742234293305,9.210183198163575,567.8573793256575,0,1,477,0.927589548910182,0.6143883017933187,6,0
0.3220791655831783,8.231057716783313,4.735757233296621,8.584215590833995,591.3346546183315,0,0,287,0.2052048543040102,0.9431992762480248,5,0
0.21144800699654465,3.4020411275726095,3.6879942986423737,17.946779311375373,172.24356035257222,0,0,311,0.333529770270239,0.30743346273387195,9,0
0.32749735217791465,3.6262211083156775,4.862793768356365,5.769167008362568,266.7320622614569,0,0,93,0.8516492448820931,0.9924192805369658,4,0
0.11976213181925122,6.044195675468405,3.036145573310404,4.980399242135416,370.4312955704794,0,0,6,0.9151256852619862,0.63581402006077,5,0
0.890527280739895,2.8872863134166407,2.685397764435077,18.783948656515243,1272.941827134158,1,1,431,0.7657284966946167,0.7378777530635181,0,1
0.5935924535540487,0.46076198756130454,4.728634682861873,16.184916735069653,188.76278591572895,1,0,87,0.9932481309118566,0.5520367890640008,8,1
0.6791023191444896,7.405239477395642,4.6192029949055415,16.412511861343894,518.181261882142,0,0,181,0.2721727436692555,0.8967686687868492,0,0
0.7891712386073383,6.331369146826241,4.981474689834612,3.9038762855185105,114.24500362497452,0,0,190,0.6365412126692482,0.6933915615828679,3,1
0.4984421989290573,5.8914087907454595,4.198483720281065,2.865919828618688,1073.8788435642346,1,0,456,0.747995778118069,0.7639676553748354,2,1
0.08692028808742369,7.468504464119867,4.841719816667874,0.520590996342698,968.4243260607317,1,1,207,0.7621157762952704,0.7542332956424735,3,0
0.5371065418185478,6.817262208107969,4.567372562710277,4.740830178373601,1002.9751668743985,1,0,385,0.8347876922753461,0.5547874979284128,0,1
0.5868411180208791,2.2176434841475476,4.611065832800217,15.483809834286495,624.1358986004662,0,0,290,0.9341008360795067,0.35319369706463105,9,1
0.74543947418433,3.6543142600448415,3.9228539261356707,4.8007683752829955,391.57494977459663,0,1,353,0.4893131564936917,0.865394358265835,3,1
0.4316595462296794,1.435879388450525,3.455911494791777,14.582065671897524,1108.4482986004468,0,1,277,0.23437071424610867,0.5028011434290223,3,1
0.12758030279556376,1.4725987314952342,4.8363951813582045,5.0381653073484305,1235.5650218369733,0,0,466,0.4899535315847667,0.8942511599343932,2,0
0.28377590579872447,6.8267183142940855,3.580292939039736,7.905849959013434,294.04209733748246,1,1,447,0.7372918107097879,0.7260501061535785,7,0
0.3630822963986351,8.614281048428483,3.8470484181241726,19.663245798228168,781.5611991123899,1,0,314,0.3707648698669148,0.5475927706682346,6,0
0.6459172413316012,9.634779321839162,3.6152857678129693,4.896234625682712,448.2019547704075,0,0,432,0.8479783612469685,0.7159730042815359,8,0
0.5707783046689119,6.357801751984556,3.912045784900493,7.527412545965353,335.3496056885872,1,0,51,0.37581156617826467,0.7518448846530063,1,1
0.35609672589784624,2.0041929689373785,3.676262697480818,6.0217436093042735,1128.0554388929986,0,0,404,0.20805072190413867,0.7946783854310706,9,0
0.9865152487929797,1.235373385399521,2.6199188964486897,2.1924997266000457,853.3357096619718,1,1,395,0.6064646193788634,0.8756366941549498,2,1
0.6057748193568872,8.165939521060226,4.705120465019247,9.797882842616499,402.6594653301349,0,1,266,0.7811692571228961,0.4118284595525893,5,1
0.23722679173599448,5.871813468327994,3.6109845472894246,7.5738132666600455,534.0000156961631,1,1,243,0.47972427242946725,0.9609010693380315,1,1
0.10178247262040374,6.259193205934455,3.9723591212683718,13.897741716145601,1453.3151398588393,1,1,181,0.7991166396294294,0.5875884300992575,1,1
0.15285913918433203,7.8583284697961515,2.8479695068949678,16.351890939030923,1288.1513905919794,1,0,210,0.5507234672968067,0.9023152088634641,9,0
0.24595772838450813,7.092116831778027,2.508469619956598,10.88499428991277,1331.9254400223797,0,1,377,0.33737169384538834,0.4543357167574496,1,0
0.16068137325955567,8.377690877989748,3.113225234109107,0.6439284417467372,744.0169359129912,1,1,197,0.27244671503916396,0.32032028054330036,1,0
0.18656702405130576,0.7508962735068092,4.261465080333376,12.378447124694432,973.3301694892251,0,0,489,0.768469731925878,0.7013408305359955,4,0
0.2850951686938471,7.525702240115748,2.7479863252821963,1.1078146004187839,627.4748362861762,0,0,269,0.5085718300823023,0.5272663953507073,0,0
0.17337359529475482,8.538357021756536,4.77221860096617,12.327126471980499,208.79676596444676,1,1,32,0.9302190143390163,0.9891234034635645,6,1
0.8967654246264252,3.0041234160914807,3.0375564233904617,13.70059898538377,661.4970349194955,0,0,494,0.6322040468591599,0.37311741830076806,0,1
0.08023374566164221,6.4763832851338785,3.0114840357294392,3.9553525523503685,931.5730544900026,0,0,101,0.4787459345765621,0.33311200620246517,0,0
0.5245113895702547,3.278788225602327,2.953769904053739,16.38692297443542,502.001979075384,0,0,332,0.4791927415917785,0.3315124729871933,4,0
0.4103968269896615,9.58811645152805,2.5349542824284117,18.221702631480973,1287.130804618382,0,1,281,0.30515029156211937,0.4518115866566561,6,0
0.9823786169086064,0.5275510098679368,4.429513671195586,16.261739282276395,311.54022284443806,1,1,397,0.6750313228713254,0.7054337814557368,2,1
0.11203890216805235,5.88196986956296,4.687586328113147,6.102183804241643,613.9807252116879,0,1,236,0.6657337083282577,0.6538943615512842,6,0
0.39785559904574164,1.831734761085248,4.035406756540497,11.732860248912688,274.8654674538841,1,0,215,0.8399949535491948,0.545053063383493,8,1
0.9694704332753689,7.179758010736156,2.9704999541996555,18.296302983824553,666.7649875793155,0,1,431,0.3609575699736609,0.3621551751918365,3,1
0.8655071258939803,1.9237247775028885,3.213194992352199,6.413294524456998,155.52582696397863,0,0,320,0.4326317139806619,0.46361596635602315,4,1
0.8170720709492799,2.5067559666039045,3.6898167434124085,16.4005564453085,481.56915308630363,0,1,301,0.2777903752764654,0.4289029453493018,7,1
0.25790282704493983,5.04483394824843,4.885864879058252,0.18950262523393047,661.0293571591571,0,0,126,0.4362737618151254,0.8219667860092339,8,0
0.17088758739006582,9.165382509969405,3.1183784295443573,0.0729340556935254,769.4315085873682,0,0,492,0.5424816926035205,0.8459624681009199,4,0
0.668643219924431,2.2748008470501144,4.329114759799721,15.194233206779348,861.1749018651986,0,1,438,0.971222724763187,0.8439098091432737,4,1
0.9293759891275858,1.6135522069574146,3.5986205582323008,15.228951642542423,484.9875817058865,0,1,93,0.7224528022999308,0.9783283810899039,1,1
0.5567628930139298,7.637972952169501,3.2446183709000547,15.779543757045875,832.2578684608213,0,1,73,0.8262991438233565,0.9189665624338224,8,1
0.5716126894698998,5.106071416872524,3.6397898425552846,18.600536757763248,812.6064701868837,0,1,127,0.46040790817639216,0.6484633230249534,5,1
0.2799790936602842,9.13549410134136,2.6780167938530814,2.3581262364056843,542.6492712266918,1,0,73,0.3156102502464772,0.5904552146364156,4,0
0.7694929331919369,1.6368226601664544,4.496718427325906,4.639699699673767,1262.2804629190696,1,1,475,0.40537595353066386,0.9410379623966232,4,1
0.18704374855752337,6.530093351625786,3.108254819957418,18.074498407476153,863.8975772309911,0,0,451,0.4051741527994569,0.7278576764337026,3,0
0.3236792364042437,2.482215632287788,4.313530307982426,3.544723955447069,565.1776062451629,0,0,461,0.6664922626347418,0.5060790669179167,0,0
0.4254364386164168,1.7362522007860652,2.670870928620487,13.64458535153168,1426.273916913087,0,1,395,0.47317690596402295,0.6951248194006171,5,0
0.507610378684455,6.897608268541251,4.887746390414215,10.609260000816308,1283.1573782996254,1,0,437,0.8859190914666231,0.9945045958872882,0,1
0.24240973241508024,6.018109275105586,2.9825374635142463,1.663873537030145,1475.6229361725211,1,1,255,0.9908356153891984,0.8946290421066536,9,0
0.11483682473920354,7.597309091950847,4.706855190517701,5.705273238830657,1069.127424503589,1,1,447,0.4746387242107588,0.4968958012416791,1,1
0.6106200424416326,3.2327332491725875,4.523683024038586,10.407444328819357,629.5120677084656,0,1,101,0.7640482189496087,0.9670680981420519,6,1
0.28863055324025577,4.590122232545462,4.9196498102035395,17.04700233367668,493.20493335061724,0,0,46,0.7259892655362952,0.987023478035381,0,1
0.5812382214226123,4.173622428038101,3.6947266523643743,14.150769792293474,1028.6449811442735,1,1,164,0.3555699901858252,0.46181687159079066,7,1
0.1543627152742023,9.844076746871838,4.318493234614879,12.43766322909866,1473.1432154934253,0,1,457,0.9344068758565072,0.9269144829509388,7,0
0.4811401018548175,3.064039776046002,3.42677664259446,9.920657798828296,977.4011121453883,0,0,255,0.359554069750721,0.9182419023891824,6,0
0.5325894325515859,3.089208935798316,2.9609205950492345,5.973679676282686,1334.2609173857734,1,1,424,0.789565705335759,0.3278275012638284,6,1
0.05182353682242691,3.6745724465203526,3.607689832333622,2.3848982263852236,560.7448034668761,0,1,282,0.47808771381945,0.7687824351431809,0,0
0.3366042781939206,5.733021996645151,2.914372538471137,8.18152069132191,669.7352954639579,1,0,425,0.49366525360717706,0.5136964991218185,2,0
0.13441467693897424,2.6727628937847037,4.95511155696596,0.5703698782258515,1368.7853354250947,1,1,247,0.5643592423111683,0.772228838544313,8,0
0.06337497047276774,9.169841415716885,2.740616227851791,4.221117785337012,1159.6133827409462,0,0,203,0.8916063824441116,0.9394910859331704,4,0
0.9899602323899452,2.8037185356893826,3.973029308631551,8.649667517453196,1473.9744485150682,1,0,85,0.3122015532089697,0.649145473592663,4,1
0.32235384497472297,8.978994169289908,4.06615963813514,8.372103713438301,1184.6698936251387,0,0,323,0.24365566226780314,0.5900889815520569,6,0
0.8098744458546349,1.2140556237365296,3.8451988571851357,0.885908619939848,727.9219901055244,1,0,412,0.5216326551310251,0.9450718898311921,9,1
0.25464065476376385,6.634314483516594,4.155464714279584,11.781203070505825,843.4952277513083,0,0,163,0.24446807931367048,0.9818804424169727,7,0
0.6815027222239293,9.088458080694789,2.790451937529727,10.993685117064725,1360.7216894483913,0,0,364,0.7500807064459525,0.3435654294556619,5,0
0.7602278598896866,1.8537444963026495,3.887546310513228,1.5620860804182568,872.3054305372671,0,0,56,0.8082600600217706,0.945993648403745,4,1
0.5956387406078443,9.6896042089727,3.2180314278184037,18.863261049208788,457.5563238302233,0,0,205,0.8837699158026071,0.3579379734653222,0,0
0.47157618855015837,4.638256932072015,4.850440158252642,1.9876555790172024,709.8677378779292,1,0,395,0.7950737963868775,0.5361003493685127,9,0
0.41184091414726853,9.46800806272204,4.405179133599314,17.09668302474672,822.842384388765,1,1,428,0.9330811149541434,0.8338018857012286,9,1
0.3488682665429953,6.8328364275744615,4.931286205399356,0.006194638300118793,235.4077669715814,0,1,147,0.7986408981785778,0.8439258873577866,9,0
0.9295291442478258,3.1555513247608054,2.5938901743504736,17.645621900907663,1141.2677439540464,0,1,300,0.9488605119027214,0.8080753234754163,8,1
0.8306194077877291,2.0453647441876432,3.212832937951772,0.39439464408625113,253.09550669696222,0,0,278,0.35448863536749053,0.32737874164274783,5,1
0.9650269106665126,3.1766034530059746,2.9885564665958726,15.15624063784232,666.884798716328,1,0,445,0.5998905062941842,0.3930762336168653,2,1
0.12429722348554473,1.111570610774215,2.527886468279576,7.233816226005059,1226.4714181565664,1,0,469,0.9951444797639271,0.955351548753824,9,0
0.7308674752036443,1.6099060701646317,3.1058143256158033,14.764336002726397,754.5985062586157,0,1,289,0.7452625460341726,0.3570229718771235,6,1
0.9383404568210378,1.2256723153955151,4.196939958801073,8.03490410849957,1278.821727605911,1,1,20,0.902912894391406,0.3549821418811816,3,1
0.18123306616566015,4.3448467286672665,3.0777223053364215,1.4181584466368347,578.6338508785609,0,1,434,0.2243150350662842,0.8849521564305092,2,0
0.0664962673667775,7.996668087324347,3.7725086137065453,15.350133907907281,1440.6908115978097,1,0,136,0.8974063188547499,0.7488860272560203,6,0
0.741120649290059,1.5855588313201339,4.719545287412497,1.4250537064272994,393.25580452732976,0,0,457,0.7581705876576781,0.5461592390916257,5,1
0.5744731131799119,1.4771402450888917,4.234394800872688,18.44240871922436,153.56980298502182,0,1,368,0.3366043471901685,0.41599734095013846,3,1
0.8418287767582721,6.505603705269842,3.48657267476508,1.0194807158332275,1321.397160186586,0,1,9,0.22054476513887727,0.9189192939249704,9,0
0.1397723766262895,2.1323932232870497,3.431172347280271,9.586505555430309,1153.0838023305714,1,0,307,0.4079412625005223,0.9919764303399585,7,0
0.7952673118598902,1.1565783734681179,3.639339535021212,14.460688617015913,424.7773718943219,0,1,44,0.9326186871942161,0.3349802099099804,1,1
0.20162732004774453,1.8351160664146609,2.9426036026497657,7.864929295840755,1478.6382499913434,1,1,435,0.7345063509602292,0.6878793674631412,5,0
0.1636559428657045,9.252567679592406,4.08500191853997,4.344669491848694,803.192180975939,1,0,248,0.9355752834266595,0.4829125094340705,2,0
0.16426579793099294,8.25041827720667,3.4103820477615137,15.181819227920542,1431.491616201829,0,1,29,0.5569206259954076,0.8826707834847929,7,0
0.8145747202313821,3.6698327110799225,4.630913373155109,15.685894095774529,807.040279941799,0,0,447,0.9493016761881929,0.542251164242364,7,1
0.6651972206962001,6.62704351980845,4.391381650144541,18.453899679087343,760.6244214798074,0,0,224,0.5703678523560045,0.8002405024304378,0,0
0.5230654247691193,5.4653016019467735,4.0262829102304,7.523302208621554,728.7939520022511,1,0,385,0.3634037795346676,0.6776663950683939,1,1
0.3588304841235025,6.835817782129127,3.4105055566237903,10.125034689946537,568.8253865861302,1,1,176,0.3211147713475579,0.6790663671164792,3,1
0.8772005408131083,6.890177294135042,3.024829579183711,7.26256885692144,847.1820960471723,1,0,95,0.9950494504280354,0.900599601826295,0,1
0.3924451074226354,6.361593347587932,4.440379660264057,5.141636437027364,733.576526727995,1,0,428,0.46709012917965675,0.6292830981471949,2,0
0.8165994394715771,2.8077934116656245,3.7160227474777163,15.020659230752171,151.4456272729758,1,0,16,0.32804242025407016,0.8919196739011364,3,1
0.4391349085702184,0.5822629234756177,3.0618750954433938,6.793036900339109,464.6093267929035,1,1,27,0.20672674471260175,0.5543987796263028,9,1
0.3769444294249076,4.664554463503067,2.9879365376000155,8.56298883984704,398.37192014778174,1,1,125,0.42845565322369794,0.4223480597250135,2,1
0.46267978566960644,8.931544069968897,2.9135022612533974,8.073473152480556,1314.4098432494932,0,1,300,0.9112929148820312,0.6188341643596306,4,0
0.3013778741641421,5.781073133482044,4.442902990513987,14.253224512934917,938.417968117578,0,0,272,0.6272074565418413,0.6488490469639154,9,0
0.7476093801762511,8.357432208678697,3.072467963250779,18.355912522213597,1169.1563406296184,0,1,498,0.7059480412199639,0.634868238346454,6,1
0.5027203900924792,9.917918561020036,3.8166056588129935,13.335121226147546,1439.5564528489926,1,1,186,0.9379128831124264,0.8658312883154975,7,1
0.2322126951468173,1.8034388005551074,3.628865902432641,9.43165192188465,1001.654981536974,0,1,141,0.6102719344856233,0.6952752590220679,7,0
0.8995745732745685,6.979420863591427,3.94902724807071,15.584102294777669,1475.653987966642,1,1,371,0.8706238766820917,0.9219108502311619,1,1
0.3838912213732114,6.808077022260242,4.692887250927986,12.81942648244275,536.4696723129814,1,0,137,0.45906662246108293,0.6599298464411594,0,1
0.5435528611139886,9.80356338411113,4.669368475204326,1.2122071423562697,360.7740552380514,1,0,481,0.981681490272976,0.457300558017403,5,0
0.9064721109645469,9.858887192737443,3.627690179562149,1.913271728376833,664.633843190076,1,0,461,0.2630510988099619,0.3906470881839268,0,1
0.6242379959139921,6.929450394896469,2.5384156268368083,0.7583388814726666,759.1191809101313,0,0,336,0.7798636204106117,0.9078539746612346,5,0
0.11689804070836407,2.587424961425504,3.566109514285758,9.136326524126396,1353.5061599936191,1,0,228,0.7284530294082356,0.3393209592315482,6,0
0.9398321236134751,8.02584721367987,4.015483843560351,16.517068686779297,883.9166146513469,0,0,213,0.35333720468065355,0.3823267283438336,8,1
0.6277080530714179,1.2488855152681735,3.8944118977451545,6.261663387027041,509.0533991852238,1,1,273,0.5110751990772289,0.34456096324234875,9,1
0.3349056146570861,7.850853180881962,4.128340264500514,7.6832036618496335,1139.6879960145293,0,1,290,0.45026329342160515,0.5966139380272741,9,1
0.13927207266338726,9.119922016618025,2.885189331182709,18.189542167357814,808.1647119946992,1,1,431,0.27559429466599633,0.6728309314755154,0,0
0.794025189270296,3.951767268730666,4.116337746951832,16.738068906333098,326.9847233852382,1,1,57,0.6678304183606729,0.3139123117158205,6,1
0.6200727559285135,6.380225890834189,2.9566290468594305,13.3009622476512,907.5477026277531,0,0,370,0.9949358764521323,0.660910316824123,3,0
0.5334610919763215,4.4153987745488985,4.376309951741872,5.336075641845026,1375.9523515301973,0,0,17,0.6476705128427114,0.5756316299034382,8,0
0.8938925830509576,4.490097538883659,3.3477190331567,2.34082965376887,1279.6716644661483,0,1,179,0.6362079255034896,0.8415516277191286,3,1
0.7885972112245307,3.241634713259577,4.274738583453634,0.3211764536022743,921.5339616894635,1,1,157,0.23225096588363867,0.8809696352223562,1,1
0.15167487973275118,7.668870280413182,2.6196639972652678,2.1402134520884175,627.9164434389834,1,0,255,0.31137617869095235,0.7794772054703437,0,0
0.31172206779554823,9.374530328831751,3.5196500639772834,5.851928872478855,221.7702514898956,1,1,36,0.6105752712818089,0.6314468747216366,6,0
0.24848913981446574,9.41935842049772,4.262586305658331,11.035801271589914,757.5084926642733,0,1,295,0.9881428513472572,0.45130401652939167,6,1
0.743946292572677,1.9128565917743516,3.067176290828735,1.2800016550477378,1152.9112125414108,0,1,261,0.9012861883694872,0.8929804071117919,2,1
0.03353243473577938,8.772487766634347,4.488217611993056,2.72455556636898,604.3832076262148,0,0,78,0.472167297098534,0.5391683980310917,4,0
0.5698896848713165,7.426828125985797,4.07694933276233,3.621614046158821,429.6255557723302,1,0,418,0.634403403382502,0.5494043210364644,9,1
0.7624586857406905,2.677806526764835,3.968904430374496,12.639641859666124,1403.931606979335,1,0,153,0.6421617778033093,0.9412080830309313,6,1
0.8767656367617495,0.8593892066308426,3.3838721355108428,12.315795979602488,1250.1779806411894,0,1,360,0.7482884902097466,0.982918078918539,7,1
0.34208174871590746,2.8263732154669046,3.706128675952794,11.015314527443058,993.5858671882025,1,0,346,0.7502256329913108,0.9286916694691529,8,1
0.8212573046720129,9.139640720458951,3.993373252444633,5.010028493918792,291.4966814887272,1,1,157,0.8318339907087791,0.9987643064927567,9,1
0.11063173695520723,6.4051510139785695,3.681155284787226,7.42239382437464,302.87237656864227,1,1,74,0.21997681987174592,0.9082361907310341,9,0
0.8464522917345182,7.2663356767991445,4.245783309851401,1.9337943267548607,244.50742803809055,0,0,371,0.9549441525099567,0.7930502623340572,0,1
0.12748866233198242,2.7200930408691395,3.584242332767399,4.529212075161098,962.8153336498405,0,0,407,0.2560496367913973,0.5056735797000309,8,0
0.39728729056036727,7.25000392463324,3.005682954355076,17.95410452945161,261.78791506267044,0,0,377,0.580928089181552,0.9670699342299134,5,0
0.7972953657795536,0.47559076152365287,3.034834457002618,19.593834928716568,1279.6780784076864,1,0,54,0.9356634210872341,0.9136387821296275,5,1
0.14991742734877378,3.8781491885755357,2.514509422107353,12.953191712805893,1490.151002547051,0,0,205,0.5901350633848639,0.4685227546909572,6,0
0.22925139523264149,6.342182815714847,3.252394288896681,18.336465840468403,612.8874585921313,0,0,214,0.2509094673864935,0.6424137312692788,8,0
0.7222525683930663,1.6317463423049383,4.3722941011962995,12.854838008028501,735.1377857539364,1,0,8,0.3833920158495514,0.34903896243788507,6,1
0.7200365365460744,8.26543502957996,4.485406772094024,0.6639297221093976,1096.3340477799502,1,1,105,0.6629334042947381,0.967316204287052,6,1
0.6411476328852973,2.503306728356803,3.006168855239375,19.93525169972818,1412.0142088560722,1,0,317,0.27028929431917526,0.700937829405019,2,1
0.6939484444671,6.592354905620774,4.89760999217852,1.979046033730698,1351.7312829789391,1,1,366,0.5389423448138372,0.47164038214971576,9,1
0.5427244433475962,4.170931997238231,3.756006983700317,13.652836028901215,180.62856024978802,0,0,401,0.46327461295312394,0.504679519536713,8,0
0.25179905890695276,6.041227235680943,4.792446872546257,5.056724061495801,336.700523579471,1,1,244,0.8521661022593916,0.9864594608409016,3,1
0.34569599350391944,1.2530154157632996,4.266913204654077,7.839622258139203,1156.4360779809092,1,1,306,0.2881055506683594,0.7309300042629383,5,1
0.18159771680142567,0.3657454392317518,4.306083557556033,12.918683696018764,1064.4503512454262,1,0,102,0.746238760127029,0.5944781868744826,6,1
0.9084505613336283,9.113731388326952,2.7126090532651776,8.72974698615414,286.5060316561726,1,0,274,0.5252712567007274,0.6498918232498767,8,1
0.5833917947661205,2.842374085918392,3.0499778172423264,5.010921178622565,802.8904148021948,1,0,324,0.6702005443778629,0.36898505066414033,9,1
0.4008514167636399,8.232834627248499,2.5220370832361816,6.688923737566494,1193.140483519414,1,1,372,0.3644254175364358,0.35251593205101317,2,1
0.4620058036441327,9.993632944627562,4.290319101191844,6.830962338463527,406.2929551677711,0,0,337,0.6877629478093004,0.7148954203102693,1,0
0.9472833396118153,2.27202632838933,3.361095721071275,19.186478090164275,1319.8026900285329,0,0,378,0.7391821819328903,0.6584028255082215,1,1
0.1533514031160802,2.798673263596885,4.4666312901908665,15.97226031846902,174.16048474851516,0,1,32,0.2561852517288623,0.5514072339124088,1,0
0.5862298320167972,6.696025918819724,3.3473405498425657,9.170975429588001,1195.0731190953034,0,1,107,0.8594754140663496,0.6962797667579552,8,1
0.505888678884466,9.661396619086089,4.548334380747153,3.9964184068272823,962.1464597058183,1,1,421,0.8890032903105931,0.3508731646060206,7,1
0.6114542354346478,9.174980612269291,2.8267456343707824,16.22032220525312,541.2790853160888,1,1,268,0.2508432445462358,0.9607938200020825,8,1
0.01811018382084051,5.128180096642732,2.9334328918937707,3.14364943216747,1109.3055676786757,1,1,432,0.6825499904778286,0.5055981814489553,8,0
0.8721239089441515,7.992080768761903,3.352191348959841,4.209244342840068,1195.3121132116235,0,1,72,0.6752091975777816,0.3502451534703992,0,0
0.9321182824836124,1.5303093603790305,3.521218472205683,7.320267836803023,1407.458559825557,1,1,345,0.20996672949475467,0.4186529908018728,9,1
0.5651331835892089,9.77889420519932,3.3717570271074457,17.606963917039803,614.884541015969,1,1,180,0.4738771311647611,0.36683174013776176,9,1
0.6966508238768923,9.650661693552667,4.40911758130805,2.635733372682205,1060.4234303719368,1,0,384,0.9751406261709981,0.42502315305177685,8,1
0.9224993811772957,1.8045437872158756,2.742378481566787,2.4446838570905216,943.6627877085673,1,0,267,0.6443606018149943,0.5917278383786283,0,1
0.7072386343133986,3.1343466230704453,3.3780425490962203,9.879499766105319,835.2884972399239,0,1,151,0.946569442193204,0.8166356257548646,4,1
0.15253904291426135,1.181518975566316,4.593099998788649,5.528210821873493,1346.583063817053,1,1,384,0.7405157087019072,0.49064384321852783,3,1
0.5762883601668132,2.8628324692021616,2.66699269315543,11.374558832963197,104.43423979376045,1,1,67,0.22271241457862115,0.6051486353591506,7,1
0.6067150463828559,8.196366736269026,4.855858769178393,9.03273369366447,494.9562485450367,1,1,390,0.2621705584387137,0.9501301015217654,4,1
0.424130671302386,3.9074929502195435,4.965792105680032,8.699182127024336,853.5881353627622,0,1,371,0.7777431642939383,0.5070752175281827,8,1
0.7364442356247228,1.0662902780382322,2.7214204345627,2.2394594097398657,349.6105662911733,1,0,347,0.6436542322952155,0.8563038272852967,0,1
0.9343670147690148,3.553810142833265,3.2281813056393425,2.820993804996803,1371.0131472258615,1,1,484,0.30172133167990056,0.4104718107376565,7,1
0.9255685129067763,9.817556675564544,3.4310016650883903,16.421571548937003,1006.6331646582215,1,1,499,0.691250142682893,0.4248252223800733,5,1
0.4508393714041321,6.3708992335401895,4.440978421631815,17.71765475143489,769.0361924847858,1,0,196,0.8482298884545569,0.6193070114333858,0,1
0.11323804584075525,4.278377274780347,3.9898170302918343,4.693670657705004,1240.5824626933163,1,1,294,0.8023859441060897,0.4638715753264704,1,0
0.9848411989623346,1.832077432273246,4.110914251231419,2.269210030495381,731.2406680511453,1,1,31,0.3969299680256536,0.932119651655982,3,1
0.8388980864459341,9.86453261338021,4.393774557046265,1.0683334386902121,882.1142167020133,1,0,432,0.4065559733248352,0.33552660378643445,4,0
0.12466268120326685,8.244320290778662,2.794947498592564,12.165952274837936,103.8513937754894,0,1,414,0.974270244081691,0.7180907963006877,0,0
0.9208418826173723,2.9584775640190104,4.583023642275656,14.30706425000411,611.980742273103,0,1,107,0.9099238417221731,0.7229605773046639,9,1
0.8698963620621283,0.8866732180676566,4.26404951045036,7.45619978406411,294.3066612913576,1,1,78,0.45466985154469763,0.3462181492636134,6,1
0.5188380571260721,0.7549304623000688,3.943354312990926,13.593517349812792,1065.5641529272075,1,0,258,0.8592435917352068,0.8127949504096239,3,1
0.5912754357449292,1.3797058651542315,4.724338336957642,14.259176311190522,770.6377425660273,0,1,496,0.32939082378603635,0.6282282811585371,0,1
0.39900270387013026,5.891532119421332,4.2507658847095176,18.706845627938108,522.460580150323,0,1,365,0.3574728810612515,0.806151361446366,5,0
0.05476163882203133,9.301881527813824,3.0042499065775634,1.297472756702145,754.9652751204394,0,0,174,0.3449568430762763,0.8788474901545489,8,0
0.3351972416459009,5.0680855944586485,3.574363452689167,3.845834464621596,393.48184313188466,0,0,366,0.27017662001081216,0.5260295463934856,8,0
0.8028534485980114,8.460865728070733,3.7351071673393332,1.3705197519397627,1395.1212854805967,1,1,14,0.8837424929290842,0.6391401180548413,3,1
0.004632023004602859,4.5696888746261175,2.638044066876014,17.35987866672221,175.5616855712782,1,1,50,0.6630455185636603,0.48253254583760796,6,1
0.3334991716911442,7.144118748524688,4.886593783400139,15.851743200671372,1311.5838494145685,1,1,106,0.4071648739951509,0.4410594244656345,9,1
0.3981686935909433,7.372352825407709,2.821443151992196,11.49284141243678,815.9023042266913,1,1,209,0.8789240261820754,0.3004163306298602,0,1
0.5373956029379229,1.9048443178527188,4.2436531680668175,1.6732682010236632,966.5250945943442,1,1,468,0.8421174075142563,0.9745420584558862,9,1
0.9198556164127605,3.7399173779629558,3.7655775902272004,5.466247173074392,523.6478692721853,0,1,201,0.2807612145022045,0.6086499285307537,8,1
0.34634599436596125,6.445561134072635,2.5640806247110564,5.954396961170339,1453.3766635120498,0,1,276,0.7153114989879776,0.3091488411412118,0,0
0.3469532018962277,0.8928267602067887,4.811868689660904,11.214863920308343,494.5913419272858,0,0,217,0.7774668812206165,0.3062570042976337,8,1
0.7375012481097484,3.743093840076975,4.629592022047333,5.16087788073431,924.4291959964261,0,0,40,0.7726618695887713,0.5018467979858365,5,1
0.45221794088980716,5.441034769555687,3.810644819759589,1.4591972782590967,1490.7833871499804,0,1,375,0.7785141662831501,0.30975637509708287,9,0
0.22460482293998196,9.963000031837458,3.072355840348613,14.615246037065987,1333.532154936824,1,0,258,0.3355662285192299,0.5621602323609838,6,0
0.4524395161326934,4.850428913699919,2.8040572267002357,5.981604233108227,850.8617554005485,0,1,384,0.4520691634150155,0.34405695100726347,3,1
0.14085702037979986,8.19735621972037,3.4084811985803167,9.047483540466013,1486.5243321540968,0,1,404,0.87534280680357,0.3274761138052168,8,0
0.1763869865062233,4.434259393652854,3.138570702615226,2.553332699646107,1081.9178064256605,1,1,202,0.9187134001820396,0.7685669758521849,5,0
0.49836777273947974,8.004629081673148,3.766728002515747,16.050966067891594,392.1805825985331,1,1,335,0.42335110925189623,0.9347889026100191,5,1
0.4189254495045479,6.035065055877063,4.916023240308572,11.310637538481153,667.834694610129,1,0,98,0.21841561294220196,0.5865706083115955,9,1
0.9148459010681,8.888635326723504,3.9373837330741033,18.031712524197257,568.2906676161714,1,1,148,0.8878135577328865,0.8857393011931527,5,1
0.3623938991166331,4.227237013031077,4.724827639725245,9.909431261306667,581.6191915796649,1,1,104,0.501673470260066,0.32048582279502297,3,1
0.5805883502780435,6.122183314250494,4.1271970937394435,18.828513436357596,1164.6390151038129,0,1,202,0.46357084476794913,0.8443830391791276,6,0
0.6322642879195304,6.374183070064509,3.688116316468001,17.83736408762652,917.968098181911,1,1,94,0.47759974375090053,0.3439599946260236,1,1
0.013094456588333636,4.290352829644639,4.6365189068334285,11.529197129184679,153.32979622533995,1,0,176,0.5325571391741133,0.8869075962381461,1,0
0.6635373720167106,1.614258028137319,3.6784202754324937,18.677868762997267,1328.4278771113666,0,1,64,0.5026132973239369,0.9176564414104447,5,1
0.17803596686975143,1.1168821877408885,4.671570426275903,6.461774945891046,515.5145966722304,0,0,40,0.6531447193068483,0.85018168966762,8,0
0.9610703174694551,0.3633811958764044,3.2289419239394133,7.3128432540842265,1495.904827678401,1,0,223,0.26315222279855216,0.8745243170879022,2,1
0.14866272775311296,8.760635789603104,2.8220326844074703,0.9095590261207387,1435.8670224687,1,1,66,0.9772321554468122,0.6930391964326232,6,0
0.41462412372702373,2.5174541399392067,4.638286160907346,11.784018135277062,1416.7430033547512,0,1,379,0.949160827577729,0.48541945980785633,8,1
0.08534966807864386,2.272766142961327,3.968537909481667,14.438479398578668,1235.578645689563,1,1,254,0.9475253172923994,0.7502617018626766,8,0
0.9968742518459474,7.413146924175443,4.722730995622401,15.470383804842063,408.8586643569596,1,0,479,0.9034220992655309,0.607679154353453,2,1
0.5021950103312426,3.3361579082564394,4.844568017480958,2.996325720922066,845.6858416402948,1,0,297,0.7282610417453839,0.30373559264333216,0,1
0.5953850173200438,5.159237985635999,2.6340709759286227,8.883181446250006,414.0236775549644,1,1,68,0.3768868501987459,0.6337779945043844,1,1
0.06707647738842748,1.7926084399150717,3.7524232546471707,3.537264241878313,463.5456378245289,1,1,440,0.23958678971709785,0.7558315471853818,7,0
0.7499604703991778,9.605508070327298,3.437411372686323,13.242546977084977,955.3324772107883,0,0,170,0.2794568518254133,0.30971856178392454,6,0
0.20990559309558576,8.545497720168926,4.064645992675293,3.1589274484353624,157.16696349428872,0,1,100,0.4591940003724845,0.7349522352757103,0,0
0.8980542894407137,8.665138305057033,4.483977993005809,18.083273679121497,1457.2419935489906,1,0,139,0.6031064203966283,0.7567723343517994,2,1
0.20513964048200717,4.186382736005651,3.2014755399359225,4.612692913228267,1386.1424416091502,1,0,205,0.9946024569478353,0.4106753047672277,7,0
0.19068772066366657,7.671139894330294,3.8919959609329293,5.828045325764897,633.0746010208078,0,0,319,0.5483547934356794,0.6017519296095566,6,0
0.03654966784809488,1.6099863228198457,4.271821449762249,17.018126443019995,821.5914272096783,0,0,363,0.6197168723931015,0.9750328206223928,4,0
0.47206694510999925,0.28446622539944677,2.836077707089335,9.169352202914476,752.5671869748626,0,1,306,0.7561257977504645,0.9189324594598476,2,1
0.5648411332626164,0.3957347392646756,4.535167264878167,0.4799189160014605,1335.0796900644577,1,1,72,0.344587176358237,0.5875749960007769,6,1
0.06570863942835237,5.948697026564693,4.0152739996324325,9.891725024052915,1064.0426268425554,0,0,59,0.9462616012498046,0.5448923876169088,4,0
0.7755276166950106,4.66287007142982,4.873843592784129,1.6908667076024608,489.355746394099,1,1,454,0.6232276846741873,0.3868564766837992,0,1
0.4532888347480276,5.276550419303494,3.3488222978267332,19.706894373746213,725.5777562514156,1,0,335,0.4210050764814149,0.32463235917811184,4,1
0.52439026932758,0.2731387760887502,2.7703648558429967,11.762231409112047,700.5523659614693,1,1,155,0.9480871890710725,0.508223944209455,2,1
0.44076274693822814,4.3423288726427725,3.7662530025923133,5.130652352219569,1443.069235597486,1,0,123,0.7003604948471602,0.9581983429575669,1,0
0.400763060875326,7.237067979768437,2.714526929273597,11.274353590952355,345.4352747204955,1,1,454,0.5869517849993684,0.9710294159335671,2,1
0.5596403313082179,4.538398279280872,4.923816308310017,1.5373420676350968,225.40687221220065,0,1,13,0.6641247279686193,0.8687635384033934,9,1
0.1552402459307125,7.375748221859779,2.596712395642979,15.99782608537634,1332.8663650263663,0,0,415,0.7986417751241814,0.5455773694639017,3,0
0.18192813049527112,2.4835858510889812,4.38375975276827,18.506561077283273,1355.3603853082193,0,1,263,0.3236304029543627,0.40053850301747784,0,0
0.8617856210135173,8.16879164392091,3.81275599535561,17.48888776412319,1320.4347230770306,0,0,26,0.8918643445625802,0.7168734329239754,3,0
0.9461154621336327,5.966626156443833,3.4215516312457215,6.835152045971256,815.3676818757789,1,1,244,0.9676054482385703,0.7525535050443269,8,1
0.37330931627975295,2.2654783744130813,2.6646054112716366,6.51536239286737,1023.6421995772446,0,0,49,0.6535997214000596,0.5972014984719228,0,0
0.27074467314355377,2.519860663367563,4.055417310434019,0.7017522243259999,888.7082665853774,0,1,186,0.7458166774380786,0.7841527568910481,6,1
0.6439995432390158,6.354698552781463,3.963050823477388,13.028007174018335,197.2269564761613,0,1,56,0.8878667846769928,0.8226773199562147,7,1
0.4087341710980964,8.333408013481945,3.2022081826689996,10.698095683795898,934.1688556610114,0,0,258,0.49984850513320045,0.8481431645023461,8,0
0.02538635566034486,4.273152263885721,4.7755542535257804,9.186927426546827,119.05980615854124,0,0,154,0.9942654359059186,0.651608677950255,6,0
0.15615259736619036,2.7313442054504042,3.2602750183570923,18.15261906669414,554.9823733799205,0,1,477,0.7444010954455182,0.8541485442918133,8,1
0.7159722288473975,8.696713747723884,3.6243135264802655,3.357578021656926,1405.2096062224339,1,1,33,0.5391989586863857,0.31783349838861974,9,1
0.6589239419101514,6.7588292591581824,3.859406139796639,0.1933253338036467,525.6633774901306,1,0,25,0.7418703800013018,0.7762830567172088,2,0
0.02709599250348349,4.59123777537415,2.7505796954407153,1.4663290424153086,1415.757299701947,0,0,249,0.6173440260107492,0.46494376993533587,0,0
0.22197216193294944,4.981421913737159,4.830404298034081,4.467428756547378,450.18754000894194,1,0,484,0.2893132572306922,0.48936420418135723,1,1
0.2310747965880714,2.201713385776685,3.4363403811276028,0.665710985269139,540.3871366461454,1,0,423,0.8366922438154549,0.3639111946247126,9,0
0.6718927435987284,6.3426657746354715,2.701948034685859,10.05687421286271,979.7704950139749,1,1,370,0.6515004642023456,0.43467458451522545,0,1
0.019710537754364155,3.715676603320309,3.4682279341883246,6.281809104671561,1166.2777619050128,1,1,85,0.836676446299111,0.994405763101402,1,0
0.10410858198457384,9.957322731408622,4.000506367731452,3.6096601613626533,801.9428752068377,1,1,159,0.3239295522939727,0.5907730913944327,8,0
0.7999160853731894,4.905798449566501,3.784131679553324,15.001681498973243,1334.9619620718177,0,1,424,0.6306857254406206,0.9494357790820798,4,1
0.1785446620543336,4.96167894065821,4.2363549350931855,4.089026524650601,156.33659025486696,1,1,385,0.8132994177703303,0.41402966973495864,3,1
0.6527461078518747,5.745347516624585,2.6387098551697767,13.752102019875865,1391.0727740881189,1,1,366,0.9906436540726387,0.44284118946896367,1,1
0.23818278104672652,9.184208830563717,3.2113515256801404,6.985298116952778,374.83091985357123,0,0,199,0.9075178211082069,0.6904693476705499,2,0
0.09944139275934516,8.048017378625554,4.548076442100255,10.23655521325109,1337.9342431185182,1,1,105,0.8914797016485114,0.5446727786153577,8,0
0.24317219099945409,4.621074684018846,2.699734219478402,18.677340797026396,661.2084512809328,1,0,390,0.39796811051711845,0.7507406460023572,2,0
0.7222669318556592,7.243252806533401,4.638714886739894,0.7470326963162566,1265.8598782194526,0,0,274,0.870387681367238,0.5954326030043012,7,0
0.8556964681062857,5.9451078880514645,2.729740230192766,10.005290149549237,1040.3317697251732,1,0,288,0.33542502203437047,0.8681180662258234,0,1
0.8302198645669916,5.02519707727224,4.586135537229241,17.088459206552365,346.31828546956694,0,0,257,0.3584861316387469,0.6020913498197586,4,1
0.3971835296184548,2.0846945732866353,3.4019710026968166,11.75948496740697,1385.2665978340278,1,1,450,0.28809339499477765,0.7006444277067847,1,1
0.6680851365706462,4.746575381857932,4.03052265814304,5.537410339303133,443.7243466838435,1,0,219,0.8860772245710298,0.5247512400166101,3,1
0.20498429541582097,2.6090221528212316,2.8822177891199954,7.953622702900686,441.7961661729987,0,0,461,0.286603597161055,0.7928286912070578,1,0
0.29314773026101326,9.165453068546215,2.665421804312952,13.60531257457149,1239.8504552923328,1,1,14,0.31048918379600804,0.7583139462759998,2,0
0.8963358185211198,3.4869867722642005,3.0398455100503377,17.81623788627606,248.22255780152943,0,0,20,0.39670972006590866,0.5779007229418404,4,1
0.013001923510736035,9.532187342427049,2.819634544771739,0.8213274749322319,410.8502689186445,1,0,333,0.6581299272965129,0.49322247195341756,1,0
0.08550853085446808,5.42394184292817,3.2810147441990796,1.4307764378075283,805.1486027894873,1,1,58,0.9041441482403225,0.7298730623742093,8,0
0.20788625514602732,6.389134911026372,3.78595811627755,6.501030472191751,1262.667840161274,1,0,359,0.5345825242044545,0.9602061544477054,7,0
0.026532203873819715,5.520816355995413,3.971898658912524,4.65559368874958,306.47756463217445,1,1,81,0.6370287593534282,0.3928501168186211,4,1
0.18143543508979731,1.4679300462736689,4.474670268449357,5.29861772444812,866.7355283172849,0,1,117,0.33319151996580243,0.8593816328418922,0,0
0.5830415609696922,3.883047946277822,4.140599733120896,4.425399972517619,1095.7368285241155,1,1,112,0.41275668471823335,0.6800942409656634,4,1
0.42142455059249795,1.1716319003207145,4.021895812823883,3.9165009771031545,1304.8333146023317,1,1,294,0.30714060998862,0.6678917866217013,3,1
0.8926717110769748,6.3049496329971415,3.5294550687144364,2.6124793373858357,1409.7917842831075,0,1,275,0.5279350758936718,0.9731789033031855,8,1
0.8174435617384409,4.579367112964302,3.6845210874003467,18.67908263590476,1198.4958802565054,0,0,256,0.6722685269425539,0.7241123582979897,1,1
0.34181735169787597,7.824252721395181,3.5363020734754524,2.883789278123061,1013.9597575108027,0,1,328,0.42721562402676333,0.8813624794239625,6,0
0.2594234334312925,2.360610713793825,4.6054150751534575,4.088075495310724,707.0681194378722,1,1,264,0.876796684459834,0.6601340742129875,1,1
0.3796924081672669,1.8127473726074823,3.0750011313709997,4.9253144796157144,256.95421586378745,0,1,234,0.9849906808053075,0.4748973570785625,2,0
0.5902949425148077,4.1820558634449245,2.5143023288549116,18.660297462608412,1093.63206953573,0,1,50,0.2961238818516648,0.7861431900206767,2,1
0.26806364082287626,9.280536755540135,4.1282997430655985,15.114282672021695,1489.8322262656816,0,1,165,0.21428804481225933,0.9462238331108026,9,0
0.624148907849134,7.162133787121636,3.0061554590970783,15.793988606310293,1131.4648326249398,0,0,230,0.831821525915827,0.8888610669270529,7,0
0.4094116521912404,4.305451522970603,4.725287840774524,2.095165190769961,123.3955312328168,1,0,220,0.3525141422426759,0.4388545243680592,1,1
0.5520471808519802,5.269267263592244,4.647615824266641,16.726197500313432,794.7639692585742,1,1,270,0.4825172741286872,0.5218223833435052,0,1
0.4361265291353167,1.0252875095355638,2.691818429820515,8.16386163634836,960.5052854760654,1,0,83,0.5153849746206483,0.6618164717815743,5,1
0.29446575954191767,9.848843784485908,2.7659710135351934,5.256460524247775,1065.5438815439802,0,1,229,0.9332795111207557,0.7001223066652456,5,0
0.9484533069621567,6.7307915860102066,3.737928980616666,11.51500167040621,1107.616169840992,0,1,296,0.7270705726129296,0.43566988012096974,0,1
0.7636057941597608,2.9969598709415406,4.023056656923387,16.443658116334678,881.3518177031336,0,1,221,0.2324875922423126,0.4610086380106152,4,1
0.14011317576645255,5.940922263309395,3.187270843705602,15.573043021498187,412.70446582793636,1,0,430,0.2118481925713237,0.8311817483248054,8,0
0.8684679758979128,1.272927187476141,4.291994291748427,17.79994965162264,1419.0809260671654,0,1,153,0.3596544780242241,0.8112221917004596,9,1
0.48743119824951364,9.66519935431432,3.987290052297179,18.562643720308877,1075.3330547291266,0,1,53,0.45453755269816914,0.8874461702402237,9,0
0.8945522268940914,1.9128928812569863,3.3120602743713867,4.762441428554991,431.5760516171733,1,0,118,0.5876190672692791,0.9530508650961618,4,1
0.7998552559473152,6.550697116941099,2.563428720105789,8.477157883385434,551.250565178382,1,1,197,0.8702715298470844,0.5157827832318842,6,1
0.42521350446923345,2.605453732881519,4.375375703246294,0.29257078410140025,1390.6987388825175,1,0,422,0.4518542048278076,0.9017164695994055,5,1
0.022469308320117398,7.232101549955651,3.0368841645627067,17.5864331853012,1342.47926139027,1,0,272,0.5012297754173243,0.7662082538933304,9,0
0.2686773593849461,7.812849398954755,4.5861843586565705,3.091443029495351,667.2050137013255,1,1,197,0.46347034400772613,0.9704392967242597,3,1
0.5416342146608669,6.79951334333204,3.5507256501356377,17.229496246853884,153.63011078803137,0,0,127,0.2071722688263245,0.4904519092163911,1,0
0.6334782198261473,6.222094710500888,3.9426936065794136,6.587746439731927,167.89631645151346,0,1,91,0.9641612312944958,0.4887700511476679,9,0
0.2578876854332023,8.946197120729714,4.682371826022505,7.362671799622764,497.48560728574466,0,0,8,0.31119670730917903,0.7930054140849087,4,0
0.13935607407282413,0.9705417676996289,4.659057502299883,0.7826450896771875,980.7711070745993,1,0,474,0.4301339825625976,0.9498875418267934,9,0
0.8349302367992991,3.442964704645913,3.428798938108933,6.537575795306392,917.8724894683866,1,0,226,0.30344264167715346,0.8771890773505042,8,1
0.9844021807035521,2.6332173003822907,3.022222231787108,17.76727365602528,987.3589017215198,1,1,45,0.5924345249253782,0.8089276904553493,2,1
0.5256901823026858,9.88253682824113,4.437865194321486,0.5109480224320828,1104.1961607049493,1,0,133,0.9457328919539993,0.5711164386401717,2,0
0.1716792858483035,4.0160198407353604,3.5827005090053277,8.126549460934507,126.64515502983377,0,1,451,0.28056057410038904,0.8024371342913816,6,0
0.27230732651936895,7.379604452555908,2.98010498389751,0.6279925962548227,247.11983324142003,0,1,15,0.5527175388707969,0.8607669035015701,9,0
0.018390676547466733,6.910306606033846,4.761063355792876,7.418468502181299,603.2768325580977,0,1,214,0.21789987661726276,0.827299975853423,1,0
0.914298806560499,2.278396127278302,2.9952604856027185,3.4528128156058235,316.8039965302145,0,0,111,0.8167185771089185,0.7737675588002861,7,1
0.11775108289014113,2.542177266073203,2.5645179204780777,5.044367865367441,205.44805956237582,0,0,342,0.71298091484354,0.3329918761834921,6,0
0.5765164755142536,2.9565887228197347,2.55069993441855,17.55196746322838,997.3501543962647,0,1,156,0.7597589309657202,0.761800453180366,7,1
0.274055220687206,4.229047326941917,4.0557883911356605,8.72098441243782,1241.4710684875388,0,1,424,0.5778690887165863,0.6348062588380372,9,0
0.5541780025157934,2.496385643375163,4.154187651793826,5.475959828038244,1153.6773204079955,0,1,451,0.9261064236451246,0.9730984900847799,5,1
0.6514203883518642,0.3925845309191085,3.27760426264246,11.786767559010956,1243.8556900528508,1,1,317,0.5276459606980877,0.7250329183639497,4,1
0.8297418037072016,8.818051956710516,3.3000274731176584,2.8421391966516474,1032.199161681028,0,1,359,0.6112680598296616,0.7257590793647095,3,1
0.2064212717606032,9.662976347532664,3.3487347876498568,5.187832148417117,1129.483450539883,0,1,375,0.7562313778165035,0.9958386311588248,7,0
0.010995828658480478,3.547389792909366,4.200396366897197,10.92495935205777,480.49028389162186,1,0,423,0.6164485128763679,0.3655114528466338,1,0
0.13688563006880727,3.5173674183696346,2.6453344775670713,4.750460836961377,1490.2112507978302,1,1,445,0.35146851833306236,0.493421399570247,5,0
0.9000186418481051,0.26949976518883567,4.822790881728315,13.582554748017465,356.43191629144195,0,1,407,0.4536564944359296,0.7592556072783179,9,1
0.8738900775625152,6.866456745637667,3.056302610443616,9.829826045190451,400.2914241451355,0,1,389,0.27383557451104423,0.5206653792240622,5,1
0.5974131021703083,8.289310978336562,4.999183013105231,15.439781405093818,504.4905645421856,1,1,295,0.5460907977738383,0.5423051035503853,4,1
0.6005168604336534,1.636761343528031,2.9288067344679676,18.96489071444937,1465.4654021492104,1,0,197,0.6875136744690624,0.9248514578579758,1,1
0.6650366745462555,1.7647302237980773,4.428866143280944,2.3160977869481547,1483.6040250954684,1,0,57,0.29482395541531253,0.7055477335278575,4,0
0.1753712786234496,7.942815849720091,3.0585313623240626,6.693300199690897,1212.8512495890966,0,1,397,0.7044696971761033,0.3720059079629082,2,0
0.9144119459249598,6.239649333870618,2.702117004108135,6.390981257568131,980.6806379834873,1,1,77,0.9142977118016875,0.5176038100128353,6,1
0.4187705248920731,0.6396334647516267,4.687333310876622,3.023658386745085,828.0876052584588,0,1,241,0.4701789863884157,0.3532408635495926,6,1
0.38313852824949746,6.300960506530361,4.64687814797723,16.206062746669417,1458.869183961584,1,0,428,0.3776264769750559,0.6892909534130016,7,1
0.5189177052828375,3.227393683868908,3.5089259811240034,15.1975740807758,1073.8719240015466,0,0,366,0.9144048510735225,0.42128773746319276,9,1
0.046965966775055046,3.813506523614291,4.255990356351067,9.68850941668798,1422.6221796564423,1,0,98,0.7535561887180389,0.8999806050175743,8,0
0.1662833687560794,7.743367899309426,3.892664831709793,10.755415555892192,543.1711192686735,0,1,5,0.2843158944452431,0.7041198185195499,0,0
0.7380336164263704,8.147164888191584,4.632390284184372,1.190882760049925,567.284709177392,1,0,278,0.526489561649386,0.34156294935176623,3,1
0.08279866792512647,4.123494943030341,3.287639923296636,11.110147046540913,1296.6144317658097,1,1,317,0.739271679803639,0.5106129645370232,5,1
0.6031521094663882,9.482098772862276,3.809180999997463,15.82683048039273,309.7968888194121,0,1,211,0.6595070999803638,0.7314363670652888,6,0
0.24534910968132095,4.183334635930308,3.713430928011376,11.476551471677144,1424.299005814506,0,1,272,0.6948376954798985,0.5348488227356798,4,0
0.38929561404197655,7.763993145255077,3.384764565642147,5.306127402408379,810.4640965287705,0,1,83,0.6537081391791408,0.659223668015769,5,0
0.28869373677069987,4.9419971927297395,4.7286376613909304,13.350965446686745,1396.9794300171768,1,1,111,0.8384490922439123,0.936553606277915,0,1
0.35567271646494913,8.995816799916424,2.9146948116563385,7.229768599304953,571.5099042161382,1,0,197,0.4563415654375829,0.5450251793543948,4,0
0.7190459051842455,9.09606018777175,2.8737715988017403,10.897465685714705,1102.342465795156,1,0,359,0.7667698783194905,0.5351110037288516,1,1
0.297121715623175,1.0566847171366218,3.9422738383068783,9.751307265578495,776.0251707617656,1,0,380,0.9928635539954274,0.8738297889188891,1,1
0.5664046402968972,9.377634646840212,4.143735574962355,7.623500019303602,977.5250823436622,1,1,27,0.5119670862249444,0.5231295660417389,0,1
0.47605040219909966,8.290241446900074,2.9865481358114128,14.377559607882702,806.1214903948131,0,0,140,0.8328386516438344,0.35457084089827456,9,0
0.6636711653626481,7.954845000264136,3.4767936056365603,17.677522239717636,1453.961864319906,0,1,412,0.3968873897089369,0.4266614679662464,8,1
0.936829739324758,2.16893112891812,4.86640960744686,0.10425036953849887,1068.947556939484,1,1,172,0.4255173698272395,0.9641601755574107,3,1
0.7325720972102503,8.090168245795716,3.1165435567266853,18.672330384607346,451.8465560768416,1,1,19,0.9478910993468346,0.9533049548044048,3,1
0.21494037859075676,8.53130079991336,4.170901755293485,10.230302721664499,1373.5476906671183,0,0,441,0.22075068499895104,0.4573684635447034,8,0
0.031183135061284672,3.0336732776506796,4.350373484243977,14.014637607265303,511.6416334171461,1,0,464,0.37394187588866346,0.6874513111690801,4,0
0.2622640442998251,9.532148767950773,3.620321748662899,17.112491323517542,620.2471390211988,0,0,116,0.5863365582496025,0.396157670296102,3,0
0.5950779307002548,0.6886294347118097,4.843814966898957,9.342073846285398,242.9731772282987,0,0,53,0.5214780973633492,0.7722743399580749,6,0
0.05142581348425035,1.6691106818219688,4.341641838046977,16.699481467297804,1359.953127714667,0,1,226,0.7033357849880251,0.42971405720686745,4,1
0.49636624720123634,5.468295152904841,3.6448114496522446,3.5523963891040444,500.5568325190082,0,1,108,0.35417764028830556,0.33485329604512276,7,1
0.5968428489168892,5.842766216998635,3.923338004440235,3.1833506895962893,462.4846651039353,0,1,230,0.2564376034948251,0.8774277650461595,2,0
0.3342438908169608,6.522470816348854,4.231533608562752,13.149427377123072,1388.3676371929355,1,1,319,0.49546671824380567,0.527780267906538,7,1
0.7709122037458219,0.3662974672915713,3.980475451073046,17.402860111034745,1227.7376073670466,0,1,307,0.6194841937153448,0.3759656824920679,5,1
0.1065982531337718,9.611594391296876,4.69674395956519,17.848523550720788,297.51049012712417,1,0,228,0.6496014696679291,0.8837327656035576,8,0
0.07513778173580876,0.6369633087946112,3.392221655701003,12.874809167544932,1177.054305465153,0,0,298,0.6811948188339734,0.8336782342823039,5,0
0.7281887562036033,1.6020071366893434,3.249714350139512,10.50978460418635,1378.246337275307,1,1,86,0.638929596609244,0.7786309153023776,3,1
0.49549131620619846,0.3373422717553584,3.0345972237381607,6.627861753930324,209.9157054950415,0,1,273,0.3966015767769501,0.9378740968911703,1,1
0.688402396427736,5.7552126462821285,2.594457420161488,19.600008311986628,1255.3009928664023,1,1,227,0.8116397887752014,0.6424582608094446,2,1
0.4348273386037462,9.336215462425528,2.6075349109501382,6.393913733325009,866.3880726222784,1,1,339,0.27022420939151887,0.38963954831075837,6,0
0.2464020332391068,6.72628222758855,4.675137982773207,14.883722144631864,1036.876429130321,0,1,309,0.3586831036417464,0.34294248692658363,9,0
0.8191023176741997,8.262043191108187,4.195982866014768,10.639635998100015,789.9960744669116,0,0,315,0.7915024072152914,0.522908712571761,4,1
0.7994158789689793,0.33015579389408484,4.151331038591215,12.170246850506935,1076.92431886739,0,1,378,0.42378090728420137,0.36078158109619135,6,1
0.6946964708544268,5.5117499251013164,4.036607047337215,7.869611011772523,147.7370063334545,1,0,70,0.5947787532875242,0.6748566082429597,6,1
0.2721451372299627,4.703717179554115,4.623047861735262,19.296462509444957,1167.7894125125972,0,0,227,0.4617581926844471,0.3101493124762105,5,0
0.5902306668690871,5.089885853363772,3.7006673141640687,11.433646521985422,146.68117700254177,0,1,489,0.6055849692928026,0.6106343110565631,1,1
0.3609738969400268,0.907689216284842,4.676027071395751,18.7557526091758,737.4197868462808,1,1,384,0.4773246399578921,0.42492220289750976,4,1
0.09158207332663415,6.9074665384792135,3.398612565455598,0.15182832347828246,311.3509903824128,0,0,112,0.9953663919248403,0.5577876307070107,9,0
0.9173135754622428,5.131560065614618,4.816768760847726,11.453411663822418,1253.00398829183,0,0,292,0.48598207148651734,0.7725238523394824,5,1
0.1368186309189614,7.698458728640388,4.2466424502031,14.34373779450543,539.125272845936,1,0,304,0.7016395339181163,0.545674639735491,7,0
0.9502373538208024,4.955848213804811,3.1429428400610684,14.90160342324436,735.7309624460655,0,1,290,0.9106745741207021,0.5389379210401506,0,1
0.44600577295795574,1.6639400350190345,3.910212304221563,18.099537635633627,700.2510378176362,1,0,104,0.7103479954918004,0.9935255129876512,9,1
0.18513292883861965,6.5529181499626565,3.8325764037206387,0.08803218007572555,1181.5027519585892,0,1,450,0.6526858040876868,0.8031703059084003,6,0
0.5419009473783581,1.889386348630629,2.844747054325835,0.0066031851895287375,773.6021037143656,1,0,290,0.6553835638049665,0.6597031982950359,4,1
0.8729458358764083,8.749466720877185,3.9781072643765354,9.445269215904306,1204.5416690144846,1,1,476,0.5971685687387085,0.7055629556983056,6,1
0.7322248864095612,6.208539142878568,3.2869640592923948,0.585874100107413,202.91158752374534,0,1,8,0.8460643211235641,0.7341278420631676,2,1
0.8065611478614497,1.7405980588581518,2.630871917024006,19.49065107324749,368.2315550641931,1,0,164,0.24033926268910558,0.31720277925858936,3,1
0.6587833667107174,9.630912963315827,4.871640394266413,4.441303490827839,872.1479495049049,0,1,59,0.9081039263434623,0.3561852133676733,1,1
0.6922765645178525,5.279981540686142,4.103725922660719,9.453294587296895,1425.923654653773,1,1,311,0.6690337761965142,0.7544325459496561,5,1
0.8491956515653193,0.914404828342219,4.6922973296771175,1.2227526002444722,204.66098541049246,1,0,105,0.8790985770045987,0.5551282011938196,4,1
0.24966800885918594,6.34296246326766,4.190140012533133,10.440968323425171,160.31790261961004,0,1,110,0.20831416203536685,0.33881082816234753,0,0
0.4894249636431405,2.681349288725541,3.3924592303502825,7.59912250294817,319.17094489899796,0,0,88,0.8954211231692941,0.5082592722361383,0,0
0.22120944181960223,8.076195828397564,3.7817201808220284,0.8932005775444751,997.6143804042191,0,0,267,0.29611001533861353,0.3911983942949731,7,0
0.987668007996647,8.214656320948668,4.189366900867943,6.7024853339244945,658.5900833383461,1,0,229,0.7769744051139194,0.9414196895584248,7,1
0.9440593396866133,9.793684087375686,4.900630813003594,7.828720404457112,1255.7733311847608,0,1,326,0.5332171143102751,0.4420477747871805,5,1
0.0394268113685059,5.118321404040137,3.134173647804241,19.7984298254988,200.70641207391213,1,1,70,0.7448579128783395,0.4005838381758367,8,1
0.7055751725156885,4.658577421331825,4.687442646560294,4.157717438387509,374.9797215405815,1,0,118,0.7025517901418914,0.7383181719620315,0,1
0.9252483174156658,7.584060933375511,4.810194513235674,10.895592307401994,520.036967650854,0,1,387,0.33071723765379346,0.6653383511937829,9,1
0.18057534512733353,1.4982124321508803,4.176038786647391,19.746310983972574,977.4221213642994,1,0,444,0.6116910115580414,0.7031527178250543,7,0
0.5679452305526295,5.559772035172617,4.828166568503344,15.840384158802703,1059.2417664221662,0,0,428,0.4217843785556326,0.6051637036282207,1,1
0.9154882975880418,5.55322648128234,3.494696468693421,19.86735001764178,273.88461154928336,1,0,494,0.6483494742784099,0.6270185176524907,7,1
0.03394597858579884,1.076836603541795,4.882540440101106,19.365966293203385,1421.3265925884352,0,1,350,0.7904026264422752,0.8451582890929905,2,0
0.6974202672468399,4.296244037967753,4.256957192914937,9.790790841883085,577.4617892662928,1,1,433,0.26500673166547034,0.45394552937796717,5,1
0.29734900737255077,8.56219102595858,2.6050144185470296,13.927516997411315,1098.4362682003962,1,1,305,0.6126099388248203,0.5775705119818638,6,0
0.9243961953765304,8.590305495547671,4.7671820795476325,2.208862538823022,833.8908065267783,0,0,102,0.6941038566098068,0.9704777694495643,2,0
0.9710582451653678,1.172529116212874,3.7111820225829817,8.822976500936036,411.86135896594925,1,0,201,0.4362939628777711,0.4329899908302316,1,1
0.9442664891134339,1.0890646509287425,3.650817461944582,16.18037084533395,1284.7196523615755,1,1,431,0.9624027862368056,0.5056415165293069,0,1
0.47421421665746377,2.7744156746189663,3.9161665149490856,10.106706419542867,1245.5332394687018,1,1,22,0.6162422604054636,0.43409684700019335,4,1
0.8620426509893134,8.772707413029137,2.87346136692807,14.053980656344638,654.5005954833662,1,0,89,0.3460136718767462,0.3143468474506949,0,1
0.8445493985350704,1.4632453337202898,3.6729151214184963,14.91502659968554,924.0506199713976,1,0,470,0.28623060943942724,0.4888809475291692,0,1
0.31910047324325563,7.255968665748974,4.577818041794364,5.069382824857877,460.95597431031564,0,0,92,0.6333276393322924,0.3325272121735674,4,0
0.8289154741506773,1.1914230722084116,2.5387061478437882,17.51398745885131,1065.792280244822,0,0,263,0.5001907049015433,0.4082795884846433,2,1
0.03700763471549262,6.306750966728689,3.1822929008109284,9.19644861818358,532.637537668604,1,1,466,0.3540376782147077,0.5538774490473302,9,0
0.596269878482053,3.6894595313676195,2.5061364661096106,4.203702072430875,1281.7102281351288,0,1,284,0.22455878942861968,0.31450485194827077,2,1
0.23000883728770305,7.931356837065498,3.539278272874621,17.308317635768876,404.33914598818404,0,0,170,0.653280064030304,0.8270695961515016,6,0
0.12056688577727881,2.490166398488564,4.320788776234337,8.356376122125074,120.7247919458498,1,0,308,0.6788801894669296,0.8569123096386828,2,1
0.07695320162920916,6.464177928021607,4.496929572786572,15.006248767594395,475.91125875508584,0,1,389,0.3134420809451748,0.5879896616928539,1,0
0.6962887758781398,2.509688838843673,4.862974402817517,10.960661444431858,367.47348104328137,1,0,220,0.6813904398162435,0.9892661855619884,2,1
0.33987496376806614,7.193870774499108,4.0212615324269665,7.637435044690008,811.601015614894,0,0,23,0.9615782037660787,0.7752957403653893,3,0
0.7247667715287615,8.762044738695337,3.1365671666322386,16.19752830077139,385.1846083192068,1,1,375,0.9826364879917915,0.8206052235865242,8,1
0.06535634079894237,1.4426576314422483,4.810369872841747,11.68939863289226,1168.4658190072926,1,1,201,0.9107943492456041,0.43461029656629335,1,1
0.31529033783061033,8.692637748235935,4.438289384700941,7.811242048540635,437.9188932056055,1,1,498,0.8456628646685924,0.8862063359751993,5,1
0.5394912923753372,6.01703749326012,3.936071207507861,2.1919574067025405,1089.7554518777179,1,0,123,0.36749426937066504,0.9615324786150543,4,1
0.7907231648389635,1.445682810496835,4.23910053929734,17.908906275334157,909.8592922192137,0,0,141,0.32514814599674413,0.4654171166016542,5,1
0.3187525029320699,4.3899101825251785,4.810790887518573,0.7093917068333311,1480.749799060638,0,1,51,0.5559580818282837,0.780525006070466,4,0
0.6258913764370091,1.7764308761539593,4.280985071182304,17.263746967361126,1499.8613678129243,1,1,69,0.695705401054842,0.8228587340643319,5,1
0.8859777482361871,7.063409310892382,3.4209362689618352,7.199230497663109,1317.336516644262,0,0,259,0.8805429472067023,0.5136184202666843,3,1
0.6158631881823046,7.636907717295907,4.282570505722742,12.786775270028116,1163.9767170182515,1,0,185,0.38557043290944126,0.6325063018006074,7,1
0.23295947475363377,1.2368058986734298,2.6006954068384696,18.443994476713705,641.0389796008033,1,0,371,0.5837183204162661,0.36827736550650686,8,1
0.02440078155653802,5.1601705564075155,3.466038904576453,3.0341323100779682,1154.587417983825,0,1,206,0.7179521935654767,0.42116636277165553,9,0
0.8700988739009299,8.183325549053988,3.515807579613948,11.339009512776205,1439.345751911287,1,1,292,0.5564750836275354,0.3430993665530363,6,1
0.021269410850387138,9.374397807199765,2.9170955860520866,15.28865724740384,132.72860555362183,1,0,303,0.5633549416634274,0.6921158433817056,0,0
0.8747016726841994,5.232475094069347,2.5577137013794253,15.151676654381149,853.0805802768343,0,1,377,0.38009372882262327,0.7376840280940885,4,1
0.528937134027212,9.512736391391789,2.833453091594357,10.51263829199008,405.1976261438084,1,1,38,0.9893287239288608,0.941283708403613,6,0
0.9390676985128962,5.449751910469093,4.136553739492638,12.494789198129162,881.0268422163906,1,1,347,0.5801546267259547,0.679529367436521,4,1
0.7987832357736654,4.0630668470790985,4.505722040909219,15.15053988265689,753.0259256624477,0,0,65,0.6261935563243936,0.4824279595656699,4,1
0.9979341105333375,8.512390659818376,4.970508731817436,16.820552755148235,906.0760141731981,0,0,12,0.3748474330294633,0.3416314826137832,4,0
0.35071181545171015,5.031230562489274,3.3659087577712357,15.236261937517275,871.3471099862139,1,1,193,0.611309374665455,0.9194671369255858,4,1
0.7671882889311269,4.8246446035323265,3.998448055652754,7.080098863624853,1444.1498548359868,0,0,315,0.40427964682744544,0.6352006549696374,4,1
0.40193091360924216,5.005062396216318,4.842862417037805,19.934528021154662,873.0605525086305,0,1,381,0.36186900110677317,0.8161253926096248,0,1
0.47987562030390885,8.498493018323504,2.9176044533453815,8.690053874386088,1284.7249233748141,0,1,424,0.4205778007543476,0.31025454401691227,5,0
0.6275054632183701,8.35302710854291,4.294113965856857,0.4892940551786684,547.7484015211851,0,0,287,0.2022077188042248,0.6416972458650922,5,0
0.8736771141863388,4.15449592591407,4.387446832872908,7.252339031709241,713.3409643074684,0,1,435,0.6561208896013471,0.528005836216549,7,1
0.9840834691992951,3.4663386267311456,2.722438839673346,2.555659091476865,758.5788664627338,0,1,132,0.5099840044182746,0.3212318908296788,4,1
0.7682734138645182,5.020894635583468,4.653123462957662,2.4288523145675,490.2192606695316,1,1,194,0.9189512153551442,0.8429709649507209,1,1
0.41776678216733376,5.813170595423669,4.532762617777109,5.630700802137887,631.7063660691374,1,1,321,0.23256573889001697,0.6590311570255292,6,1
0.4213570022770702,2.5357046641543706,2.583507516443586,1.0675098835452168,937.9183112534853,0,1,77,0.2345602406846001,0.5332261700937916,0,0
0.7375823015888915,7.980759830212789,2.7277110372001285,13.77024376819126,912.2628686263453,0,1,249,0.9086988138500669,0.8640589387351794,4,0
0.23877714576830233,4.967531104177745,2.622817234729631,1.4797776840381016,991.0094824028727,0,0,231,0.301315713763473,0.6128464162951165,4,0
0.11047411313139466,3.4736463745156043,3.3368588294984054,4.065791108719123,592.5450815881975,1,1,179,0.20172808329920144,0.3024485694578109,2,0
0.35462215764077654,1.246845731047108,3.7732224766998153,1.8579942898823876,542.16409321428,1,0,381,0.34313109097041106,0.9611133424268279,1,0
0.28723899165408173,2.5406825719553483,3.830869319886572,1.2633546180606214,956.2650358558283,1,0,491,0.8591009400780834,0.4789779183236698,3,0
0.2963081204559901,9.50295548320864,3.1691668994236064,5.355033310790834,286.00644779853496,1,0,176,0.8421712662080818,0.8814028654443389,6,0
0.23360775104990994,3.189976930831361,4.7789922164006855,11.4379793532074,454.24416094499594,0,0,28,0.47210576867476084,0.8714907688568911,9,0
0.04209318963636188,1.8548210357969461,3.4206569746797832,19.293711128936835,158.9788317341933,0,0,495,0.7344247338078815,0.41366175195251187,2,0
0.01787393473341381,4.714593358218933,2.6138753899133813,17.511133086992125,201.6551936345122,0,1,165,0.6057997658686622,0.6318018768503436,5,0
0.9877223897360315,3.2094598849304377,3.250567778853466,17.518678508906497,440.73659096485244,0,1,325,0.9237879918767249,0.32813928494894506,6,1
0.42777313373586234,0.5445606526577027,3.8277735563603885,3.521340720753152,127.34099241568664,0,0,497,0.24513878033393788,0.5481861710219234,1,1
0.3843266471596817,3.3668231293382895,3.52055455647058,5.298143869956402,443.5748289224461,1,1,225,0.8505433029893055,0.8116851903587341,2,1
0.6796472826930698,5.532264514606792,3.184606297748148,1.527866335906114,1016.9668522868365,0,0,135,0.33647893554196806,0.4659486290772503,8,0
0.21825388786506417,5.606781245795676,2.8283081244107935,15.569366798303701,185.54990985650625,1,1,186,0.5132967179454075,0.381989551519617,0,0
0.9499611839502253,3.6942774275335095,4.547911250240574,1.396326029711239,711.4313489124974,0,0,54,0.3535657211478127,0.6549864856545062,7,1
0.786345014415552,4.583567011275487,4.99036310531048,11.133913416417066,1378.3523016873692,0,0,365,0.7620915276753113,0.6758904690615424,0,1
0.08941100231225951,9.66207559870071,3.323855333809705,4.957511446479015,1207.7987604955613,1,0,1,0.7426609438026062,0.7730802519248106,2,0
0.41758077578492836,3.8980150768570545,3.4540526104415097,4.868912680574895,527.6125032128001,1,1,409,0.6383180813592215,0.8313964227618134,5,1
0.8791183075621647,2.7306227699478334,4.045093811692393,19.814501104952104,1394.7276708683057,0,1,318,0.7585304294429243,0.7870666718852586,7,1
0.9447320222914103,2.5859770318542497,4.296103686838853,15.135596139570747,561.5050954468147,1,0,16,0.7116518244837391,0.8917885458063954,6,1
0.4674015112498697,4.686093204500515,3.480073837008978,16.738787165821,201.5216948725875,1,0,58,0.8211536445474146,0.4560345249974279,2,1
0.6134113892107077,7.643297457426052,4.762323792454538,11.439653706880254,1491.678339475359,1,1,87,0.391525321032439,0.6988367223515473,5,1
0.16703394609207523,2.2186842050470377,3.900009973072296,17.420285747874985,1318.0315380648403,0,1,222,0.5431300919525764,0.5520667501949276,0,0
0.9911686261369765,7.151102045979528,3.6259751910148275,12.909810783327059,752.3058966215293,0,0,271,0.32130122348338297,0.9734786499011494,7,1
0.2316717013834434,0.40726826882427963,4.116681882899763,18.923474095926906,1032.9271338693654,0,0,57,0.5436748513761552,0.6081956663903767,8,0
0.9427317741351257,4.305543184242672,4.882009620622933,5.6267717209127355,1039.7193089993382,1,0,191,0.761353401136273,0.9717997531934897,8,1
0.6496466489923685,7.803477638987312,4.486380736054263,11.906390915657902,372.2751230226445,1,1,49,0.7531129286274814,0.8383459578413741,3,1
0.6077367948788591,3.5195829665894283,2.6000328263378107,13.802626958737843,380.06808641508525,0,0,212,0.7675415226359543,0.8029247034480893,3,1
0.5126885110165086,5.724623594164915,3.330774776849899,7.858746100556133,757.412984692556,0,1,229,0.44701402291548525,0.6440945983452788,6,1
0.2306698117177587,2.208796481693926,3.676361712378057,17.594159648081064,1376.202396192777,1,1,153,0.729771179032739,0.6103646939789215,6,1
0.17652803200550826,7.471554833036489,3.2862939305227634,19.59606326208309,113.99128480199909,0,0,272,0.4939730556711506,0.6685837312628848,5,0
0.22048620907017535,0.7123352120338444,4.2504689020761415,9.875389827453231,1195.507890329103,0,1,369,0.9555936368840399,0.5055431440488672,6,1
0.18643826214425452,8.554917919779903,4.565672874656453,7.812813096086781,180.53749720051582,1,0,45,0.474693092704271,0.9331569578869268,0,0
0.7795844735667533,2.142324586932348,4.328362737963179,9.438758571129174,769.5109608363649,1,0,361,0.6824145872355105,0.8560314586857565,8,1
0.3501252591667301,8.769100710741641,4.973333217070689,17.054734914638633,993.021966302867,0,1,382,0.8001165713537408,0.8609770980275306,5,1
0.05784267656339637,3.6547865647450704,3.181369119732573,12.909368510363352,1061.4629739154507,1,0,451,0.925125943221073,0.6032075168146052,7,0
0.9691026301408113,7.28229902984997,4.687473737561054,0.8954474503619014,181.87096906227595,1,1,305,0.5503428827631287,0.34976226377095193,4,1
0.8837858849634257,3.3284079183046473,4.416556662936215,10.843398208914296,686.0450643375556,0,1,426,0.48838808656661437,0.778154122548395,6,1
0.927752283195213,9.077934378099545,3.4054468938953653,0.3460024548193963,917.3721647032545,1,0,117,0.5440225402532712,0.5620895087799882,2,1
0.9949078226464353,1.4410438300800688,4.3353113591424215,15.570707420068109,192.4637522284097,1,1,175,0.4589570812398247,0.9093012187155778,9,1
0.1738952492194873,1.9494939348714675,2.7601898910456173,6.566245470849275,289.13237923343365,0,1,67,0.7231395920538513,0.8462369069149045,0,1
0.39624201890265875,5.031695226556263,4.473333705851381,9.440149642346586,1029.1085853056538,1,0,250,0.9461734112068674,0.4017296993928292,6,0
0.7582384757040913,1.0029967025738322,3.8308265064677567,15.973562118152639,830.2934752269124,1,1,402,0.30085680519149344,0.7212010113769599,4,1
0.6960206180537922,2.120605810077267,3.230725431773133,0.9289763457152311,326.56012577560676,0,0,229,0.6487376518161256,0.784549748149029,0,1
0.15389590633985506,9.448910545677741,4.139443254460451,3.1708307118322088,849.3350716806268,1,0,408,0.9181189802882648,0.6976963058770529,8,0
0.8158331249906178,9.769598679249293,4.1040499967860224,7.959207528902297,1377.7693228221822,0,1,199,0.28009163572481405,0.6598295233086828,8,0
0.22444057183666066,3.8873414274381357,3.023715556798999,4.598503270911212,121.8226186855095,0,1,145,0.5950923286130247,0.4595041525041589,5,0
0.22381761482262308,9.248203005936569,2.575993537028815,6.7580285155012625,999.6872828801964,1,0,50,0.8921836766883569,0.465134791094829,8,0
0.5369744228934136,5.539281821599632,3.5840564672541846,19.9634947578493,203.11060844747868,0,1,401,0.920361769369666,0.837605697049788,6,1
0.5929399348417032,2.8434761655629175,3.923779673361053,16.508288751476215,109.02922015058118,0,0,367,0.6114817289223332,0.31308284989449,7,1
0.5800862078378112,7.083507466589867,4.691513195926496,17.67803629920217,310.9162841248873,1,1,185,0.219961507574174,0.8452370438939034,1,1
0.09148683739775487,6.6572377044336015,4.820541989118986,18.741092671315506,692.069284595487,0,0,319,0.28451134274225737,0.6687591155773973,1,0
0.8774608626303804,9.893428127265587,3.822013045391916,6.818717606283913,1223.281598574734,0,0,198,0.6693733961929871,0.9553558566693852,3,1
0.26560004258870606,2.797463416610977,4.384508709421362,5.941539155929454,494.4996952463821,1,1,440,0.29908688517307597,0.998125083406046,0,1
0.12951492128280417,6.786183126085008,3.5982581808199923,4.681249851441498,975.942497344262,0,1,144,0.31953422152901667,0.7644391955762729,7,0
0.8887480798689772,0.7098327992885796,4.365205391432232,16.602338226162452,675.6192931374293,0,1,58,0.8176936782256912,0.5885800360940958,4,1
0.9556514982297534,1.3137311792278503,3.0120038123479174,13.5910372457037,428.06450875241114,1,0,194,0.8005536468604004,0.6325601359924861,6,1
0.8621276172654506,0.238400074520714,3.4276618370088285,4.723439649657546,819.9459599960021,1,0,469,0.8742182075403775,0.44295079935605536,1,1
0.8095160747248781,9.994714674384797,4.085569997034037,7.539876584209098,1216.4502865216725,0,1,142,0.28458810920488453,0.36946402679403667,4,0
0.6552419806390217,8.062282232045282,2.545394914017697,10.134235278655964,1265.4893180786019,0,1,222,0.3585159048774542,0.7051343753114945,8,1
0.5508573706091393,7.9098855443887,4.306153275847385,10.562801145475074,1285.1273446281314,0,0,99,0.8663691438869205,0.8638465685766203,8,0
0.08698675991141014,5.195315537824162,4.588838753170418,17.774554571034294,573.9809375769712,1,1,25,0.7768700869582337,0.4832365624104492,1,1
0.4084532130706987,3.1406574124733115,3.4978541527348783,7.611322658944326,1210.8384906020542,0,1,431,0.8447649022624322,0.5937569671717449,1,0
0.372688517012314,1.682389987734224,3.619856042942911,18.170480610010248,397.049837152471,1,0,13,0.9917965399263378,0.6883415632438865,4,1
0.2597537837603262,2.9898124406953444,4.628205530541328,8.827351206395793,1133.7951417400366,0,1,121,0.8915452849245618,0.9355284739790399,2,1
0.7234201136885849,3.884517974905564,4.439136588315083,14.927453495847075,1427.7381967816634,0,0,464,0.6163706006798082,0.3970418593634392,0,1
0.4958757350787708,7.611838950406883,3.2203737225834375,18.605086399701122,119.24136856734006,1,0,264,0.44861454783780597,0.46581821811076385,0,0
0.08104621590764793,5.488685531250894,3.3099402664038475,18.151514079265326,716.5095036503172,0,1,6,0.6557412692597608,0.9429713162500493,4,0
0.22018320194981134,0.9593395402437304,4.197195580976492,1.1390573459136233,1006.8793837796064,1,1,493,0.710869240187562,0.32767491520828423,2,0
0.6832587636595959,0.37668428779734,3.907995231120403,4.114085899531396,1082.4860786825743,1,1,218,0.4682497130076968,0.759280943841901,8,1
0.07613085949030018,1.202855359433819,2.9055739277412425,9.538108510645502,346.5228615768831,0,0,219,0.8167496299877428,0.7476681182525661,2,0
0.8512069140487687,4.222887394234318,3.274824773072916,8.631085799062145,1461.05658533403,0,0,182,0.2742030341263094,0.5682781035427947,2,1
0.4951465270139743,9.34529058708038,4.749958192196635,12.81783329674414,961.3715151593622,1,0,395,0.8235142805453679,0.6277152753049826,2,0
0.480586577326648,6.446544315850373,4.2204360918056585,18.894181016508245,330.0768417195749,1,1,400,0.22559881494555878,0.8984425660363928,0,1
0.5924077846595176,8.057893818780048,4.964935794213799,2.2480942255589764,128.7315163975214,1,0,456,0.5983728485771922,0.41548744434274537,2,1
0.8246809659251492,4.770471026144576,4.4175313249519235,9.03717330268481,1196.5698783056864,0,0,107,0.889149170786613,0.46209723479524895,4,1
0.34780920790219305,3.7443276153114198,4.854936080358975,3.8482207577427863,211.5866352236427,0,0,491,0.26919621921711806,0.6586452880079232,7,0
0.6780161525590636,1.2623236526229027,3.0404714346761885,17.88215196795895,297.47128949833115,0,1,391,0.6141911491953358,0.586821796100021,6,1
0.5657319639957911,8.784143617424808,4.428712187042314,19.291603716033055,904.7620375979669,0,0,346,0.3275131511690531,0.7020607482816286,3,0
0.2670282701694213,7.874968284473448,2.5505438003694936,9.574033637807002,944.9077048294677,1,1,123,0.9158526000487484,0.944587430265657,3,1
0.878629986355158,1.8475573564577061,4.176900054278835,2.080205954562815,1061.6419660293577,1,1,169,0.8658764216269041,0.9419714124164855,3,1
0.7974260216069281,5.220153525987354,3.673205695300603,15.705893334453464,650.919617729069,1,0,459,0.9471337946347902,0.4610128378004942,7,1
0.6584518346584255,4.9762731176282005,3.3669001798001714,13.94282700984798,1183.458136553552,0,0,420,0.8999858732240749,0.5115012289941883,7,1
0.8505817290942419,6.325897216327981,4.6560108807327225,7.093416532206209,1464.1020394622442,0,0,403,0.7892426478927925,0.4134480769079209,1,0
0.8672942009598024,9.47263156111436,4.635669231643827,17.74814947937927,479.5329203118362,0,1,256,0.3479113564708023,0.9494532600247485,6,1
0.7083629767150348,5.881760129272301,2.5557542622466087,19.516637795654145,1084.2400631531243,1,1,8,0.44200209253512057,0.5785048911387366,4,1
0.837013328363672,5.494129214430463,4.023762806123577,11.157076982603908,1399.8561133532196,1,1,366,0.5974841266464059,0.614793601418574,1,1
0.6974714616692836,0.6931647427597067,3.419580560802391,11.314558226885847,1060.8014676638597,1,1,279,0.671117425211779,0.8618485465442216,2,1
0.6801407717603004,0.8164932649766345,3.539152503751123,5.950270102275557,1053.5532981019633,1,0,124,0.8257467162505681,0.6590814309672044,6,1
0.6186113782151843,2.0359985550025312,4.58010184804694,11.690120719666284,413.2815967192892,0,0,161,0.3815677025496488,0.3838288375550585,5,1
0.7527166395576412,0.5182135625791331,3.2745994288191955,8.792846410496931,849.1822804475701,0,1,35,0.30262191531757066,0.6064940966098875,5,1
0.1586051052930737,7.484858376586122,4.857622026594051,6.043820538561038,887.5319810464122,0,1,3,0.5860881364749089,0.7413668302950422,6,0
0.8808707591989284,7.28863697914084,2.949084565930352,1.3437039304780263,1080.1813874383338,1,1,412,0.32627312869833647,0.8034463614299254,5,1
0.871843527745232,1.5333510974301008,4.156806058420445,5.054157194182498,1495.5500298546556,1,1,86,0.7549894418636578,0.7517462969480257,1,1
0.029247283034559146,8.393573227793754,4.180262667534412,3.9570929935532884,147.1013515612669,1,1,482,0.6605047120733738,0.3834265034626543,7,1
0.8258167505647627,1.7169031414918974,3.1304879035697954,10.840839691078978,191.32572577448155,1,1,399,0.7928862376151078,0.5130411676132728,6,1
0.1288698674734452,3.1515207525741165,3.3118765224180047,12.033400435271878,209.13009720328625,0,1,263,0.25074924772408674,0.8134952514742506,5,1
0.3351188542591419,2.6399736117813775,4.5869962314498505,12.17143448612033,1140.1707882845396,0,1,90,0.9717580483553632,0.9161331360352523,4,1
0.7435082562916078,3.8486095660158686,4.404513137387381,7.7636200209135815,290.89531315506053,1,0,294,0.2000044293405904,0.3330304905435818,5,1
0.1607598960483082,2.6957049057216267,3.322739700786899,8.424594673709919,971.4326242864834,0,0,57,0.46035393201082786,0.329560375648984,2,0
0.8179670241190622,4.991719079096831,3.8348913673373346,16.6847685928128,554.5364290508419,1,1,139,0.743707834692992,0.7503831705373436,1,1
0.8321341779577419,4.192597237275917,2.6542007406327386,9.524656270343248,740.2479386949954,1,0,171,0.23611365908969512,0.6836323079142966,8,1
0.5074677337608362,9.8683810096374,3.021864705996573,19.755466642742448,401.9284237443795,1,0,259,0.2666796650860856,0.4087373353623998,0,0
0.00638587171683358,0.7480782312566117,3.7145513971509976,8.792344600177298,1312.549185826359,1,0,494,0.2613451497825763,0.6838041071878722,1,0
0.2870381331749128,1.5933774885960459,2.714934338198029,12.99161889235678,920.6104538282369,1,1,24,0.6652077813767835,0.9821411404505955,9,1
0.6169269183757422,0.7176937603043043,4.608330887229844,1.007259979867916,1422.3885690151537,0,1,197,0.9167402520308305,0.7416301542776375,9,1
0.9811861780274235,6.333243710827284,4.29501552526912,13.066798488376216,904.4347495860613,0,1,66,0.6443495821698095,0.614398809234803,0,1
0.6318135270166684,0.734190918654452,4.859084176621237,17.028527888300122,273.4712428357253,0,0,422,0.6828570818237374,0.8792727415577026,7,1
0.2598035810641598,8.397109426286008,4.233667264910068,18.849156770665925,339.2186073738656,0,1,117,0.47680132096639155,0.4489757399565061,3,0
0.6340057030996114,5.216998580682893,4.851003430655464,19.94641223279541,1484.7035669149861,0,0,279,0.21499292692442584,0.5900285015788392,5,0
0.5399853797158555,5.364674720899031,3.8862813892274124,5.643572912984663,1115.791276263215,0,1,468,0.21729177420097312,0.6694375242675932,4,1
0.7798453951511436,5.703626175579504,4.000546527654923,11.507401296514336,168.99025004072553,1,1,5,0.910647973184729,0.6531779244355288,7,1
0.10698063882695841,1.8739743218008653,4.942427636565652,9.014359710642948,1085.2934070485308,1,0,96,0.2820579509757174,0.9446807284478067,9,1
0.761027902502028,2.137364970521978,4.105322867160651,11.27634961150342,677.0422655334563,0,1,71,0.9998314974500764,0.504867675072673,6,1
0.5412665786761103,3.324409764155446,2.5769664221518664,3.149059143796933,530.0917415524667,1,0,416,0.3315380892090225,0.3395526045107337,0,1
0.9629920038589946,6.016264875054144,4.309506941576308,17.12299145191883,315.685111222748,1,1,431,0.7397075551641517,0.9414640431596193,7,1
0.3418721660386861,2.2591542042141026,4.763671730343539,18.191378866891753,1275.8655363791918,1,1,450,0.9591643777447245,0.4519473599968398,3,1
0.6326218931339481,1.34005092590596,4.488950624485817,8.993233262258451,189.37793058474097,0,1,379,0.489831422113621,0.5653195817836951,6,1
0.9320281055100175,9.707145486900636,3.9595831815635565,5.608597231471537,505.76964733149646,0,0,257,0.7875465509983914,0.6716241371626539,2,0
0.10250972799067926,0.4154217851343046,4.17825878273379,2.8166685530602464,528.9360513559861,0,1,37,0.4806853147538681,0.9831163293837495,1,0
0.9372284872364511,8.066434572293012,4.975479473129179,13.675296495556088,325.2673975489005,1,0,295,0.4439528454091563,0.6746879091400186,0,1
0.6878857223008134,7.922744465835217,2.726655221273346,6.244636792414704,811.4588366016184,0,0,55,0.36144326606035115,0.6134203145839353,9,0
0.0678370591051719,3.112698315681941,4.168112071583099,18.190771398267774,116.38367753524967,0,0,102,0.8567479255190917,0.7085469356623526,4,0
0.30096356694681625,1.5291408368716715,3.2084942364264846,13.420249496897402,521.3657215745727,0,1,102,0.40590965088731834,0.9795657119419965,2,0
0.7081720886452816,1.6271607377131496,4.100225991465425,12.913706503484814,1407.0812216462896,1,1,215,0.4265265303246861,0.8725612191295082,2,1
0.0673506014687717,7.034829848924487,4.019058939709847,11.188042317964817,534.741397078808,0,1,20,0.999175793759022,0.4182776954183455,7,0
0.5821704601762733,6.499504592644502,2.883642080270405,0.9155267885745122,604.6431419494522,0,1,114,0.4618483483562559,0.8622820104329463,0,0
0.34588305695295674,7.87090760766359,3.0168666143505978,18.63844871371174,762.4310675277002,0,1,209,0.5382195910656391,0.8887693418627218,1,0
0.6209155177674771,9.387315489511225,4.054073945108033,12.558749865989201,886.3707247920646,1,0,290,0.9920443662198679,0.7834858727709264,0,1
0.04574203381251285,6.9808881600126025,2.820574868259435,19.881239667662207,1232.1921027490416,0,0,202,0.49544027633394105,0.7600634214170849,6,0
0.8715368061523763,1.7273450582041459,3.162952187825807,10.747128095457741,366.44971241842467,0,0,458,0.4929216057886936,0.608613900593463,3,1
0.9734889691773969,2.585737644301025,4.5881138693450065,14.202217838124263,1320.44492806958,1,0,322,0.8621715729710882,0.7491867709836175,2,1
0.9688778552856915,8.453498562556522,3.3177287650040963,1.1241911573244434,1160.5691000014451,0,0,187,0.4495442947901537,0.8163024805065804,2,0
0.7496518317429247,2.2511995431752445,3.7201503906741573,12.634723536468218,1111.7104685261775,0,0,150,0.38702888291392573,0.3859741736520093,9,1
0.13008624013063197,0.9107187061539179,4.852850837864601,15.292992231807146,221.5264032004893,0,1,448,0.5385682041402579,0.48013097212840494,2,1
0.7582631959290226,7.092144529614055,3.067872722092366,15.570285897051146,130.29696596441855,0,0,190,0.7605126404609541,0.4358573152764058,1,1
0.02458691645880151,4.144758283803392,3.4740650433950258,15.402233044605708,931.6177812713177,1,0,406,0.2345944199834123,0.8888482858342099,4,0
0.022123551528997254,9.216392514949856,4.0161444388588645,4.525652545873353,1308.3875475324257,1,0,213,0.4991328217748534,0.7760018140722373,0,0
0.32361021914954125,6.572499696717884,4.38834732375993,19.50796955210452,918.2180497968902,1,0,378,0.4769959215566723,0.6155449777026236,4,1
0.48864319040466575,1.0861059823582755,4.754133466781763,19.903642412498776,398.52881162374314,0,1,41,0.3958546778096261,0.8782390253419277,9,1
0.7704074178077932,9.488994359085876,4.7886824689337875,1.5119175032320253,226.7278571288985,0,0,477,0.7234298687234759,0.8017469379947575,7,0
0.6832953766065052,2.73386118367441,4.4416001859315575,18.728928456235145,1079.435033944829,0,1,447,0.4319920643309419,0.9395151570817077,6,1
0.44590270637674834,3.5046824059816006,3.070827091483276,5.788983886087387,1110.4783882449333,0,1,193,0.6853852472064024,0.353764897268541,2,1
0.2736266662816659,4.1421520540987125,2.5620233251064146,13.785681635019296,341.54438096195213,1,0,249,0.6034694731637016,0.6564101670788647,8,1
0.9971245001577111,0.7019981047622699,3.4594348258890593,6.762218414722643,139.4664416951508,0,0,80,0.3737518966607189,0.7947235325033786,9,1
0.42618130223597295,5.065851137859928,2.8538721274695584,19.35508646746243,671.5969185124758,1,1,40,0.4132528456337453,0.445245230763392,6,1
0.4513870243296755,1.408521212537864,4.275969118595745,2.0300771660707095,915.806182986231,0,0,369,0.3364800426452511,0.5289883623799548,0,0
0.16362382119166918,4.129509201545847,4.152826467064292,9.95493633912752,1088.4033733940678,0,0,19,0.24530337188076629,0.5932833759238786,5,0
0.7948095487499294,3.6369559223224264,2.609929104053637,8.560955838841494,1233.923012814064,1,0,8,0.6953507704839292,0.8560279327894122,3,1
0.6936822257814886,7.773832817579733,4.591484447827378,6.5204690455596985,954.7523982294252,0,1,312,0.7382309551314676,0.6455033407400366,5,1
0.2207696127887604,8.071071014000765,3.1218581657279554,12.910679817602972,255.23285203787904,0,0,123,0.3327999948869359,0.6450090229934524,2,0
0.0823810456158427,1.7034462474130625,3.5805676887276054,2.6211148684333496,1055.6143409993806,0,1,202,0.6923139077488587,0.6016213329865017,4,0
0.6804993020747131,3.7922016363164173,4.169834338639356,14.333248362673938,1477.847300052835,0,1,400,0.9856677920460626,0.4600123625074207,2,1
0.6545112142811352,3.858860978111951,3.5735469671306332,19.611842476095745,1367.8184184363654,1,1,77,0.2595216759502577,0.9461500749289353,6,1
0.2732595269982093,1.6838223505736336,3.6032195069998583,16.091174289372603,1320.3364729773177,0,0,209,0.5922966979990909,0.5224607844596728,4,0
0.9508635622504104,8.024844349501667,2.664069988339351,17.20033505819091,523.0382147016771,1,1,17,0.7864305709150832,0.6972259625389303,3,1
0.15105789178090023,7.130837617687149,3.5036088731500095,7.19273486358005,1151.103447035601,1,0,235,0.23680735826378152,0.4041458148656145,9,0
0.4323348010426019,2.0657415057109407,4.412119733049959,6.497732129624374,1291.5448243512037,0,1,497,0.8226187951980926,0.603970374469333,6,1
0.9436159201675989,3.793874704219231,4.787940842966494,10.340967093802664,1049.6566864837685,0,0,318,0.9836089896743088,0.9326624613184524,6,1
0.4197273169261223,1.2368892435938394,3.5337428426584294,0.9145322952454538,450.7864591951727,1,0,199,0.27079029082620254,0.9968256669574145,9,1
0.6385259476640855,6.356424651511832,3.5589645671976973,18.90716268913065,1435.3675606249417,1,1,348,0.8577839243727403,0.553226299713427,8,1
0.3975943979627943,1.3894448605764729,4.25656776580913,2.875703460323844,731.1471760421463,0,1,455,0.5028652356096754,0.4077933824200348,2,1
0.27421520234867003,9.862154852524194,4.856930002763192,18.060260783361848,281.72778213223114,0,1,281,0.31529296194720946,0.5201160687112766,9,0
0.9839776479598282,7.850684331941052,3.1676523505984004,1.671644440007114,253.6890530803488,1,0,475,0.5945545673570782,0.5290692378709136,7,1
0.409334006315043,4.0243377859231515,3.600360516344842,16.452498553571203,1006.5265822186641,0,0,455,0.2572149886249726,0.7511561559976223,6,0
0.8940992036791344,5.869926536337674,4.489933108880753,3.0392505175643025,712.7935049834348,0,0,251,0.6176811265337474,0.6473097071461922,8,0
0.22995460589108618,9.131149798920806,4.024233923435096,0.762632281829454,232.27742525054907,1,1,339,0.2154854304032397,0.8379218097859413,1,0
0.2131047040250833,5.630172947879097,2.776465859909887,14.389789005188174,1136.5104010185325,0,0,238,0.7828891533381841,0.7909122991482367,5,0
0.03113408288451136,1.9100851666999608,4.069331838905664,5.6053060034885664,1219.0552341620676,1,0,455,0.5903757486492709,0.4759161067476724,4,0
0.651666825375885,3.911292884695362,2.966865711493317,14.289923055686991,1115.581883101032,0,0,461,0.5671517287481445,0.8489789829200447,2,0
0.36852634372376114,8.462819677291504,3.7755398351960103,11.101705009456396,383.1652287576181,1,1,268,0.35695319499366696,0.8932233068403712,6,1
0.864358249839637,6.5132875566982555,3.822758169151096,2.1761478046013116,1065.6856383944971,1,1,118,0.4890105246358126,0.7188731328278012,4,1
0.47320990669155716,6.577098966471244,4.690508405562462,18.642601466023272,115.01192405213914,1,0,487,0.34549554593733306,0.9493673964740033,5,1
0.9681934279147217,8.694850559747193,3.6562356850310955,9.046283495269552,527.1569955497729,1,1,400,0.7883120804285915,0.8480636859141852,3,1
0.18552551570312115,8.960935963132545,3.1986060555897353,14.68894555597376,658.3501439705612,1,1,370,0.35922023954642185,0.7167771348112393,6,0
0.8686231679556108,9.213967203438475,3.077415870540079,10.020411440312502,1269.3457284397023,0,1,281,0.693402661641372,0.9343161981193311,6,1
0.7765968527917417,1.1295220938809298,4.68562969171084,12.087229499224094,646.552122297166,0,1,389,0.4236860008542017,0.7202509361683772,4,1
0.770921844644052,5.532434819238389,2.927527136045571,6.055471847133848,115.7772246651576,1,1,336,0.7255857567386619,0.6648337891361381,6,1
0.8447832281168877,7.4569933079395225,3.5646714022078596,4.007206080069006,593.2849765592132,1,1,387,0.6323639671370739,0.5493808382877718,6,1
0.7610239909429989,7.617883082244736,2.9679327873173675,10.851404068161356,798.4937377030021,1,1,344,0.538750905322176,0.9180043314161117,9,1
0.6262203216314154,6.145818779306039,4.433260100285938,8.80437945942004,1428.6067013418829,1,1,6,0.7384006667283771,0.3859090196109751,7,0
0.13124487768238757,1.834515884800007,3.6859315999365476,7.8022642686786625,1417.4480253053628,1,1,272,0.5325776572865834,0.6314518999522194,0,0
0.032526179491251916,8.014721428628311,3.3778592263920304,13.45134390189246,353.2236535099762,0,0,252,0.8570964820600262,0.6761893323125152,3,0
0.9208478478156868,7.257091068446469,3.402749101566167,13.810132640222719,359.2051584352322,1,0,341,0.7836787665882128,0.6883243747388438,0,1
0.616650314520738,1.0441305611805558,4.6305355168074485,0.9184011218252608,328.7340390503707,0,1,127,0.632511195610465,0.7563228813396702,2,1
0.7965372909761763,4.745336281808888,3.8844348857360953,6.774889884873443,1204.4907053797444,1,1,373,0.9016485460687977,0.654056936977671,7,1
0.4815223515125501,1.9049785153136751,4.294669627828159,8.235291004527546,108.43085651576891,1,1,91,0.8630894571744445,0.4797727033479489,6,1
0.11730818896239448,3.507275047987125,4.742596290626711,1.937843223283362,278.04807746862826,0,1,305,0.6254715156963995,0.8998610772976499,2,0
0.12518579220255044,0.3771947036157173,4.754354190101605,4.718017333965767,853.1434843017386,1,0,383,0.25475815496063803,0.7602677294848698,3,0
0.6855652872289714,4.123232710425431,3.321272635844658,1.0328359444551327,446.5868936414717,1,1,5,0.6527970817593953,0.9007314695972142,1,1
0.4303058948994627,5.588793827330863,4.881128157865963,19.924841972340413,229.29904153496693,0,0,413,0.4842055916482284,0.4932304436862637,1,0
0.20052472670033672,6.271909409705452,2.5621897050365137,14.73114405939689,603.829217267368,0,0,73,0.6320903542429873,0.7459398264319752,4,0
0.4915945467414369,6.70220538226136,3.442088902540414,1.7490031300550735,483.8906470843427,1,0,497,0.7177043683980748,0.7999216215534766,1,0
0.06420893707513409,8.395654868404108,4.739497143772104,0.4049875958018423,815.5460291199984,0,0,55,0.7158708598805117,0.5683836122574869,6,0
0.5819714019143988,2.3115364913021548,3.1865921995424573,14.385756003045604,1470.9270313622742,1,0,294,0.7388192348144011,0.8685708827448309,0,1
0.26899340443509767,1.380721859896986,3.182703625803296,8.783843313653339,274.0264915408858,0,0,397,0.743414900036012,0.3017561423896077,8,0
0.7975591006371882,8.545064284599672,3.2565557127047216,15.735934181291519,621.817386767732,1,1,309,0.28742513497080335,0.7164438251499551,9,1
0.31036195892357377,1.734805585947969,4.030783462117306,18.469520756367675,1404.7790250214646,0,1,237,0.35336986436583495,0.7294979292464914,0,0
0.4552201490818012,9.752648797094714,3.5958319390358846,11.98600778032745,1327.6222608913515,1,0,489,0.7044328036338807,0.6736901651270448,0,0
0.011620539908100636,8.456874648106643,4.316837090883356,3.742168458345061,651.9794486979929,0,1,21,0.5265379109848294,0.7410339408436146,8,0
0.07244688779455888,5.108590737718072,4.7372766064116645,15.643880720929051,1078.5345703276312,0,0,440,0.810281316244611,0.41705879991628914,6,0
0.3924935564066848,9.817929964235848,4.185498437357151,19.116234863487488,222.99981901388378,1,1,40,0.29992742581026577,0.779347037261663,9,1
0.4799388347171235,1.1542919452584413,3.011166800493939,11.604625741199118,1097.5574777610611,1,0,345,0.3532183955364315,0.5350522739856657,3,0
0.6000205481193037,3.1700444595159967,4.831704755901256,13.63994894561467,1462.000821278638,1,0,265,0.6467717139491784,0.6164376198031425,2,1
0.29166257870930323,6.454599267397993,3.1612321833686963,6.7494939007334604,852.4834139678683,0,1,257,0.6005984154143189,0.533176554797388,4,0
0.6949818861265425,3.630067311037152,2.8747357383203953,7.6305538932062245,797.8863178481799,1,0,450,0.413117723181352,0.6317553424496398,1,1
0.8601223971892046,9.29805100941176,2.724918197152402,14.693089957061279,362.24606758267447,1,1,47,0.5266745948041268,0.7350984585582234,5,1
0.7798509888933498,0.8431356641426122,3.908459351665414,18.555421968136383,987.3034784702086,0,0,297,0.22798502244532248,0.8868404296268857,5,1
0.039618825348357145,5.584235954197453,2.7844061562016296,12.579767744487045,926.6121930904808,0,1,138,0.22963048639549932,0.6384045403481546,0,0
0.48050694725782894,5.990489420472123,2.846939710281577,15.796958169706949,1012.7062832660507,1,1,201,0.27594160225989733,0.5262566793225223,9,1
0.10493017841817487,6.596735613016797,3.2500762014887417,3.4327003483074603,136.51660135861056,1,1,139,0.6614339625604484,0.641559315247769,8,0
0.24204501586252747,2.705528988651782,3.2041325242111593,4.239181805159471,868.2128836887031,0,1,141,0.890973131690523,0.7821625648493609,0,0
0.9866625932671464,3.7727509896946723,4.010598775830356,10.640693736667801,932.9087808963222,0,1,285,0.4081786314076601,0.5426905017080569,5,1
0.14249554290151323,8.46806919071678,4.541863198681703,3.5310838448568105,390.54218957792307,1,0,232,0.2271518637787362,0.5899974523063842,6,0
0.49888815345135606,2.1104391359075665,4.403374140507231,12.699901404418473,391.6660004839504,0,0,315,0.7669016816418501,0.6939878719061154,7,1
0.6181557343181191,8.303304902298947,3.1562111367911916,5.833063707893979,486.70543591532976,0,1,460,0.8842817912040533,0.505806484679145,1,0
0.702464970544104,5.714023144446876,3.1132762449649496,15.83065237333784,1096.4102284181326,1,0,157,0.3105382282104814,0.44635926168110923,7,1
0.5596486834869141,7.669437609702006,4.91447882526742,16.162206932286868,948.7724889453203,1,0,37,0.5085981567523201,0.3982745987042834,9,1
0.00977084741918366,7.193352189382022,2.5205906039799,9.275749115107061,1284.0677045649265,1,1,74,0.3269894724721638,0.5468269881882519,1,0
0.3264613082439919,2.2336126547718145,4.699301332650539,3.6162127007527056,513.9220005803375,0,1,320,0.2850859444874922,0.3338400345066399,1,1
0.5177116433847114,5.774364817051954,2.9993212978060124,12.93549922163865,1376.8952838436455,1,0,474,0.7185348307794996,0.708437768696651,8,1
0.08786649914483335,8.703686897489906,4.86821080772442,19.85574036527173,1141.1886267767018,0,1,174,0.974029180942505,0.4231365561982671,6,0
0.35062693120918076,4.434739120658908,3.3557682120687993,12.451817958850466,653.0163380191758,0,1,38,0.7425325004966099,0.5641763546310299,7,1
0.033203108791366565,9.672589548188505,3.6008794347331308,0.715493814280157,233.3668918756383,0,1,490,0.9878517302460945,0.48845597077886077,0,0
0.07857849715502074,4.631707980996837,4.267801534860952,0.3458795153416516,459.7771274824755,0,0,432,0.5475162208562332,0.7412729764392245,9,0
0.39692327620159606,1.59929923934527,3.969172628683151,6.407239409846124,1439.4755041007904,1,1,484,0.9182958310618881,0.8952419630268063,5,1
0.13271575404306035,4.016459864761198,3.2948483242670568,3.9156761372080973,534.5087262377111,0,0,72,0.3640673797330437,0.7433107300918415,0,0
0.5675408482615582,9.526683582627264,3.8845772896695587,16.261024142866162,561.8613442086903,1,1,57,0.2943234936086345,0.6797534500713757,4,1
0.6894649691372657,3.333264323530572,4.3267672109072155,16.89611334072001,365.4245035368038,0,0,495,0.762016040729949,0.7683586175254294,1,1
0.8005866991090829,8.707361966697215,2.6058373647562303,5.172375426209523,1229.5908415942715,0,1,362,0.4971266646901087,0.3209934464321399,8,0
0.2001502442448101,8.83625668048252,2.5279982631392603,6.512895538997854,485.9019223391883,1,1,473,0.4541500821976813,0.3859912626734838,2,0
0.16748258225906976,3.631827938453219,3.645167347682228,4.724939354302293,562.3615477163979,1,1,88,0.7370244623981266,0.36644906517973097,9,1
0.10456784033440025,1.0159250488961948,2.8295915445087854,18.16765094742528,680.0873518042773,1,0,272,0.4667872334155905,0.3687380160241488,6,1
0.6364302495436367,7.300667509756419,4.1608607286617865,10.052986692445645,707.2195916844536,1,0,133,0.6580465377988172,0.4823386006375836,1,1
0.7064757264869012,3.2528205303370634,3.0351311405685855,13.122740881640398,675.8771065810304,1,0,142,0.4395640850090435,0.6724365822682437,9,1
0.03158614482564204,7.87265141972421,3.5821277669891773,8.309641733992066,805.2411735246201,1,0,450,0.8270060705690012,0.38027710505972295,3,0
0.9362122462436898,4.538017512952245,2.9941773421856723,12.620283870090622,1240.3180314629647,0,1,94,0.4499106723962523,0.9545813688325724,9,1
0.05197128365147241,4.955614074957692,3.871208964372811,7.717107534434722,1246.9990570388309,1,1,155,0.6279953155969762,0.8979797618580907,2,0
0.5412963353010705,7.823512186135662,2.7901336484614223,6.793568754584509,1217.6383872686856,0,0,200,0.2185408669576094,0.9801510476830873,0,0
0.7090605194509164,3.947160644403954,2.5577671319687005,12.689601463469604,241.5747747630825,0,0,427,0.8333846266867142,0.3297500315619434,9,1
0.8709691237460856,4.542647984164563,2.627829095266743,11.821241560979786,1219.5503245847397,1,0,498,0.6962702198575809,0.8959817129625214,5,1
0.7140869321324278,3.8866665939422975,4.885646103788275,5.870559083358993,268.3524828812075,0,0,401,0.3537896535943166,0.8626138528090426,4,1
0.8017280830697918,3.799937049717344,2.8557155465273394,2.9869690063894683,274.61327807316115,0,0,495,0.37229870087282013,0.9314741052217224,5,1
0.33945019254280606,5.354276453634303,4.271195632842089,7.3715338767627525,1427.0078802889452,1,0,487,0.40999433480385766,0.669560917361866,0,1
0.8148251137465122,8.126234556111278,2.669815510557066,8.303952782838184,1247.156982587758,1,1,159,0.6612240836764496,0.8515223495429713,7,1
0.08011484638467514,3.7453294568411457,2.7704008805879554,12.573686668492098,873.3746536152121,0,0,210,0.6386530664744183,0.3359008155398567,3,0
0.8948166560605276,5.33769626126982,3.7721906285233366,18.290575272737275,1324.958286269007,1,0,452,0.4190909757135115,0.35311445263879215,6,1
0.5475923761537362,6.773127789337488,3.6621773253858594,0.7236959506585028,1485.110499572608,1,0,171,0.7552498335816029,0.38297256866471174,7,0
0.8172977699624937,2.8405065737758197,4.878950773599674,4.873220250836898,954.8988932844886,0,1,69,0.911232932746985,0.9403522043087456,2,1
0.45231828451830014,2.9197234880434473,4.862088632551844,3.874318845591207,958.0578117741252,1,0,318,0.2348123821228308,0.3428185445719142,3,0
0.643577695196525,9.347448644829857,4.449021606356163,10.045888173875673,1156.1978408238992,1,1,459,0.5337573102581452,0.37010466868937764,8,1
0.5264026609361132,7.290638818644669,4.005254575318374,8.594016140863197,424.9945333114659,1,1,313,0.6748160948358479,0.9512872818406688,8,1
0.7315895217553319,5.856429426988428,3.6374007934825277,14.580752476403768,333.9748061263191,0,0,430,0.6691481628295995,0.3751748072825947,6,1
0.08162998203058958,6.547656533321998,3.3904463358210526,4.848318250897277,1163.4130500211015,0,1,381,0.21562827759160863,0.9088294091077616,2,0
0.0603520839905638,0.4871345424135,4.867718867438889,11.889967314995172,582.8667129917433,1,0,489,0.36845285267888406,0.8524895516436004,3,0
0.24710323401014644,6.25740906250463,4.007272028561713,17.677145271999187,289.0984988283076,1,1,144,0.24946457704969724,0.32819739197250797,6,1
0.15954468011318834,5.193186957597179,3.947681319214986,18.213554798366093,540.8288162848496,1,0,166,0.6551720580399474,0.31529317782274097,5,0
0.8717835665922017,5.54834686183847,3.079752804422287,19.175692094500622,602.0916150244055,0,0,442,0.7163119101355737,0.6740718684595153,5,1
0.21921398735804432,3.722353502942008,2.6167445447127826,15.46522304159977,1451.318723307967,0,1,390,0.32779373073878204,0.9980227826367369,3,0
0.9758652558191313,0.9984441975868306,4.862971449398861,18.1197581251783,1077.1435955230925,1,0,318,0.4664088954736581,0.9151811120692905,9,1
0.33689579177110685,2.0947244893981116,3.284338147111635,4.690617439705484,843.1988443596275,1,0,116,0.46384299470081686,0.5170178033598992,7,1
0.18211791568869928,9.517298189484183,3.6064725583111468,3.9516188870095403,1456.422394155647,0,1,184,0.8558418652718267,0.5704164638807824,8,0
0.7896985071424791,4.2052557102551535,2.786599858964267,0.1297616756105291,1364.3956366638529,1,1,202,0.3557275236233067,0.5715341973666708,9,1
0.6587077755008761,4.77349492714247,4.5923108247732305,14.136887148581966,816.8011992598236,1,0,161,0.6386512970605268,0.8139251711335103,6,1
0.498195716453139,0.7165559405637021,2.5690795821398265,18.74934375627489,1367.951489527773,0,1,308,0.8263484100007075,0.5387929268636684,7,1
0.5553635509376312,0.5681490495310098,4.584976905247741,3.7387069008335283,666.0265212877192,1,0,449,0.8636625543176384,0.4034579429626825,9,1
0.7192017782722638,7.228378181058226,2.850712531969917,12.738871508537578,422.5889314992745,1,1,461,0.7332528754277865,0.8229751860084853,1,1
0.22845474133129873,5.473327708386891,4.716410281577881,14.929195184435551,425.7494475509192,0,1,337,0.43962220180950634,0.6206109327715732,3,0
0.9963339160567419,5.1853186453194136,4.324431593340393,18.55228470296113,1027.2417342189774,1,1,431,0.858437259863085,0.3537451065805269,2,1
0.9747931621467831,2.5826203981421534,2.9116756562682626,12.937204480344434,801.498448990188,0,0,187,0.7937328216801014,0.8530365879444426,5,1
0.6503256863469369,7.498557169973238,3.91454498214867,19.405874654975047,1022.5311858076254,0,0,42,0.7635753070634155,0.7097178847651604,1,0
0.19954245092914513,1.8487184752632204,3.2816407858880488,6.893462820250955,1060.5063499670377,0,0,200,0.2538683191080058,0.6425585276881489,6,0
0.6802282424312913,2.0613604878779967,2.9455827472789586,6.998570675428153,131.25202205680466,1,0,230,0.23461190452123964,0.7713402170030959,7,1
0.07219840897917584,4.7149792792131,4.647955498527772,10.860250200286911,175.65542928706327,1,0,3,0.7562922381612636,0.6537573779742564,3,0
0.030652502205806065,3.005542648697021,3.5088069162680737,7.670037622318143,845.7488172277499,1,1,239,0.9558358409871446,0.7538941035919494,7,1
0.2576828885112137,2.6251372160848345,3.4963592859134565,0.028514565750652476,367.44966886410765,1,0,205,0.8189791424504156,0.9072419817557251,7,1
0.4626229567393163,6.523328916622651,2.92471668701655,14.635440501739748,985.5472763262155,0,1,330,0.865180453194951,0.7294600576777877,2,1
0.8682725054083805,6.579523103141737,3.4576641902144467,15.034340829569668,873.0600348389073,0,1,93,0.6359858246798323,0.7617203484979924,0,1
0.727169069766308,8.280267284039306,4.679042115822126,14.93949209373541,920.0645017192477,0,1,231,0.44366891527045915,0.7296992485944722,2,1
0.742706521199981,4.293543956335164,3.4078217762240897,6.900413332209332,523.4375317634149,1,0,362,0.7421895174135074,0.6718258443433076,9,1
0.42549333444807536,0.9162338920562725,4.87900890624947,10.445789466223438,995.7809087890553,0,1,346,0.769576700394154,0.4203806876828301,0,1
0.3459349925469629,2.8819305722302855,4.865772248020969,7.199470363533389,1261.2896910790323,0,0,348,0.7402863773552055,0.5349743504912058,1,1
0.3710387629846027,9.804053539328805,2.862246648268365,0.3207280006129154,1497.299755029132,1,0,435,0.9573672453754565,0.7851762771506855,7,0
0.9876495637360578,6.043334037280481,2.9432781338066123,11.248978825428376,1273.8221406411,1,0,159,0.4937432266116452,0.597833274691244,3,1
0.04010919141248248,7.155423431049999,4.656685175829723,2.475213321680221,880.4982635519265,0,0,112,0.2317260311646268,0.5842903083377162,8,0
0.8670314961224486,0.27210673032906246,3.481902297311798,1.600826481828812,370.8014283519392,1,1,251,0.9267554822059276,0.8314884988913904,6,1
0.5786754085723934,5.278416175388705,2.5109349557075236,15.109981373935744,1054.0242265677493,1,0,221,0.32839929508326504,0.30389820243656285,2,0
0.43861541918959046,0.5677808438116707,3.1846795492634277,0.1901240483621125,1412.7152997811695,1,1,345,0.7578546715099461,0.7752961361717369,0,0
0.7252576604151365,5.778456078496191,3.9940724829888996,19.180168872174523,396.6131556252234,0,1,93,0.8985635518181476,0.6424585573430106,0,1
0.48666894142470285,9.223554326433538,4.49816491489992,10.305107282251537,458.3938687372079,0,0,434,0.44811311841170814,0.5637338068724465,0,0
0.8734232380816606,9.690507478903998,2.833471542733149,19.660328614122967,308.6119607763116,0,1,393,0.8643321926839411,0.5383756281015127,9,1
0.9007018640112585,5.497416218811457,2.776353411041838,1.1599514494541685,1131.4103010769625,0,1,395,0.4656465010171553,0.42101284672061867,2,1
0.4217209268734554,4.690407091471717,4.805231633930829,11.670590977318264,669.1861047931229,0,1,480,0.8354063425889999,0.5339764579240222,4,1
0.2768277972350516,9.461167523635241,4.3778709195564565,6.986540719518224,187.7738944409377,0,0,481,0.2558638903789806,0.573992930477261,7,0
0.5923503285933622,6.801376353567613,3.974449001945196,16.869649856285715,1324.9299880863923,0,1,465,0.7241943989367423,0.6062142435973844,7,1
0.912363345616691,0.8360129394764129,4.42296697498982,7.2244547046857255,880.7406665835933,0,0,166,0.741710464463037,0.7706104470742692,1,1
0.21066218900566658,4.764110661141476,3.572135903266596,5.209751581146982,563.532008800498,1,0,463,0.5931406640647652,0.6174997135961033,8,0
0.6229665835634828,2.5544011809501788,4.3961393682728165,17.151062541998265,581.5761664855357,1,0,492,0.7496726910901688,0.8573990129563454,8,1
0.6315602200925206,4.8040823501970795,3.4295074781863395,7.4930618330652194,506.3517082672695,0,0,451,0.9385469364430727,0.7478165981648621,6,1
0.733113022415281,4.663562605662346,3.110236431231506,0.3366663972112294,737.6722413496985,1,1,137,0.7870838599745824,0.4327179556458625,9,1
0.1315676851272598,5.9050190675844725,4.322533553232422,7.805782016786676,571.858363883403,1,1,347,0.969036823187728,0.4940212209393594,4,0
0.7158249646820886,3.6963508054226626,3.5491807303931706,13.090445380218839,867.1248256988532,0,1,360,0.5588898510816575,0.3554744305089698,4,1
0.909032520665641,1.809850404668095,4.953442760815487,5.0871907761276365,1182.9241531798118,0,0,209,0.6226325853631658,0.9620052284463254,7,1
0.17968310887024197,5.136450458981572,3.3737129557702525,8.639751848503145,1044.2457968221229,0,1,255,0.4109909577901655,0.9205853368604866,7,0
0.23754332492387764,8.335988266588467,4.804318551327665,1.1343027656445104,512.2396498557639,1,0,72,0.9884813342406948,0.359357357815656,4,0
0.9713950940416396,6.707319835062503,4.832406371417699,11.761855830279144,840.237416155691,1,1,213,0.24410938812901792,0.7018532110932221,5,1
0.18097695270948977,3.5160050860671155,3.1046323676618655,15.125898477207876,1276.176623877151,0,0,265,0.48689633409344824,0.972281273202573,5,0
0.8543850933695791,9.368125623036802,4.495552953970034,8.266251228022206,195.48872863981566,0,0,359,0.4381577318148903,0.8229999529623089,5,1
0.4922778564480348,9.139634198241986,3.582686262861413,8.404652656029201,209.61617378166665,1,0,150,0.5092093705024443,0.6442685357794709,4,0
0.24723107440317704,2.2516143139641684,4.79381181807587,1.7656499716983287,878.6380952696549,0,0,234,0.9341742884158926,0.46877209223464433,8,0
0.8707499012725114,0.5862923341795572,3.625310681588097,4.038817290239651,994.7611797457245,0,1,460,0.4944302992548119,0.4953259525569069,0,1
0.4453052550026655,7.464825341837471,4.360759293343415,3.0935060625582533,395.97822208626576,1,0,215,0.9335813221600004,0.8153665682699525,9,1
0.5148173539296902,8.310580561221702,3.667418522909495,9.633755373230759,1143.3081773681254,1,1,396,0.5386710893305622,0.8464026912706926,2,0
0.3592333693997657,9.685072746323282,3.06950188928214,10.585110819015002,1004.7687278570185,0,1,303,0.8838150153761666,0.6700853270460028,6,0
0.5929508514349274,8.920396662065444,2.9983753223617158,18.9788026256852,1392.604975530801,1,1,108,0.617400078800535,0.3846640910616933,8,1
0.16352387258502277,6.085240728422866,3.563577985640864,1.464630085544678,336.53588260195136,1,0,344,0.44908227474265194,0.9537078615386161,1,0
0.3910815366517607,5.394512924281333,4.388736642535537,11.997359463100942,1151.923971501215,0,0,299,0.5594798391743099,0.8913339141967145,3,0
0.9694123223352875,0.4728423023733457,4.012678712951917,10.529970546564826,217.10032681657384,0,0,494,0.5395048631825627,0.398377145319196,7,1
0.25813343270112754,2.617233179078823,4.221573224751358,10.324661958716582,891.4093733250565,0,1,348,0.40793124966844074,0.33970930854019654,4,1
0.6567366645412922,4.704224566982679,3.205815876829856,17.463185747656528,872.6531952988041,0,0,463,0.4317109839935254,0.6751073779248136,7,0
0.3251900642246949,6.359338220818965,3.7035883648940136,4.110769413909729,643.7390625054369,0,0,319,0.34916313704884355,0.49889983241066815,1,0
0.7734731256866006,5.661067966520425,2.6109881624233173,0.8154654868274291,1282.3996067359942,0,1,295,0.4688004457660867,0.4982747965901976,7,0
0.13087366071834983,7.477832698880568,4.543831039895302,13.445430152683851,106.11890270041712,0,0,389,0.6995246425993369,0.3610551149252882,5,0
0.9698210450785447,2.9417159226930005,4.974730405599686,6.903149282719603,828.2511626579291,1,1,119,0.509246534967705,0.9673700846899711,4,1
0.45378954138363925,5.736535554994238,3.5171976565616774,0.35179832425049185,404.0149697692624,0,1,327,0.7698585687410338,0.8811165217618913,1,0
0.23605046334646396,1.0637939852297629,2.5274091328288586,5.027480145808276,1140.898066763006,1,1,97,0.9895825357503625,0.37968421431314175,6,0
0.07349674733001266,4.253922131115429,2.9244815988773682,6.186535484336238,160.29439682853604,0,0,209,0.501680863587588,0.9136191373555811,0,0
0.16975790508754074,7.551576162955091,4.131317194376047,12.33676753568484,1264.1765634542087,0,0,426,0.5701113712716936,0.7780692391741959,5,0
0.5197739485560177,6.9953283636046315,4.030198295509648,3.451715880985442,1273.3291173897321,0,1,31,0.3312881255584781,0.5278087922800261,2,0
0.3370031764312863,9.908298824287353,4.46966179896386,8.26108695906796,1266.012417364904,0,1,432,0.513772228623453,0.9098753880905921,5,0
0.8288833658826095,2.923333034680009,3.1347100274026705,9.64950888835665,313.5959374257378,0,0,329,0.7814659606325436,0.7186155314473708,0,1
0.43088752366180594,5.082255131904996,4.409079788867835,9.184747827281818,982.5691259854628,0,0,225,0.3739238397939703,0.8940688910340702,0,1
0.2487142725876299,3.4293980549851684,4.219960053809174,19.478815333335636,120.11430285674544,1,1,214,0.34564323892418336,0.6284875471410767,1,1
0.61714498660403,4.517910517779913,3.307036244284608,0.9100847558059222,1287.1476278048797,0,1,122,0.5010998989193534,0.6504557281132792,9,0
0.7067772168854458,8.598111272720004,3.863720370142405,19.01936372904799,1112.1652709120685,0,1,146,0.8549195885741852,0.5037070205876693,6,1
0.16704190790094986,6.90524893684717,2.8681845212458166,11.638744279880665,843.6152232589537,0,0,339,0.6989257517691867,0.5713848843612958,3,0
0.16761921628831766,8.847923675206301,3.6314112585889564,15.914554299396766,1122.828006335264,1,1,51,0.9660635020692852,0.697426448389755,3,0
0.03667142693354297,2.1944088616524877,4.702993348889102,8.607852360321509,232.0537353124811,1,0,179,0.9236323479421005,0.9629414565960321,3,1
0.7364020150656405,8.758938954846093,3.552978449563477,9.076757625139608,840.1181650475988,0,1,289,0.3209097574585939,0.7200824319776943,4,0
0.6638045276218051,0.7856702869481673,4.598916766188555,17.58652998031647,507.78708854302363,0,0,186,0.2340422196857717,0.40316473424627547,1,1
0.4746308757498139,8.908272948284093,3.975633413149236,17.91868992583804,1461.6672485121621,0,1,485,0.5192757873558034,0.3048973298335407,6,1
0.8441704489691971,3.424923038715134,2.979691782755892,4.773777628625952,1299.9651308734624,0,0,336,0.6176635830549118,0.895691498856076,2,0
0.8056701529500532,3.282958807457852,3.952765611744741,3.9848375716923634,1126.5859741675677,0,0,107,0.6124564921749716,0.5550277963563071,2,1
0.5853543643967521,5.218468051646907,3.7649583228926584,9.92470347739902,1407.2466893496246,1,0,125,0.30728581421684426,0.520476157747883,1,1
0.8682712805132586,9.41876383968767,3.49660333799096,18.00554054255383,585.5806263916633,0,0,260,0.29985394572368834,0.8605117860596674,5,1
0.20584121003676825,0.6682573738777726,2.799076098790176,6.447101868123526,1361.2318585834537,1,0,193,0.23748860462336296,0.9617550093628848,3,0
0.11191961939772788,3.6518635556933043,3.5417716596180746,13.040292306782625,555.3335249493945,1,0,296,0.8806879408443204,0.8236315618463694,3,0
0.2697496115169896,8.59440548909669,2.681905940599068,14.163033754812023,1125.9154075676142,0,1,33,0.9581953104545431,0.4216931190380026,7,0
0.05708685608931485,4.081333878867574,2.746922628496878,15.573493297883116,1130.9836764870288,1,1,437,0.29254801617437737,0.5739648055137295,1,1
0.531169528001032,2.151737596451257,3.5397913323317898,11.278489158419266,125.68982703573086,0,1,275,0.3704978948392893,0.8315789867043184,6,1
0.9366056922949615,4.362982977047836,3.2634537049211594,8.049103565579392,605.4835775894733,1,0,493,0.2718903077879283,0.9348480702694013,1,1
0.03934354066850965,3.97841451461836,4.813860814655559,19.34031977597946,127.20574137189703,0,0,181,0.902001736912668,0.9990200447647621,5,0
0.1221099140100268,9.171078774373694,3.4392645134506763,12.226615066057054,1495.928824654348,0,1,238,0.9669669868289927,0.65809263499673,4,0
0.4521990282834353,7.666956882282352,4.3946453051802505,14.571304232665415,271.0754665609332,0,0,321,0.4094372613767121,0.8757673728393649,7,0
0.9338750175279049,5.150132446291263,3.8256188159156066,6.899656913917567,859.9352539073531,0,0,347,0.44286706394829994,0.33264214994416885,5,1
0.3161561049767505,9.886031553871396,4.260214171605838,13.398983620061601,1206.7787342676922,1,1,145,0.49013574753035166,0.5000773248284776,6,0
0.5072348086883924,4.759719806504049,3.150289957538498,5.155953243282518,381.76904316524946,1,1,43,0.601971007504585,0.5600593823432425,5,1
0.0415728590503921,0.7707307420386973,4.854762432095823,4.901938350572723,779.0737353336617,1,1,358,0.7459687829159416,0.9828666916973259,7,1
0.14834320096208886,2.770288353786852,3.8252212422860596,14.294444036188526,950.4002652896112,0,1,303,0.6035124666036993,0.30237555375040237,1,0
0.9866301229588469,4.473490706149264,4.578310178213124,10.427894725258701,324.28665615376354,0,1,498,0.960801265340993,0.5156145164338152,6,1
0.9651186964360455,1.7376457166319772,3.4126142336902836,13.665532208447795,1189.977643876154,1,1,290,0.27991476681719896,0.9512885817290326,4,1
0.004939980934409616,9.486138237975622,2.7505283726263112,5.388769814961833,519.0710400651114,0,1,462,0.8388844098200505,0.5146747645308078,8,0
0.951811785423239,7.715119198614177,4.184279119302122,11.974466821134609,395.4323068743764,0,0,366,0.46758647265077685,0.4575467360702038,8,1
0.6391199378155004,2.8292145641921724,2.5193991208435613,8.878672994062251,881.6042450123837,1,0,294,0.5020381504692382,0.8110619580051883,7,1
0.8679182945200221,5.989884428475576,3.6882324414137706,11.939205736910559,674.439078700113,0,0,487,0.7670635549681804,0.8217372250999058,7,1
0.4547398556338591,7.270201739673807,2.9820047566661483,5.817594644884387,1388.400322490985,1,0,486,0.9435016878995033,0.6305245178532559,3,0
0.5155960285792502,9.42453350328662,4.068438761088405,14.309019272982477,1332.0877774774156,0,1,258,0.7729606228428614,0.9628422289057963,7,0
0.4888465802569202,8.840026421919024,4.9485496828446305,16.11858732318931,776.6909287444365,0,0,18,0.8206884603035174,0.44189495567928927,1,1
0.6668642575461043,5.248883816154494,3.661007265801615,5.1983294771544735,602.9692846158366,1,0,214,0.8006233937270391,0.9393910837857182,4,1
0.1396512547563129,7.791595673971573,4.543745641314167,6.012411197112842,555.7251742837714,1,0,210,0.4567828847869799,0.828855653567707,3,0
0.029973589872677953,5.709018587510333,3.7694604673778027,13.22308539438186,474.58907231411035,1,0,380,0.8055443465457983,0.5577458385978331,4,0
0.3079299415911909,5.616498122446294,3.73960007776006,13.911703486070884,862.3669951974682,1,1,401,0.8276166081758414,0.8648360338063616,4,1
0.7046807627366467,1.3244711917142806,4.826058732946945,14.081993687949002,1226.970046628361,1,0,477,0.6267202565204102,0.3932415234896277,4,1
0.20185345212294836,1.4361490485582904,4.724914671866704,13.653970095516737,535.0592514849809,0,1,230,0.6294049909334531,0.39168774523525907,6,1
0.6734324333249173,5.389429427220083,4.4645011629699365,7.856154339050776,366.1317255633141,1,1,338,0.807776642449987,0.9509560422731842,0,1
0.9699120461072704,2.834843140794265,3.24063938329196,7.897073488073567,765.6773286566015,0,0,4,0.8536246897795261,0.3663463554917882,1,1
0.09390071578941839,0.4061616441125926,3.8625210393098515,5.096352472887629,196.64818351673313,0,1,310,0.4697563536245364,0.3028557247945833,6,0
0.6726021182251263,7.283824198222081,3.0597430832642125,3.1366739979272595,1081.7906085815896,1,0,268,0.8412497740602325,0.5723213441094314,0,0
0.44375021930457115,0.5183686475636167,3.6097917451163495,13.851547587938114,825.701572822707,1,1,161,0.851367205340329,0.37269568210248943,8,1
0.8681422543775054,6.033713042819735,3.7105326643994765,1.8637757194462568,794.9247311619959,0,1,215,0.3873005127348635,0.9041255452709758,2,1
0.1771497894473859,5.4840991824476815,4.579100100423327,18.755845735735633,520.6235313700315,1,1,273,0.7735605962533729,0.945885459410053,5,1
0.6926259522261645,9.694383967662484,4.740070913312483,16.533726073429026,1366.5428125444314,1,0,323,0.3492271374689267,0.6376984550494889,3,0
0.8381152896481102,4.945288765606889,3.5365501559911947,17.150114799145122,226.68080858937378,0,0,99,0.2744392903905034,0.5978300731070259,2,1
0.9446142194740232,0.8232940765024142,2.544261112683093,18.133376292303804,1317.7536124418439,0,0,455,0.659634409640182,0.6773274938608643,7,1
0.6832480282896458,5.606542084503325,4.654434599473387,8.172099414464801,627.3872833822917,1,0,170,0.9269217590267191,0.4583362373914903,1,1
0.4971747640084273,8.442742472037795,2.9356966962534017,16.93401446700802,1332.8729223650312,0,1,448,0.22836721882061062,0.5085761029942352,2,0
0.6178472402012138,9.969122985958112,4.0547049097259835,3.1612260058329866,1120.266041665337,0,0,251,0.8612013100759375,0.37068401933880335,7,0
0.8689049844787182,4.417363102152911,2.562427251085328,0.4328358921647135,245.83901732685362,0,1,168,0.6051769685628053,0.6125150637779544,2,1
0.5706097466388297,3.338927676468077,3.4987661881514107,15.697827893277003,1264.150801113095,0,1,37,0.888716358976984,0.7281841357735614,7,1
0.03038705969683686,9.08520231012959,4.964900755288374,1.495932959938786,1055.0475671793072,0,1,227,0.8747815481368375,0.9511566140741214,6,0
0.9309486955069778,2.07417286494599,2.7517340027595076,19.770493346518432,145.22267808148783,0,1,421,0.9002294438530309,0.8173512194387307,1,1
0.6895267510315611,6.231203367322681,3.5592328799991058,13.495928592031118,287.1837549535379,0,1,396,0.8150991638453386,0.8061446134872305,0,1
0.6765133857772465,4.176001356973288,3.2678748754748805,15.06899420484211,989.8792781699732,0,1,124,0.874393883637596,0.5155992734658714,0,1
0.21567515239771717,0.6026071765644418,4.76272030847066,4.916077125557319,1027.6407040323988,0,1,277,0.3408201657609629,0.921805308257031,1,0
0.6588854702326572,3.6034270481958384,4.673350269768388,13.477307878393763,1145.312005972633,0,1,284,0.44308251909995333,0.9628689876759984,6,1
0.3938644056541585,2.7992395205262115,3.094246900765572,0.8643987450991442,1108.3435610849747,1,1,136,0.3939889366458371,0.9525840555794258,8,1
0.6512329770414921,6.923693308646172,2.702969467626078,16.756514398472017,1023.3279365379369,1,1,474,0.7939426429824483,0.3271621185670695,6,1
0.10659303030799072,9.498146877380798,4.067845985152793,3.392481860631449,1172.7344624449916,1,1,365,0.32291449549370876,0.723045445412815,2,0
0.657845304603036,2.8268624363106505,3.3409217797092743,13.94716133667541,905.119988249322,0,0,107,0.3457822323022309,0.7502575740077064,7,1
0.9994137257706666,8.152366203686482,4.180210976515157,4.489610024654567,465.1079397342369,0,1,67,0.903171776577554,0.5065456121515525,7,1
0.04821203886055603,0.7425262059964133,2.5802993901695364,1.3690633885208547,1377.3272592230055,0,0,103,0.7647057543302707,0.9946885282105509,8,0
0.9771741842213173,5.473585898390169,2.8334980879437235,9.629873570987886,125.49964330476911,0,0,400,0.9003039823352694,0.5038312211729912,8,1
0.4069079607228706,0.8913906243569669,4.215930581931609,3.385724205455789,613.1864078200863,0,1,245,0.3114842066085524,0.451628160726739,8,0
0.8707534503372591,9.353523313080265,3.0309266382562443,14.588879766530995,1120.4184103360285,1,1,164,0.5191843236490419,0.6389019553102342,3,1
0.7823854840582735,7.710242549462425,4.643969189406004,4.751316867669697,698.018457609544,0,1,191,0.4265209360610541,0.5262031658392404,9,1
0.5670162609866678,6.647909129805005,2.6464772192753387,6.849451124716577,134.76817047202002,1,1,194,0.20774486822371963,0.946820621908961,3,1
0.7384492092513265,8.274184539921709,3.0387049569639366,11.348785025289459,192.37326436269848,1,0,131,0.4276183683509655,0.6080537119203409,1,1
0.8785155613013479,6.545693996587599,4.996400621212672,5.699365551546231,1008.092316793604,1,0,295,0.5036666015823036,0.5871046882708084,7,1
0.404140321651033,9.695655092308053,3.5826902564669814,7.559762324199233,1450.8104391674196,0,1,143,0.27377570979416954,0.7381034910759501,1,0
0.3270331615632387,7.196787889074762,4.257414158861609,16.312435420807734,872.6090901682985,1,0,394,0.6531900462614559,0.35678026987578637,2,0
0.6675933855635847,9.261654373906019,2.9566576221425342,3.584196991220514,809.4609452332767,0,1,218,0.5065381299781065,0.8297130627715652,8,0
0.8078459419412586,5.267892541704253,4.024671837463845,1.6440317896386736,545.6552982787741,0,1,25,0.23716932982203637,0.8378791752634098,1,1
0.7622851347766157,1.347231247222254,4.315265170923546,6.5671557026603855,459.3669434124884,1,1,250,0.7631830918943814,0.6318180843093674,0,1
0.7978136488586345,5.376141669945568,3.2861915896662763,8.487535340277564,129.3789744587986,1,0,94,0.7834238670728828,0.9689885587002998,4,1
0.435583314812933,1.4433537150183144,4.572242779939694,10.853185642731354,482.13681469665966,1,0,353,0.8675771543755479,0.7055373775570234,6,1
0.8178342161750216,6.00643609592877,4.008543946180708,7.44847392350014,728.7546172113534,0,0,199,0.588432479893586,0.7866655179714935,3,1
0.12020905537060844,4.928431993171097,3.4728075240375755,15.798234004456102,377.1296962685302,0,1,102,0.9749270378676078,0.9470414688521709,3,0
0.5444890979608495,6.3012388987612615,3.894105983357896,0.7863897533694653,222.2871838740009,1,0,192,0.9312513156259652,0.7664417403973546,2,1
0.0057586604981215705,0.29846041433734966,3.9419021185898107,8.635350763971159,1104.8190141564437,0,1,380,0.6410813000801052,0.602278205407883,5,1
0.3245858299002703,2.1094368182225685,2.913838231734665,7.6451182931280925,1352.468376695294,0,1,1,0.5559615448555337,0.31733982294320384,7,0
0.3664615348713979,5.015038232738883,3.5068309246674154,12.95156981613718,1411.4808975619198,0,0,246,0.20242754232233828,0.8098095209422664,1,0
0.3961726916092554,9.514934903573522,3.3585764700487326,19.32552503794792,965.1982198957851,1,1,90,0.768795625391387,0.9754062081207315,5,0
0.6954672066898622,3.959368595480553,3.5022568064478152,10.207508132577242,173.88441563899454,1,1,44,0.6519636032397529,0.6291645864751956,7,1
0.38855810127034573,4.358845855325621,4.402776471213144,19.73753693883441,1137.2076819464828,1,1,426,0.9500353163888646,0.5378380464517849,0,1
0.44869362262253065,7.204021672264898,3.7063460186666815,6.044987898263949,254.13342736664092,0,1,2,0.6753857001929953,0.6634815984896449,3,0
0.23754413087432746,6.117169021403957,4.850790383098161,0.6173626508492203,1037.6473647629537,1,0,417,0.994284875114184,0.8099060439792614,0,0
0.3732517916293401,3.129476270963666,3.2341910333960904,3.313263349528255,1191.112170047026,0,1,335,0.8830554174906324,0.3004833321374345,3,0
0.22726962726315147,4.226000676560792,3.5392589457123225,7.902497695491347,1116.210595157062,0,1,448,0.9628783486519625,0.9210482059122975,8,0
0.07319592376844364,2.3334580288008784,4.4673920261976034,6.326678183771044,1432.6373280655828,0,1,63,0.4621302170280312,0.9204540017748253,5,0
0.6034485933813779,9.667010299476043,3.8650614833018757,1.9410826196675535,1133.4047982543457,0,0,134,0.31946879581381316,0.6789085535260961,5,0
0.6682127985550163,1.4802169392621254,3.8675703660611194,8.653202153814338,1070.493689174532,1,1,290,0.8374976910361003,0.38566513632292554,4,1
0.6194903460096145,3.844000488750911,2.6333504075129586,6.7623154331912545,466.44044105634333,1,1,277,0.828957682375306,0.7702640562295349,2,1
0.46349404380057235,0.4532219277561097,3.4964991567961397,2.452384409148769,1394.6761610102624,0,0,175,0.36915915152445056,0.3964919640743193,1,0
0.3797857801792298,2.373439020948755,3.176834331054331,5.922342612238179,351.36141911183364,1,1,415,0.8117957233079303,0.6552830060028765,8,1
0.8633336495718252,7.848617156125519,4.998337807077789,17.72872110710781,1366.8552560623768,1,0,281,0.665578686433125,0.3655409803867819,8,1
0.519081785136218,2.171517276431019,3.2708876765807755,6.040977309786804,537.7275606842745,1,1,119,0.2876201159213384,0.7123457368082509,6,1
0.47918187762973097,0.984621344783863,4.711241336984658,14.279108464841032,282.2290314287362,1,0,261,0.601426878056167,0.5226485275825912,1,1
0.025642065806435688,4.8496411624763285,4.1905843376011935,12.240941593155112,1257.356238179639,1,1,173,0.9449104006709428,0.881693990316252,3,1
0.34124782762615635,0.2976985003982813,3.352291022980226,8.543623248167435,103.4936350411608,1,0,438,0.605166036356183,0.8599622883458904,7,1
0.38019561878585706,1.0307083133780652,3.858835945935309,4.7805127360733835,1264.923644753163,1,0,458,0.8309591916427777,0.9989317128321087,9,1
0.3988227808969005,8.114733521717156,4.601339699872984,7.380293986918909,467.23657886436627,1,1,478,0.22312798931356526,0.4802522222930553,5,0
0.5801723692273323,7.760438779624144,4.70842074507728,11.842144269420857,1338.6097818578698,1,1,117,0.7824651302900749,0.34326076494570623,4,1
0.5336025467268785,9.16836043996798,2.900984687515363,7.0150642949870985,1068.0708551382108,1,0,438,0.9574699089099818,0.6101022856041913,9,0
0.6079050927934446,8.574251271925345,3.348932853020424,4.2979286714846365,1032.6566659908262,1,1,340,0.5996222279143486,0.35838233447659956,1,1
0.7648832615421283,6.895120519750218,3.338057950533929,2.329254977832642,611.4473884307807,0,1,184,0.4701679304204691,0.42494980054603415,0,1
0.8129857387160935,0.7128620015464959,2.6051119901898616,17.595338758191307,183.16416344707937,0,0,242,0.7173204039095178,0.7181100989530866,0,1
0.7181230762264944,7.871916456269244,3.9955943996297414,8.806259515038112,1262.1023374878082,1,0,213,0.9330089720745756,0.714491595941009,0,1
0.9555236959549347,8.486005946237492,4.63705013248047,12.5041664348586,339.26531324713915,1,1,120,0.34141572042667434,0.33032923441078327,5,1
0.01823258267636163,8.031005028565154,3.4539359695637946,9.808207222736105,621.1620986526531,1,1,62,0.5229553680181678,0.610033325992795,3,0
0.1957779856835461,5.183094546018656,4.350089862460442,17.45133036715927,940.4965597127145,1,1,384,0.32503222478547295,0.671153085007069,8,1
0.00756287497814212,2.4824380187649204,4.06925103400185,10.938697048964217,775.1552339848704,0,1,148,0.5973233857759143,0.4876169664739906,8,0
0.647474714154603,8.484233761749522,3.439121838732502,9.615628358982267,378.1248892398453,0,0,492,0.6323376104244472,0.9104302273128457,2,0
0.8980305489499869,7.326195535453357,2.8526494987307425,18.492019808434254,296.86289963519744,1,0,275,0.9553628917773282,0.4127690533524953,5,1
0.24348229657629927,9.811459509010746,4.273309631939918,14.393791920907091,272.54478115040683,0,0,456,0.5300121230141019,0.47773126350435,5,0
0.9270345447963066,1.7257874580081427,4.6364129223531005,2.2309981469371465,1308.2110340988813,1,0,474,0.6535652908317586,0.4098960905229271,9,1
0.06026739028956085,2.41151291391014,4.2146362310037295,3.554089223936281,144.18336868586707,0,1,28,0.908210059243322,0.38158264370939066,9,0
0.9344360268055143,2.275621868838727,2.544696210087045,15.742457258788837,1467.819963439852,1,0,298,0.45712400014092697,0.9152854288049881,0,1
0.3516226872396344,7.966889722689101,3.040582235977478,16.717026423599087,377.94016653957976,0,0,224,0.7393310951740719,0.4945014155489873,8,0
0.10142082844921652,2.031691505211158,2.67369996220883,10.90381658180593,254.45121563070938,0,1,172,0.8057294790576772,0.8057668136274994,3,0
0.48587175918632564,0.8532663322683998,3.925965248940567,11.089104557332785,907.7603166875132,0,1,243,0.46442258774960754,0.5995876518076748,5,1
0.25677656772050794,9.985895904539161,4.391194197101031,12.638659257028891,211.9803411169753,1,0,320,0.3314729484245156,0.7451114365137417,9,0
0.28487290196192283,0.4432086721624616,2.7764479676716487,8.78231548565279,943.4345684290329,0,1,130,0.6023276335218186,0.9497233373205465,7,1
0.3072899649262866,8.385391789556884,4.595844551483463,13.60398246967808,1290.8773027390585,1,0,351,0.48544138410664134,0.8912255069302746,0,0
0.8030258978326634,3.780595047196398,3.888772445988708,2.169625151328314,167.05723005439478,0,1,19,0.41316994543377117,0.34829047469416646,7,1
0.5391612766752545,8.44783150562659,4.224922530354313,19.225584847347726,1219.8160463399618,0,1,80,0.978737048555284,0.8916417746954524,5,1
0.31130769915600365,5.635280813869222,4.928504621521616,15.003096475898435,652.2684173749661,1,0,292,0.6017224149612266,0.6162764606964879,0,1
0.6103337833109184,9.035986048966329,2.7092024706192435,12.623484080180138,323.28688736369395,1,1,293,0.885182155074739,0.5451020088159197,8,1
0.7161506742231936,9.276691266863342,4.753060057444474,6.326441140189614,346.5350723744427,1,0,496,0.35625392843468734,0.7706715478231398,8,1
0.27262400073353377,0.2891621765516048,2.815256739968523,3.2191097491345833,1386.2703611719166,0,0,457,0.9515542119193046,0.9651455111694736,9,0
0.4135491015253515,0.9390393247293252,3.4823970165917055,8.186859276578893,254.84805271693025,1,0,234,0.8355451476552174,0.36589484831169616,7,1
0.12188609333694755,2.653515549794384,4.628596740827786,13.231534811481168,1313.4959019619198,1,1,300,0.8469537249513139,0.8376539211751672,6,1
0.18114934953468032,6.759291080362317,4.765635591844671,12.67419486846222,861.9424693770604,1,0,220,0.5118119001567429,0.4424556215305688,0,0
0.6811178539649828,8.90506752581276,3.7659291838628635,7.65282310131143,154.6786503430147,0,0,169,0.588509594462149,0.5660952859788991,0,0
0.18143834769562694,4.707431122680836,3.985261595688563,12.265727876662595,750.2666040042736,1,0,45,0.674683460718944,0.9116761113842748,7,0
0.5251633836670602,6.148336539487802,4.270368336496393,16.27496591135095,1244.429320266821,1,0,59,0.8318124289640518,0.6820594288086376,9,0
0.7090462617224327,2.0472985573964992,4.581896671131785,0.5256954467521413,1116.6839026947405,0,0,95,0.8792454016483502,0.3472196535652984,7,0
0.10687692309474384,8.088674972040517,2.8037779238441654,9.012420958605514,784.295384758605,1,0,268,0.2624362474815476,0.6556339850957168,0,0
0.5673122196289035,9.679815491264003,4.5251732705730685,15.17110456933582,1304.0698315747038,0,1,30,0.9232499100265397,0.8527493311489969,7,1
0.25656278370136376,2.8322695425630555,3.703190376279042,10.922889409267544,268.51066649232155,1,0,379,0.9499973220034088,0.6702164114359153,7,1
0.9629268752375798,5.049294325685355,3.6265585627704224,13.0295217585814,1373.9174747493164,1,1,323,0.6743099234854284,0.41682246728533656,9,1
0.4835456467199247,1.0439378829624633,3.5597493799924957,10.33352785210684,1285.0176918766883,1,1,115,0.34940049060392475,0.6115287525402723,9,1
0.8059925497751581,5.679539233337091,3.7730289631151064,19.83749089364622,1091.5875559201304,1,0,61,0.8547318661627916,0.9470417576277546,2,1
0.5502265421562618,5.12727773009747,4.862626383486509,1.0924307297807645,1245.042838980249,0,1,432,0.6388700916396792,0.760742793065879,0,1
0.043412532854819164,1.6154775447197605,3.870509431980379,9.820896435447546,861.3417095797324,0,1,145,0.8537571629731038,0.8109205545560125,2,1
0.6331513755940223,4.5322488885571355,4.882943845657849,1.8283309822903537,1045.2274007367337,0,0,330,0.8518465012714533,0.8501555552146152,7,1
0.951403342206657,3.47422559044832,2.9507253265391014,3.1957112422714085,884.8372989908904,0,1,361,0.269383452548634,0.3634853969353343,7,1
0.6016118201463312,5.313942577990856,4.310339947081583,7.660767008365237,597.599942711129,0,0,52,0.6856171426965313,0.7070755914889746,6,0
0.8191888594267902,5.939412487202232,4.530598846521868,3.110801830009746,896.4051163056486,0,1,401,0.586515439414977,0.5631406352297157,1,1
0.8842064633484078,0.2832566703506532,4.197822078337155,19.273743319133022,460.451465544696,1,0,50,0.9568955759996143,0.39741141457046797,4,1
0.22807977194893247,7.6578586329056435,4.017305700566351,18.935795534503182,716.3908391770993,1,1,168,0.4373130335403171,0.4418966908128167,9,1
0.21204483990822665,7.187540060245061,3.9120319527154557,6.7221929244120755,493.0855701643405,1,0,356,0.36480008495274,0.846812331607314,7,0
0.6109809888509917,3.789606584823918,4.65232620644674,12.79495424075359,272.0429052459446,0,0,480,0.9176694848153237,0.4130423737028409,2,1
0.4110284698067047,0.7187721685744191,4.55411649291125,10.675066411875722,550.6065989458687,1,1,356,0.3189724551200838,0.5186930250552035,5,1
0.8398613028667203,7.598338889893494,2.8057218029514988,16.31173961031537,1292.7821054586789,0,0,194,0.7492155669795695,0.499411336784157,1,0
0.9000231233980112,9.560716572685697,4.621469142577196,12.548912196338843,633.513078899228,0,0,448,0.4400158510734487,0.33404125474019736,7,1
0.3534213793027181,2.5534856410157394,3.535171548601106,0.00504908981124208,1147.2051085564167,1,1,82,0.6542766043979822,0.623510914467551,8,1
0.23687055897448206,3.3705412146229716,3.134242074989527,15.263487712194777,345.2769959334257,1,0,378,0.692975546273009,0.836150889518446,0,0
0.7805255152438618,2.0013663169217866,4.674421420034815,14.936962425922362,694.1868228346982,0,0,133,0.5338954255663735,0.31550684292422976,3,1
0.2748060355481361,5.85397400877943,3.580061999084354,10.19445411132962,260.7984970692472,0,1,457,0.9799719841896766,0.37878601533592726,5,0
0.8226143185136784,1.7174456675450585,4.5209117254420415,18.058379464661076,294.0694887144856,0,1,420,0.30546653446798333,0.8041306757182975,1,1
0.42373825364876283,3.690700645921519,3.1585090298896112,18.168924113808032,964.4109318460968,1,1,267,0.5131192712294057,0.7155066934710395,5,1
0.6675498992914705,7.030727536555777,2.5098233035555446,10.478233534087945,950.4745444286156,0,1,491,0.5443162614994527,0.8006733298340774,6,0
0.09553531383466818,5.689136633491615,3.738647982257361,12.159764623930753,398.7206702968071,0,1,80,0.7048375591969454,0.4610727684139969,5,0
0.623859324676573,3.987333130413766,2.7505706416072107,19.930441438493446,764.1924720043181,1,1,218,0.5258078065556153,0.8626381483081833,9,1
0.4517676787372291,4.318446097713911,4.385939888812274,5.97640469622835,1308.6286337691272,0,0,1,0.2776288090977306,0.6359097420771936,9,0
0.5866084631754741,5.70868664970765,3.190187840173526,6.492344846229548,343.882112147076,1,1,308,0.957943998544661,0.7272113819252,7,1
0.16801420774486342,0.2574743332941808,3.609114116508697,3.655478053269927,126.89474630292077,0,1,408,0.5328632653109486,0.36450739204058535,4,1
0.7368737449441821,0.9693967108453767,2.7175839127288857,17.91733878315736,1012.7931969290013,1,1,250,0.4741389817736581,0.4435221083518749,2,1
0.8627970775432285,8.836329064077514,3.2166481211181317,14.889767798985325,174.89749132415898,0,0,493,0.5573776993392038,0.8413505171272158,1,1
0.21673980009077565,0.9632140930946496,4.45372560814643,2.112856977404838,1471.9163340014243,1,0,235,0.37327654570313795,0.45673590883214493,1,0
0.09571455552016173,7.126675242862951,2.8789697797557987,19.635347023959312,953.4683973184334,0,0,155,0.28017734773492076,0.36477087926502105,1,0
0.023638586046336396,9.216374008268716,4.117898902817394,14.619234163222321,758.5548939815612,0,1,428,0.31886278328709006,0.7180422975764702,9,0
0.641971500443266,2.8526993221569654,4.793564632011253,17.01044219209949,701.9895560340294,1,0,36,0.33332386160284766,0.6835555613132129,4,1
0.6070940360887808,3.8308160831832403,4.199591899394301,0.9630157834640185,902.2989219237039,1,0,228,0.3581387505727161,0.725525750288305,9,1
0.54669741271407,5.77542977727822,4.527554223230567,10.099218378843354,226.87421140830088,0,0,144,0.5359681697809539,0.7328138474541639,3,1
0.23194709611597542,8.84074790245813,2.7724290732597896,13.971965734540785,1402.0266823472941,0,0,324,0.6991194152353228,0.6501381421051526,1,0
0.39090599590551467,9.430674755152118,3.126829565005136,10.858931691436826,975.8988959726289,0,1,55,0.7031102704213861,0.645641744398059,4,0
0.594476335186173,7.447719831490428,4.7363471306014775,13.33294931398555,357.5698966552723,0,1,120,0.2000780556495415,0.9469158957026236,6,1
0.4967668588591694,1.0488736563760015,4.287764034045223,16.35748127180945,887.6134752705279,0,1,313,0.9367661335187198,0.6737172074158182,4,1
0.9877855202148873,6.757710724241538,4.098884565943278,7.486741259203924,286.5591081662163,0,1,210,0.8582777444258574,0.7321101416897011,7,1
0.13643975255673313,4.220976474352089,4.1594168403042495,16.973373512374195,124.57380458163696,0,1,259,0.971150431548832,0.4868785743571212,5,1
0.6951445540475938,4.812869795012404,3.5355013857616084,3.2583220953058145,982.7237792995973,1,1,102,0.4879890757841543,0.9097652405615337,8,1
0.4043187681042921,0.681654225382735,2.611391579044133,5.417721100527495,1007.8766786181789,0,0,438,0.7318394213515176,0.31705766486141423,9,0
0.42819961492561476,2.0724089655943105,4.461103855176822,0.8669123985465155,917.1752159247817,1,1,304,0.33441659940487767,0.690058733608442,4,1
0.7175977656581762,7.947033353829749,4.196783090538385,7.288536226705022,356.8764861040323,0,1,234,0.8536264217762688,0.568695206638676,7,1
0.6924361513243696,4.648796563869026,3.682011160281812,7.598190896482406,944.8018018926739,0,1,37,0.3290941783634951,0.7227329368923339,5,1
0.9912559937021883,3.156289967985259,4.749399038420643,16.10541194414502,179.11531729432772,1,1,300,0.46078856064619966,0.5521204348399661,6,1
0.12839428945412523,3.9633869248565903,3.340399162462747,13.062613405793119,952.9336978006912,0,1,107,0.5926678847575866,0.8023815382023527,7,0
0.10410964938416634,8.573115230591666,3.23580436057809,8.734451163113333,875.6238267506664,1,0,413,0.6756253350822004,0.31423201008140156,3,0
0.7243388171287412,7.540190370568578,4.681990812698607,13.042279572474964,1017.3567631747393,0,0,223,0.6477064194293853,0.5841226071384,3,1
0.5783869170064091,2.8686908923746115,4.492469136897464,1.0556670103138233,1353.6658480533513,0,0,292,0.2816768093679978,0.8818845198196896,5,0
0.27416066655980587,1.3515180340812585,3.787449526620862,3.6054307203675218,1290.5013473353513,0,0,183,0.5373408022910808,0.4751405024456051,1,0
0.0794193689889866,2.6695825721119033,2.826836848644625,12.5389571048351,1472.9158681875542,0,0,154,0.938327411364658,0.3369256148662254,8,0
0.08565824959643054,9.22341322033639,3.037678678662631,12.827336384506046,1466.7374461112051,1,1,31,0.8978948222014813,0.6475668521956179,7,0
0.8941908746641183,5.899570610927603,4.140569976022016,15.482693174148544,1181.2475707232536,1,0,233,0.6726268186037119,0.9835734223687529,1,1
0.1918673247187429,5.428106045698873,3.462603094601029,8.059995181072043,1438.9874710488193,1,0,394,0.6578596603628811,0.34491099307459566,0,0
0.32337156211552076,6.044657276986124,4.591182979164929,14.451081932323124,1314.1974402447568,0,1,488,0.2893401461194642,0.3490395449248553,9,0
0.22665640222698802,3.78707700431585,4.874887523330511,13.679606651203787,1118.615429852962,1,0,249,0.36020756184824276,0.7165815954626746,3,1
0.3549963058319373,8.109648799131225,4.514092313187295,19.26786756739698,205.53795650125727,0,0,57,0.40211179408327685,0.4750473990146904,3,0
0.06942384274609337,5.328205243142449,3.4438635574888927,4.302604528493584,168.66984357784287,1,1,332,0.5905565828190446,0.5871618635460577,1,0
0.5190597909082704,1.3441294471341962,4.47171607307856,11.033591275052789,1272.6393945080783,0,1,162,0.785084838476575,0.8813550070995735,4,1
0.0676125635922149,1.4648382233248172,3.3786041836767087,12.035288842209386,785.5182010203777,1,1,16,0.5685802844834066,0.4391940789277615,2,1
0.8003565078223616,5.46121963572566,2.917750219414085,19.972957698684414,1240.4493581248892,1,0,413,0.3008488334699182,0.8035099558870031,2,1
0.23371208191043302,9.378388137094223,2.5834830121646437,4.0236828433330345,538.0855789173072,1,0,253,0.5514791016091044,0.6531398592872895,9,0
0.5400119146045106,3.221850792426748,3.46429178190255,10.464360399345844,656.709801652218,1,0,145,0.3301066029991107,0.9334703846899901,2,1
0.8800790875614583,8.72150345482034,4.758898259243205,6.923706154272777,1080.2614094167047,0,1,228,0.8009178813543076,0.9810734002054946,3,1
0.6508773690471942,7.688136748473018,3.0974664693891913,10.517859371579997,1381.4574317049305,1,0,239,0.33320068832366323,0.639472549957377,4,1
0.5329577865513353,2.6285619404876877,3.01628291232446,4.642572042062119,222.86606427044032,1,0,285,0.5860271916355654,0.7092529413808268,3,1
0.3243337531153756,0.5561393334991761,4.924551963102601,0.9522475685497622,1306.0694024884488,1,0,345,0.7547308821288745,0.8220897785162873,8,1
0.33300191305819793,1.198103198395351,2.5625102821264805,11.451309077953777,1210.2178148311114,1,0,374,0.3825584511561669,0.5230718993104035,3,1
0.6694869551981901,7.339240551704915,4.464455375984386,6.717086317216642,541.7549790217965,0,1,15,0.2608240861098612,0.45871824536627276,6,1
0.9941393612211675,2.156763432798338,3.3034248893521756,3.638828034968673,597.3032597841834,0,1,74,0.650639580859799,0.9752796207101035,9,1
0.6618391898493786,3.8384550209528596,2.5937198921741484,6.4787113215606755,165.0460681106735,0,1,437,0.24336213080351402,0.6028307738537046,4,1
0.5577834173700249,5.116651826862964,4.7945063505239585,0.9856040289548984,122.03685556340517,1,1,259,0.6702149143745344,0.3011135785610416,9,1
0.7306505102392461,7.3095880508115965,2.849105825523959,19.008844681802067,767.8085769008208,1,0,382,0.8027988300689612,0.8864028089675584,8,1
0.46520561228371815,1.3096659879394288,3.8794482093142384,11.622958299465209,233.75550369623474,0,1,360,0.4634527933378452,0.71976491290376,8,1
0.060142342600785215,4.182390771719123,3.1851355185738695,16.295373626940496,371.60254018129825,0,0,398,0.5906795272645537,0.41799099390421285,7,0
0.5622968158779098,4.953714509598416,2.6629820054617275,8.462363950954607,1285.474079337329,0,1,459,0.9430094705799572,0.32109778522395527,5,1
0.9576252845053802,5.5001052269210895,2.624806214158448,18.066293351323715,899.4397477506335,0,1,410,0.576887091340442,0.5040377017292117,5,1
0.17530294235765964,8.219934285673123,2.788891747090847,9.666364431045068,987.0854121725588,0,0,495,0.9972432491147112,0.9495209668315652,1,0
0.6900048908206657,1.8824463114235257,2.67841753472345,11.478906444013388,362.471063164688,1,0,3,0.32560192908613833,0.9534438190249286,6,1
0.20093368865905648,8.1167482279009,4.401395288799807,9.835879601253136,1260.1265262361874,1,1,418,0.7671471219866313,0.5177024404114827,8,0
0.5358276844730813,6.9902085914271925,3.713915505708573,14.665565917353032,1315.1716814156466,0,0,250,0.7220948785578032,0.8851516949745017,8,0
0.09667644964671962,5.647533979149802,3.3572302283724493,11.333121552041248,832.6586311982608,1,1,84,0.8978438508210618,0.609291726279967,1,1
0.45037093625818514,7.055373129945205,3.545922275330018,5.431978471607954,1377.5808806301238,1,0,62,0.2739545695924326,0.7580413243956161,8,0
0.7561633288952461,4.237773841726233,4.822366838931558,2.910790626452926,1282.7600749364144,0,1,99,0.42416527320145336,0.534110713109763,6,1
0.3475715242389821,1.5562963424876208,4.776879531845368,12.122487777659554,1123.8538473442131,0,1,321,0.3057433806082682,0.6611808173896895,4,1
0.664911724487218,6.7244993546006,4.289191200306442,9.783599230940725,1127.70628197108,0,1,242,0.9464760978175373,0.5056456125852286,4,1
0.7954499607897292,5.341788605519099,4.71170594355422,1.9195139339222589,247.55086353120862,0,1,294,0.5413082597162058,0.3427800536495239,5,1
0.9271778194794527,6.465873045319201,3.299120068969062,7.912349315865368,479.1704527739321,1,0,411,0.9280526764280552,0.3975647303340772,7,1
0.23464208185545354,3.5123880540792025,3.452773315020707,10.295528440009072,193.58610774474647,1,0,161,0.43552559548705816,0.503472146131266,1,1
0.39931591580930814,9.087292457930392,4.03428045463557,16.5378646765118,112.15369291683213,1,1,416,0.3010944810893215,0.9833776487832908,2,1
0.15241601333041743,5.956224712040655,4.05906486824316,1.522021116667247,321.6333439374742,1,1,177,0.43722981838881314,0.9759705051749941,9,1
0.9924835021583752,1.0369443460505636,3.7042495950308525,6.9699069649200585,1332.682055705716,0,1,443,0.6777394874624392,0.8793643397391717,6,1
0.9270009679242953,4.608079108903402,3.5016446210948833,16.45312245420771,435.8236826504721,1,0,327,0.8761860734276727,0.4627542357672608,2,1
0.5399571302805596,7.612289336487617,4.965450779021738,12.968478635431575,1458.2155476284104,0,1,327,0.5083125545799976,0.6091214983792758,0,1
0.8420332943764213,7.98251870497627,4.552809065294311,5.799166436075735,936.2073993856886,1,0,251,0.9318469274027874,0.607847986943493,5,1
0.5209579772720422,5.047051117084837,3.587450494720113,16.906702440452847,432.16188268856655,1,0,41,0.39538564774234297,0.5708812713727287,6,0
0.6235856880027597,8.968526194146751,4.318231193098921,9.865871611253848,795.9831248778979,0,1,241,0.7548325498430135,0.3314162135628219,8,1
0.08912443211601662,2.8231506845041165,3.1739042331311484,9.96703782620921,406.73275178016155,0,0,341,0.7885706803858179,0.6741691619570224,0,0
0.7552704204968079,4.223867232935013,2.750423315593325,19.531746784007687,1477.5629814553233,0,1,90,0.41917033546449284,0.3509683944874026,8,1
0.12771348363523483,9.006249723575907,3.3810775638818518,18.942330064727567,1286.1709774669494,1,1,27,0.22157590264042196,0.8613430765025607,9,0
0.8260676302525284,8.983315821421472,3.5074320003084853,7.170653667396878,136.73430429526076,0,0,458,0.49218987364060435,0.7839149999913471,6,1
0.7820280876703859,6.919985134481873,2.541342811401677,2.811582573261646,1426.8864440544596,1,0,154,0.2361569178449089,0.5469159046504742,7,0
0.7087446977429764,8.618009361797757,4.53698000408974,6.513334645561882,1109.4911502240423,1,1,118,0.9206030203217421,0.7529954675487242,2,1
0.036160380524762115,1.0699780161710801,3.3979835059729537,0.6096652062277608,215.33375282978966,0,0,384,0.9628202103472463,0.46312590459136865,4,0
0.3031283559453286,8.676950766836208,3.9510454144503675,0.41535773420782407,1038.8928448570236,1,0,486,0.7883039327568004,0.4856750454696427,2,0
0.26311256991084286,3.342075084192223,2.6849079681773897,7.910442725028384,1005.6973771519597,0,0,219,0.7813476682510672,0.5198934618477834,6,0
0.3601364074715191,1.94764882179652,2.93749207187646,18.82039645394468,406.30424413061684,0,1,346,0.3927141355293845,0.8579081199547307,1,1
0.08764274676383854,2.5458243961520544,4.7242343133189,17.427146824644154,1161.8253800106058,1,1,263,0.2591404612464677,0.4474839427922591,5,1
0.9369578230310628,4.296091378536094,4.021718819707002,10.22885667835246,221.89058463815397,1,0,120,0.8416837086887334,0.6939468592402269,9,1
0.5538022407123763,2.661681645123779,4.875710125426214,11.304527623416615,785.2232537237469,1,1,45,0.6473295452426941,0.44032698009503946,1,1
0.30552431065802355,3.341562342961691,4.996875085978292,0.11866993492112954,113.8924900283231,0,1,279,0.7453020246297399,0.49952619754369043,8,1
0.3969815170742834,1.5227891635020925,3.429650288332736,4.3100231166753105,1456.232484452645,0,0,114,0.823712854468984,0.46483690509054393,5,0
0.44720254050483565,3.102532302478186,3.2470076602081868,0.4954825386876749,1152.189084487673,0,0,167,0.5275474151618151,0.7515032697513,4,0
0.6005943333606173,5.808381382511612,4.645890137897742,15.090790653907751,322.39290662351846,1,0,434,0.3156372719826542,0.6687102611190462,5,1
0.5156794276964978,4.530166339292427,4.996528567593636,2.912915920529955,578.3436559317961,0,1,245,0.8360294394903163,0.8049094021338874,5,1
0.9193919732144173,3.59784386011193,4.074103085581143,17.380942049536337,324.78732893144684,1,1,483,0.563012511382726,0.4539604061330901,5,1
0.49696348290583026,7.515230862799718,4.487851806278806,12.866486273515765,1173.2644497810404,0,0,374,0.8615393846847461,0.3064039750082261,9,0
0.9921580148233127,8.956397719654515,4.454364647038187,4.588373530314267,182.45485559880123,0,1,279,0.5501593174080102,0.7763566969912343,5,1
0.8514249577450957,7.616534384443492,3.3883492705488676,3.154406341664995,1276.5693177891999,1,1,233,0.3736131267658449,0.38039777094655314,8,1
0.2085105143573358,3.4536068807532563,3.935675950642718,12.552494018461061,1419.0748743700217,1,1,21,0.3368040133230259,0.47241365709676925,6,1
0.9305952146439163,7.495533244808027,4.582642353160534,18.01673960564647,1047.27911992882,1,0,201,0.7951374052473343,0.5139803067228559,0,1
0.11636639788547609,1.6894057882457019,4.220284690652639,14.367204378287632,398.15163000200783,0,1,67,0.6599112982351973,0.8227614646036077,9,0
0.8174497084911916,1.477116283294651,2.552909534955096,6.970933032067553,604.1261341389711,1,1,135,0.5236823203717492,0.738124267460199,8,1
0.3806232934765801,3.587144962954358,3.341764172243834,11.747671905372943,768.1358247325038,1,0,230,0.5936934049530656,0.4289858055680802,5,0
0.8779743204450695,8.115483216631759,2.8611892414865134,6.215233907448427,946.4746810831552,1,1,57,0.6397108842292318,0.7185214674338192,9,1
0.8680566901074503,2.6142128229745585,3.0824305301950976,19.98299133557318,1036.1283257363625,1,1,14,0.39153315346063683,0.7957035965774283,7,1
0.8059254001176211,0.81988340720706,4.7637236937283145,14.976783769237024,875.9006014464359,0,0,263,0.5025324637581514,0.57222804195312,2,1
0.7900304363070614,1.49075344502228,2.59223322227692,12.287632795135073,591.8394891505981,0,1,476,0.43392917208778803,0.47216703981949637,2,1
0.3046791390980408,8.615700691589886,3.0495017799048094,8.465182855316584,1347.2841927908642,1,0,169,0.5107390773965018,0.7752879410403524,8,0
0.08091928305125218,6.41107619052342,3.2739233805955785,12.363045805191145,213.94888122514152,1,1,422,0.6004497708143239,0.727623840099048,8,0
0.40298017876516146,2.6813714010257717,4.042210179915987,6.832321249346696,752.758475940893,0,1,498,0.3386860312434927,0.35453851092957406,4,1
0.17352451498650867,5.641899088216178,3.8352542252146637,0.5772967891606151,1185.790773854473,1,0,290,0.5148120501191105,0.7666757481636279,4,0
0.6949510889024617,5.370280299768434,3.0456737071334654,7.901770447132657,185.22173140796127,1,0,168,0.5083955546455388,0.6419625529847091,2,1
0.34609972653778553,6.623272588718481,2.9106026680578863,18.60961639159734,1087.4693035358216,1,0,47,0.4288030534738102,0.8273582698844091,6,0
0.9756102008599149,2.4852380333318402,3.091995086490297,12.526021895477317,1247.596271854655,0,1,461,0.9987970598419618,0.43350227931587876,6,1
0.640972077345332,8.671149274505098,3.756324066754139,1.6791140614180322,1025.163817937873,0,1,95,0.2589020071954331,0.48075149253096344,2,0
0.822480563634361,3.231811908384126,3.1779444642780086,17.699872267900517,118.1116491854984,0,0,326,0.7143609114285887,0.6803189173682649,7,1
0.13252467274184843,7.002490208967122,4.869006254019306,5.377496986830296,352.19183798508874,1,0,43,0.3395508852291485,0.6372134695245394,5,0
0.8620144822726226,0.35802153444770596,3.659663053572119,4.875389861654549,578.958310448731,1,0,352,0.8716191914281459,0.5704557597395477,2,1
0.9227571905133943,3.8520398729626435,2.6469900413615925,5.941819375606416,427.1660498932643,1,1,239,0.9313572288074408,0.8222233201008522,5,1
0.4870619188189359,3.6467562159963216,4.323166014591584,11.54404472251915,1447.7129963183984,0,1,290,0.5211823860871672,0.6953260945397977,0,1
0.6062529377509774,5.526147400113542,3.322113220522474,10.893761868679533,1012.2314797593111,0,0,282,0.8587827595365678,0.797190297725883,5,0
0.7648098009029954,0.9128153654165256,4.133722330145619,9.828275092457634,515.7593402921984,1,1,448,0.3999275594800484,0.407278473623381,6,1
0.17483862726041255,7.943287462515862,3.19898592630808,14.35073727025254,1401.5764981316238,1,1,69,0.3120548058634093,0.810291806601876,3,0
0.5025660764634424,2.334251857322172,3.9268593543333,6.33075462669918,1136.8318792666616,1,1,252,0.4527026131220888,0.6230696756702043,3,1
0.3986630277723131,6.834970585843701,4.430381262018662,15.641290431448622,498.4500965578587,1,0,65,0.47333921111283783,0.32363755497921093,2,1
0.1463739921622491,8.071478807792113,4.820021854436385,3.5064335675719827,630.4341971627375,1,1,326,0.5178860358284632,0.46414408779754934,4,1
0.36753442229153144,5.70639417116683,3.152817861082693,15.652415781540185,379.2004016255394,0,0,455,0.49836715356625505,0.31802947421840455,0,0
0.06817230938549357,7.4606554258754585,3.337142377497453,13.276202105005657,1459.5035975721505,0,0,446,0.5289155622804032,0.6198121653937305,5,0
0.025811906949486985,6.686231059707055,3.660666050714849,13.664166190951729,824.2150942461025,0,0,492,0.768026692644104,0.5281158323885597,1,0
0.13516628915482276,3.684192012089675,4.817937094339972,9.631067942545199,1354.4793624971785,0,0,476,0.3964641062925882,0.9912146919392759,3,0
0.9631151115891738,8.12681368252894,4.7534671420266426,13.340030653617294,585.0996794235868,1,0,335,0.21486047661209737,0.9079528818698042,5,1
0.549529535895017,3.0880734248781745,2.724695700251595,1.5959409311891481,1305.178244336466,0,0,284,0.5917444411050173,0.8779696022402044,5,0
0.96582216115322,5.7978865939648685,2.829824564384527,17.031022340987345,175.44158779802956,0,1,30,0.5586329953638912,0.6507815843218718,9,1
0.432497878330132,7.504897843587088,3.7387729433265955,1.1109446697529202,1474.9264445340032,1,0,447,0.24805199187474436,0.8649612495455368,6,0
0.3118161330852596,3.9137679161625747,2.7665481820135587,2.9748301974299496,1376.8481138466236,0,1,213,0.30704112120113103,0.48680875322392864,0,0
0.5061418628402441,3.1671225546507658,3.363952183371744,11.535794169944726,608.4841226873169,1,1,180,0.6079367157479152,0.6924546274925674,5,1
0.4395116886329101,4.701590899693663,2.870963445543694,14.78822910913383,1184.6110314404084,0,1,201,0.38780060801566346,0.575042642923587,8,0
0.10566468426174391,8.216042244621706,4.090100887829715,1.5250312869250693,1153.1610970633565,1,1,67,0.9020786353131576,0.41993933806591077,7,0
0.6408263146902062,9.313233278827514,4.873738579347904,18.415296282446395,1361.7567159441044,1,0,24,0.33863398916759613,0.3508294019578828,7,1
0.2160381825095996,5.541817446026924,4.991834425735954,19.472152976013973,530.1569735803355,1,1,247,0.21609810547881303,0.6907528680801304,5,1
0.6195879548978296,6.682368812171789,3.438102831242287,12.119003460154222,751.7280074398093,0,0,372,0.5580510155128483,0.3683473944161443,3,1
0.6502010923981534,9.052081497941359,3.9975315927865305,9.624869107536732,1310.9994576484744,0,0,396,0.9889304884866044,0.8026021676801876,0,0
0.1520248531286481,1.1657591438468355,4.640669133810203,14.827899445594994,1190.0112357893024,1,1,336,0.7070980210451812,0.9450279351083091,4,1
0.06134962711066816,2.4743700630884176,2.79365518199096,6.567147046544108,650.8534062363908,0,0,423,0.48322377700953956,0.4134742767980926,4,0
0.7807615860684398,7.147220061265509,4.223911027629912,9.865288682102129,1284.015326076971,1,1,455,0.21349440917428666,0.6296570049571597,6,1
0.4598004237693202,8.272695726740537,3.5221091543126706,18.323020536288027,165.7356549253621,1,0,342,0.5879587517937814,0.8171422151418777,0,1
0.05816379550547579,8.598884477639663,3.0153654007004103,19.11310850483067,1194.8648241481862,1,0,390,0.36517280171074423,0.5007877627231188,5,0
0.9948663171697671,4.26805033317834,3.506884046868605,18.5413823210237,389.4722032071809,1,0,159,0.718203268357317,0.9445351637430561,6,1
0.05778056099636664,1.075531042460295,2.689900717412292,5.2489613392768035,500.56927095330207,1,1,279,0.666406794985041,0.9219258912089376,0,0
0.6950352288585532,4.490258477536275,4.238517871473264,4.649380804335268,790.5007810338311,1,1,256,0.41217102030974795,0.37262804901077456,2,1
0.9836789252634136,2.4611989840291275,3.131856671871133,5.953290118586285,729.6283014979635,1,0,110,0.25510618737493734,0.3191798400722881,9,1
0.23918010421592562,3.0537252589669173,3.278514112612195,8.826222247769204,828.7981496178332,0,0,46,0.8040153584322678,0.9835209380855812,8,0
0.14224936868719618,7.7682220570075575,2.8027032456036567,6.283348255839272,862.6858339408334,0,1,178,0.6683712756743538,0.9695325173397917,7,0
0.1213849394224289,0.9401654430536914,4.661647784724729,7.484255914781159,564.1387674440957,0,0,35,0.8737009996069027,0.5955999231261742,9,0
0.30327514756759555,8.31029593131088,3.7336106982068467,12.41273904241519,345.318518223842,0,1,410,0.4078400125093731,0.3353943268741807,5,0
0.10104581101064669,4.391157041076857,3.9303671944660006,15.250513541879517,1175.8737210022284,0,1,197,0.7222896518243298,0.7332128869222194,7,1
0.6921613416941319,6.041426524785832,3.9235817077371364,14.71116396535834,659.9666087219989,0,1,41,0.294944400422948,0.5053870751720594,1,1
0.06229179813006269,1.0785918661096543,3.5262327863533542,16.28847134158304,808.1772074426826,1,1,478,0.43344792633347495,0.9557060908303878,6,1
0.5094221281497897,3.5061189679013407,2.981324788595349,0.6436880643080434,1002.5754056915653,0,0,331,0.7252312895018957,0.8562633475380124,1,0
0.9966968538529768,1.0790690063454886,4.362831871246,0.9546757935751216,1373.4930912293185,1,1,89,0.8604650441158346,0.7547156488934104,2,1
0.8139702695060188,9.623128484234874,2.8176406633941857,15.787659213772587,1090.5739635963077,0,1,344,0.45674040139467753,0.49915269325947,1,0
0.6152194382310109,8.111164163397255,2.7596844756970262,10.661576446492639,163.6429158265383,1,1,67,0.839082845245201,0.7908880056092022,4,1
0.30625362078661167,4.70440099269331,4.275362593991258,11.562813475242406,1273.9845087572246,0,1,69,0.742201968218626,0.5024177867314428,9,0
0.6238958362916385,2.391304973571977,3.0220925511299597,1.0517372042875417,1485.0970211785268,0,0,109,0.4789398172060799,0.3263416889063132,4,0
0.5270414639116516,9.347860031448551,3.266931878382081,5.106276023425417,761.479035519935,0,1,381,0.9011175501955515,0.6559042113341917,5,0
0.4260833838903715,3.5770466381243238,3.688068667504351,12.767086097709555,1457.426471036441,0,0,396,0.6073832528283449,0.6420791813520836,5,0
0.13071037674019947,1.7776474305362726,3.6233782918238653,17.18363780221352,866.2602392804092,0,1,408,0.7185974580368659,0.8341041811183634,6,1
0.8866042152404667,5.719011006848758,4.2714478126624975,18.33966794362805,743.4623942207297,1,1,350,0.5965050735227841,0.9059717176481112,7,1
0.4497846488213225,9.448986379379198,4.058579483608402,10.008389916701635,563.9666706184371,1,0,21,0.5621759683926144,0.5481279420859835,3,1
0.19462251182076507,0.23753684690316124,4.110990405704664,10.909484654763952,1020.5768261666743,0,1,482,0.8783821737910851,0.6146311071425696,8,1
0.3677593508772896,2.533623463889188,4.285135826638643,16.66099262137982,421.7485887350624,1,0,276,0.4357635320309006,0.6292802937511697,2,1
0.41412975252892703,9.396786876021995,3.2315318185586634,10.752492014947093,246.90790592016606,1,1,398,0.22930337789097976,0.5269568590606655,4,0
0.8275378955668743,1.876642475200188,3.305833279501184,10.337170510746347,138.1319436178997,1,0,194,0.903826114835969,0.8203708465376331,2,1
0.733614380561402,1.3097858260702346,3.5949943697388855,18.101680755219075,509.33215780136925,1,0,420,0.8600191624409466,0.6654708296444096,1,1
0.7693048936413398,5.787834714838084,3.2686554325838153,15.798654421117602,654.0791650338535,0,0,44,0.4932483796556902,0.9397690420720479,4,0
0.011031264428647214,8.646069468289333,4.962344672427159,18.18145052722589,872.9073747937468,0,0,409,0.348360910964169,0.7552175403269101,8,0
0.4161539981797615,4.875676213400476,4.5351298160535745,4.364941095623076,509.849755261809,1,0,110,0.7404269144387767,0.4483275912257807,5,1
0.4813441516353236,9.946729715508342,2.911636720640074,10.487509733107135,1477.6834013395758,0,1,208,0.2630087229085114,0.41536605412292543,3,0
0.019192276823056686,6.85588265547233,2.513985389704674,16.849442571867158,508.4432355376346,0,0,229,0.5390038044310468,0.5606690365414044,6,0
0.2598132087450342,0.9259340906623879,2.6069581706181695,2.222956549342179,717.3655438249722,0,0,438,0.26868985723202493,0.5428485781798812,9,0
0.760289823122135,9.929754890483359,3.110158627607313,15.893243085879236,244.58663174466045,0,1,177,0.6783277402630103,0.584992277403757,4,1
0.13710970572899905,4.197363520445866,2.785728214592141,3.6594676682973892,464.8771186719059,1,0,418,0.221766707047704,0.4285137492131095,6,0
0.5353101314525917,3.0165448316857293,3.83334528723143,16.162375099706423,167.6649957045875,1,1,249,0.7033907005074493,0.9847558690185425,1,1
0.2152018720172375,5.667215999063279,4.644988056818397,12.240018751137363,883.3120868122593,1,1,424,0.7385644586315172,0.4019968410081102,1,1
0.012120774643893273,3.1822143998444705,4.341875552283069,3.864719829697343,1151.4905563854043,0,0,327,0.5897155797001209,0.7568541419570247,8,0
0.24120145759954148,1.047283569777493,3.039022657705476,9.467083586656022,373.9937400704951,1,0,371,0.3400058634380895,0.30914846454521283,3,1
0.9758737549100538,0.21399776217593186,3.4982481400644647,13.638103329215433,615.0753129424991,1,0,10,0.2811151509017658,0.5848727268233092,0,1
0.8015371118829896,4.6059168586185715,3.769735523828194,12.677058017670848,123.26271741802479,1,0,251,0.4506338785096026,0.5164283793665254,8,1
0.9595766443210334,8.401261537820604,4.525514623758339,8.544943924634087,1275.330878011097,1,0,343,0.5721653436800099,0.567417246417593,0,1
0.48785404392636245,5.808688819174751,4.597804007765411,17.98733057841854,1191.9489349043374,0,0,234,0.7137666534758755,0.6486541413411795,1,0
0.1097361986775035,9.99223152964572,4.7742957797694405,10.385268289756887,188.55564322400932,1,1,135,0.2010001020147997,0.7202625010670224,8,1
0.547959488973693,3.01109712734256,3.773113126257188,10.117345970573767,610.8146530485758,0,1,253,0.7688511353882905,0.7084579413560099,2,1
0.4543773345599609,2.9484596346485428,4.235686866089657,1.2450117988290854,1437.4012593892935,0,1,53,0.7701695457002213,0.741499569084779,0,0
0.844357082739616,1.7655447102926534,2.779500928084843,18.442407795952743,648.8378785105679,1,1,477,0.5556302451939998,0.8911833777876532,2,1
0.09808258078424459,1.807823165000285,3.913222399884955,3.54233137356746,836.6921474136225,0,0,128,0.47472515659836145,0.920702008930256,8,0
0.4882411370217782,2.994828640898469,3.1217295236778377,10.566893868731084,597.3400054144972,0,0,225,0.873846851736287,0.8160752103925581,1,1
0.15004866469398426,7.969832443680566,3.5792922125665276,16.071352028006203,934.5839433795666,1,1,19,0.8276699856249825,0.35525957004708275,4,0
0.32467592689006,9.076416548237189,4.085126270766798,4.309065539112867,1469.419625891551,1,0,99,0.9866208708141793,0.972904674056954,0,0
0.7373570773877997,9.755854263135276,3.1424648446344525,10.547465799416821,1496.5035048736759,1,0,289,0.4975446442711617,0.9631786604429324,9,0
0.47601812936876653,2.476438610145236,2.6304626444919026,4.813698184466817,1184.6009692156676,1,1,56,0.9254660838856787,0.7981926561817476,0,1
0.37588828514576933,8.836715947018098,2.5255846410218936,15.193899955998235,666.035537228615,1,1,225,0.2699215087143618,0.6622073499813466,6,1
0.3944762785700353,3.4168998749179034,2.555398838861304,11.286823357463014,792.2050811605836,0,1,140,0.5291728530006818,0.47543285083512454,9,0
0.45944676840598664,1.3058373362654672,2.520874343784424,17.11951720790287,599.4238593572277,1,1,124,0.5722992949989272,0.8294457976492131,9,1
0.7850165438370569,8.726244270097624,2.7758876413946885,17.89116005754766,1479.8044818660846,0,0,437,0.5526994529627666,0.9145021251014023,2,0
0.8920846889402344,6.433835219507463,3.0987217864253247,12.974669648907962,1090.8644281555653,0,1,308,0.700078550744899,0.7656313206229565,0,1
0.9553346865039283,1.814362781594405,3.053053785455748,14.50782492317889,728.5040236069158,1,0,51,0.33616627107053515,0.7403508430032395,0,1
0.7869033862552951,4.412346323627426,4.966991485449742,10.984401997737274,116.96137815344328,0,1,133,0.8931617373810017,0.4351032931994103,4,1
0.31540689574801273,3.0151254097952633,3.265015263022358,7.688574661347658,828.6767801467677,0,1,291,0.6414112148317115,0.5504575660259328,2,0
0.6881347060865421,7.420586773359931,2.8185519583984977,12.962358460416691,1477.4994823822651,1,1,152,0.9233676384106115,0.8061953554227586,3,1
0.4376031240553919,4.643479060117827,3.863906360419395,18.165772469746578,832.2852725622727,1,0,346,0.2021053152171878,0.3118291171958564,5,0
0.2546706220460512,9.894943462042573,4.644893638493771,8.333607608628759,355.3973596847592,0,0,185,0.7039904908743972,0.7488849940322202,1,0
0.8408715794259226,0.7365008261440322,4.195150941969188,6.288200527475906,130.93124594668478,0,0,238,0.5299662774838663,0.8366692107071736,6,1
0.038426348962324997,3.679149608135218,3.2402052228386258,7.768738771051482,596.5852613738928,0,0,182,0.604079249399566,0.5342931403895471,4,0
0.9017619921354235,4.922621637677779,3.9040403994786375,8.707952604231991,1385.5192779752497,0,1,350,0.7950436086242283,0.3533174384405523,7,1
0.46147746462473416,5.130708836533534,4.287139935501023,1.4712205795543243,1495.1757514462333,0,1,2,0.38172139866935173,0.8733835652187989,3,0
0.6372014768082804,3.296171059379241,4.320261230919356,9.968836808699887,1423.5151647368036,1,1,283,0.36391954817151045,0.3992857806395159,7,1
0.6593539222057827,7.346554441156167,4.166346138244222,9.886284961001193,1121.1879905559595,1,1,377,0.7624062541897145,0.5595607741788415,3,1
0.8951177407065364,8.772521320191952,4.677026061939046,11.768876552810463,881.3998198169173,1,0,195,0.6170926071553442,0.795077873547446,4,1
0.6366696821672073,9.399449159383057,4.6752636458602606,7.256400609426629,926.9606049351528,1,1,464,0.3869112784493523,0.8718901913560035,2,1
0.6139335847600618,8.089915092635357,3.947341398517508,12.262151919111794,854.5888127287452,0,1,165,0.5872149077355324,0.903667342941961,3,1
0.06665204056068996,8.535685933604674,3.5746409227780305,17.56432620548406,1089.8690268921837,1,1,289,0.5676467246217276,0.6712920341277808,8,0
0.5184080219452041,5.595343946075957,4.10392573891275,19.109419809903287,686.4225173734934,1,0,339,0.7531555419322493,0.6331101875191059,4,1
0.15016900081704165,8.293704618982783,4.545530003426158,11.672244322820992,1036.8856069380718,0,0,140,0.20212888289542352,0.8938220939126207,3,0
0.7374337687214856,3.174338309649932,2.5141302621029618,0.8518190794062619,270.25696094008146,0,0,110,0.6694082126171864,0.6941539665332298,3,0
0.5122219208126745,4.105091868670302,4.9799925225371275,19.38471994534218,471.9734291860773,0,1,260,0.6845425204098203,0.7050555098906617,6,1
0.6802277792083533,3.3057475354217347,2.9572344308229983,14.117241217925125,1270.4042543320813,1,0,383,0.7964081097503359,0.6037813575956605,1,1
0.041672900602384266,4.78039588738967,3.6756224641499404,6.7192729710730426,1365.2485030407477,1,0,187,0.9113843728283593,0.5609697803447278,3,0
0.08479201604580322,2.9986802391386367,4.6800743371071665,2.9431540192744676,854.6115325844196,0,1,343,0.552151837689351,0.6363786001028804,2,1
0.7163233880626823,9.623792134093579,3.0626009976104984,2.868372244725499,144.28986409810534,0,0,370,0.47401617944710756,0.555393245587289,6,0
0.07208433599867337,3.265877354455548,3.6919880597509582,3.3548881227920546,1397.7629991084755,1,1,357,0.28185630200902906,0.540482514978467,3,0
0.0712567277652586,1.1608364734872103,2.831455450452948,0.9114504322764061,1082.889961238201,0,1,272,0.46946867591458646,0.9955650394055258,7,0
0.01210847523488745,5.362808227294052,3.4876908134704814,18.043083773058232,679.6390932575051,0,0,184,0.2547877315555262,0.5353494458502936,4,0
0.9565013982994801,0.7595709687627283,2.9428386369825064,10.815364656546727,937.7305204792949,0,1,286,0.8422561642731639,0.479468623272867,8,1
0.737508359459007,1.2833230298240892,3.4090693719278926,13.999188254276744,701.6847682179125,1,1,91,0.8456049182766692,0.5477468628898385,8,1
0.35325140850206416,2.350016014123214,3.433660541981805,16.56217018536615,751.4749174248714,1,1,448,0.5337901258358225,0.7135469384452742,2,1
0.2965355812876552,4.750632448844989,4.982926973995832,15.830820126664005,1341.5338119231624,1,1,193,0.4077129871011927,0.9376933406362156,8,1
0.34970322974584955,4.445859136628473,4.98703257325943,17.652112474576832,325.51794568395616,0,0,416,0.29441606036181744,0.8515049751384327,3,1
0.7746535311811819,8.036980247627353,2.786965696651531,19.34509245049904,245.1367896751315,0,1,359,0.8809897328174772,0.8895687973529909,8,1
0.6613706110704144,7.4468516080643115,4.314921948320868,8.781412294838791,103.82024231822204,1,0,348,0.9019962227083242,0.9013060274787004,1,1
0.18519556786746794,4.377919281108873,2.6293636991727527,19.00670933336781,539.6005258569774,0,1,387,0.4130316916718513,0.9443698775128071,4,0
0.17410933533408435,3.4703012342411736,2.5754800383429717,14.465798966856326,306.37927307819837,0,1,337,0.697408438774211,0.4645498630362159,5,0
0.09839564971339732,3.3013940838026867,2.763334735612411,1.4133638061615694,407.9796931933556,1,1,310,0.40692293183231093,0.6208562217262048,2,0
0.6603027197013381,7.785151855481289,4.913714142519835,13.635662424246908,115.7345757315277,0,1,407,0.38010130171486306,0.5696383666035125,1,1
0.7643726622217359,0.7103095809684434,4.852158869736743,13.734333192096972,418.0735805627845,0,1,415,0.21696644050513225,0.5673138962294503,0,1
0.265046428325004,0.32565216520393714,2.984819550701701,18.117211275850543,565.7962147053236,0,1,328,0.66172753406885,0.7565985561915294,6,1
0.020944961030912812,7.996335040881152,2.9041808388842787,7.458642649401841,144.19449497383386,0,1,46,0.31995323454844576,0.5812621422224203,3,0
0.08217166747642735,4.876034484692684,3.1013377162898674,11.698230005436356,951.0657740160068,1,0,143,0.20989694629354558,0.7314312141420426,7,0
0.9678600348450305,1.4826351578250445,3.7888674851878554,0.2437510202348503,896.3204884372611,0,0,148,0.28388093146945387,0.5675955546094654,7,0
0.29544477747742026,2.5085461590261127,3.9242615800885248,6.64150484362672,235.8500899138951,1,0,349,0.45101535327025105,0.5177897279070961,7,1
0.7692231478381336,9.338538740354348,3.0539835760986183,1.2448745231756186,933.0136885257614,1,1,322,0.7353305520893694,0.5471540249102265,1,1
0.6246635688542638,8.623129161124,4.391556970224864,10.43745945529794,1498.1154860524287,1,0,352,0.3620984426657001,0.8626299392096317,4,1
0.3819396396528959,7.155893492194932,3.273882923506627,16.348953010139063,1422.256533936157,1,1,414,0.9100724500253374,0.7207357253602237,7,0
0.2056872621955551,4.9258072573058005,4.805328313823526,4.128853842581379,103.73939071472861,0,0,119,0.43079072830636006,0.9817984131116302,9,0
0.12138641815940643,5.299171536675581,4.141806766141826,10.54882091115557,1213.5296358625035,0,0,492,0.46498103153892,0.8828593584658129,1,0
0.6150129680388666,9.757396445782794,3.590877985759029,4.080172730215342,595.0473867310803,1,1,397,0.37438174396158186,0.6400464258338288,1,1
0.774633780637788,9.664550350066014,4.474780004257113,2.4137693569248087,189.1119184684784,1,1,133,0.40304426965747076,0.4696634345658531,0,1
0.6439042535411307,2.309636648701176,4.544786565116662,10.21993583868685,514.3764992026913,1,1,196,0.25930809164251345,0.7717363780186016,5,1
0.5303021332491583,8.148824749792118,3.2262040140223593,1.5829724189945527,550.4311228381472,1,1,412,0.4358164629729516,0.8086522191183549,4,0
0.041951223431636264,2.132978128436765,3.349286359590211,11.747092622759787,832.5419350326796,0,1,438,0.8876939676804985,0.6249231858543713,0,0
0.9684887775943838,2.2926672832627237,4.8398878843215085,0.6267492135345254,1025.5172741763965,1,0,36,0.7507396331164908,0.46094549268748347,7,1
0.7987141916545746,6.825711734812853,2.91185259590818,2.1342994373675106,1148.677857091771,1,1,186,0.9002145630924934,0.6900668225042856,7,1
0.29282203670096474,4.1690107661579745,2.6053760424073356,10.999949709747156,444.26425958857334,0,1,419,0.28388721150348534,0.4776804766516126,4,0
0.9799703293588506,9.329135189643898,3.635138306523873,11.828148257978278,550.4787983478957,1,1,212,0.5644933046737273,0.9579988223413063,2,1
0.6018815896363221,1.0722954019808866,4.503024750609072,0.5797386018751616,531.7343896036293,0,0,459,0.38340389838409206,0.7402189736236036,7,1
0.5824226582072465,5.212951279933033,4.429170265776865,11.467535760031168,607.831615369227,0,1,109,0.7769724724449185,0.5043516731684503,2,1
0.7480731794295321,9.201510998342588,4.798826572282081,16.77005050647274,1499.5188325388742,0,0,186,0.9761902597807124,0.45101148183416717,3,1
0.8117697880901376,9.060313872699151,3.8330016609226005,14.446323545879078,1189.1206239583962,1,0,470,0.8522875832402304,0.8017062983695846,6,1
0.6564786073315027,1.733986291474264,2.7501616789163332,2.6237020784159726,1464.9866513761758,0,0,77,0.22822253340080512,0.7954552961692269,6,0
0.12809574636620003,3.793049460945274,3.9717224358400403,11.849492951272298,1070.35548336588,0,0,447,0.45332775571538736,0.7179925620560024,3,0
0.3382675059944984,6.267389720457624,4.445989035883029,13.445050001484269,668.778982306198,1,1,426,0.22286375236041886,0.7300107176254549,8,1
0.9280836403260497,1.7620698707597415,2.733320300674566,0.7446240350458355,645.6418570777649,1,1,373,0.23213357354478845,0.7227083019779361,5,1
0.22461561184385193,9.68661728604824,2.9316435027439742,17.106953373672454,784.0136029650632,1,1,297,0.2636122433315311,0.552072412767362,7,0
0.3721670238375133,9.164543421531071,2.5307266528891774,18.125347945796605,683.6176967102123,1,1,329,0.4210615431764495,0.9561900870052313,6,0
0.432076882944196,1.836111754537798,3.984131448617026,17.009045467245173,1259.656744529844,0,0,124,0.4433622141105049,0.6354949249840425,3,0
0.4394049896944522,1.387323520357657,4.716835979864761,16.492629359782264,751.00281823737,1,0,315,0.5203628105879106,0.31422953010191285,1,1
0.6129395824945255,1.037003131521,4.176658290005249,14.899303969217865,513.8601042951843,0,1,445,0.5239448755730369,0.5438529396718277,1,1
0.9430758377447076,9.112547907558985,4.955100218977455,12.668640625639203,1184.8043761753124,0,1,319,0.8171272094745448,0.39119780505331964,7,1
0.24069271183250496,2.097513335995516,2.6575841312494037,13.572540099765039,1296.1885731339526,1,1,474,0.31312259486311983,0.5543686537335184,7,0
0.12150137630091806,4.279592299734677,4.757502712878741,16.12790586669966,688.600538596632,1,0,488,0.32619249264340616,0.7257837395250128,0,0
0.19747048985993731,4.59874338338963,4.535170718466702,13.249969167226093,1034.932000667745,1,0,313,0.7012712413377873,0.31586513216534684,0,0
0.8869249002092695,6.0703082332929625,3.2856038012487625,6.55453913364142,182.32634744362667,1,0,1,0.6573937217539974,0.9091403718595079,3,1
0.645810812655206,0.9030063687247647,4.93381637959313,7.519222043227078,841.2507927600533,0,1,333,0.32320376438569,0.7272163829277227,0,1
0.28590678923916013,2.422234450525057,3.2198443704285378,17.941149367445842,162.97359284371126,1,0,70,0.8818115414831353,0.5067603133812963,9,0
0.8159469389686173,9.328605791805476,4.7232618095705465,0.342441715943238,140.8671766922553,0,0,464,0.46324753128096596,0.517843621746997,0,0
0.861369996363436,9.102419051231982,4.701871442685474,13.97641162488564,958.0947907318347,0,0,375,0.493573878835589,0.6259677235613055,9,1
0.846514338690278,7.856648344575785,4.394144041507431,19.09555104850431,524.6695353529819,1,1,211,0.5363680646676708,0.4736642642012554,4,1
0.9189265336395545,0.39013220705851126,3.90867618453213,14.124563399159474,1139.5520274376515,1,0,7,0.45816149659114863,0.30303934943266236,0,1
0.2522410201733616,3.404666331261801,2.80000687404222,19.87823976463564,1354.515584885629,1,1,183,0.6459640418181012,0.31859021372548424,9,0
0.7550419287462783,6.353995606360497,3.8299293362412454,13.750898110566617,295.14764322249096,0,1,467,0.5109181785265589,0.5504184703804138,5,1
0.46053949727414,2.896864075380062,3.3919906391373367,0.6872605843372215,1114.3319740104935,0,1,163,0.4075477807562301,0.3869551736260258,3,0
0.8419985528900615,9.113949611527017,4.480542582888379,16.540197632938472,820.3279976036806,0,0,452,0.9235798941686195,0.3156545722529573,9,1
0.7284906771616132,6.412116725957931,4.395323016242112,5.692598238786381,256.9669502277784,1,1,268,0.4466805921121238,0.9014884890243882,4,1
0.7764474464997246,0.9046858297011668,4.776531268431513,8.92114451328882,1012.2296490730146,1,0,294,0.7587911403750576,0.49189611954999723,8,1
0.6561618376810715,9.10825477058989,2.5370754060792695,6.2418383181416415,953.253524349062,1,0,357,0.47778141628551696,0.6521858040167607,1,0
0.17742876946970687,9.586113250126981,4.522758042057616,5.371082124193589,821.8986143610956,1,1,80,0.5481759895019775,0.4255863589341362,2,0
0.5450269188969383,0.9615817002389098,4.846155132811672,8.628114073395707,1397.0596863835212,1,1,261,0.3887548187210653,0.3327074805706336,2,1
0.9846697395245082,5.417130301640887,4.4732511227703755,7.575028968813475,829.5115745456231,1,1,274,0.8018636955098033,0.8214064096420068,8,1
0.9373880664971189,3.172969965698871,2.8254861496759167,12.666771636851788,1486.7211616302975,1,0,408,0.7897626011410026,0.38746979825274835,2,1
0.04317373579701167,4.049822949517743,2.7031977621022194,16.263024019750212,812.9203393873554,0,1,386,0.21779195664648016,0.318001831682561,9,0
0.16481481572943713,1.9605819359623506,2.552113099519252,5.941773063744815,262.19285362191465,0,0,104,0.24815523224103347,0.7110612297843868,4,0
0.1317287734545619,5.865106599721644,4.071863064570177,4.274423056440348,758.6597515050425,0,1,308,0.9379011637959518,0.3094273006950147,5,0
0.7259799099852955,9.588197661839128,4.074181629649718,13.337905417406846,355.26026757709974,0,0,27,0.9110614777902806,0.6054001613672251,5,1
0.8177853298569451,5.1301114826617695,4.967284285545531,13.406401316615632,935.9868793043981,1,1,409,0.6048697542228243,0.5021852339344713,5,1
0.2135113663106719,1.0125628976659153,3.4951079352602394,18.022624785723437,1070.3850452710417,1,1,46,0.5946859132466692,0.523592589456427,0,1
0.505852692951829,6.276013068078603,3.329765712243742,0.31891372906621696,755.8093901899312,1,0,391,0.849939339507034,0.30272933017982084,5,1
0.8407030280112,3.534185345622319,4.061062317960982,17.060813242330198,236.78415475640753,0,1,312,0.3107601175079032,0.9750422562679566,0,1
0.7328015447662506,8.588066857994718,4.564021681268985,10.42004345896714,756.0979580169741,1,1,54,0.7229592970767673,0.6618741717384765,5,1
0.5422372054918483,4.459845853501409,4.841934873807505,12.426041783441978,214.03590062816056,0,1,78,0.5807863955898076,0.7007584931291786,9,1
0.5903476904587729,2.0898281676340074,4.507810415447596,1.8274288112282955,1054.9763377091476,0,1,0,0.7946648234524984,0.7662857394384195,5,0
0.50836054691628,2.0728351023732206,3.5666849515395116,8.652298657440912,1206.5155148111226,0,0,167,0.22408223304959238,0.8582652537348368,2,0
0.2975484513188206,7.733888971067373,4.08728558828016,4.5460481447704755,1447.3324581178547,1,0,22,0.6741804397791509,0.7255363814164231,2,0
0.5650219928590161,2.802758463412127,4.640748316790292,5.0845006016501815,308.322949979839,1,0,227,0.6453825721724461,0.8335386738453161,5,1
0.6888853020500907,7.7188872627603855,3.7265242207793485,10.081902293520548,845.3884697466258,0,0,437,0.8726786636713484,0.6141147060540129,1,0
0.8733229158608077,2.2176956455126744,3.0417166092634815,16.249119008062248,894.5523145495861,0,0,297,0.7414690380440223,0.5598925982831418,4,1
0.6362913539792481,3.3525264132728325,2.9243085993696822,14.875618602897124,1391.4671472933717,1,1,463,0.9041282867165101,0.8761937352375295,9,1
0.761121537043158,4.761772329909054,2.500394361445142,11.819999181719076,978.1872968351199,0,0,433,0.9098186573140472,0.905717366921424,2,1
0.160071634954573,9.443319326995818,4.29559498745321,10.78836385506934,303.7135039034495,1,1,259,0.5265312007197742,0.39646466885085363,4,1
0.4615574744197899,9.330967962587481,2.777743022114976,8.546120864689799,710.8918535484648,0,0,263,0.3099473070014505,0.6798621308720427,2,0
0.009331619827093296,2.2273443791384206,3.109597749239851,19.454199471227728,1016.6675399087507,1,1,163,0.7042269246577504,0.7785497013403115,1,1
0.24667886452162302,3.710546604182114,3.2446908288069833,11.203851084684667,1080.3982048970163,0,0,9,0.8989968787268083,0.35851911564237676,3,0
0.7264617151130048,1.6641140068469689,3.9009496503419205,5.079327966244442,1308.303598026803,1,1,115,0.25996267535580864,0.950717771719926,4,1
0.9918099513493635,5.197853777272273,3.494893193239423,4.601815840800791,352.709967782156,0,0,157,0.6463386184677313,0.6640768409019915,5,1
0.0991780995872159,4.713708996807733,4.186684980057905,12.227060615502836,1432.1590054576977,1,1,355,0.29199962132785917,0.7518201921217265,1,0
0.40149431586128825,9.027449592017177,2.6390966483217566,10.456550546218574,182.79517682182916,0,1,271,0.22159679340416158,0.42476992366324756,2,0
0.8000709686991595,9.314052702352512,2.8098479856610985,0.1539560590942557,1477.266988396463,1,1,157,0.7437082831526669,0.4851042829687991,2,1
0.20403563462889884,3.958960431871463,3.7480287588331667,16.601307443915587,1300.8739300129719,0,1,319,0.7454796894977311,0.38470085167684165,5,0
0.5550849493022862,5.019031841586097,3.3424119696170744,14.082447084648692,1024.38189586704,0,1,363,0.6805264359970896,0.4847991052977222,0,1
0.7330712960296748,8.983115241632104,3.239533406878399,13.236585793562071,1128.9937003701903,0,0,201,0.8873782431214379,0.6446777357042591,6,0
0.615985450260179,8.105736515901603,2.6675701975938066,1.375613153953179,201.768808286315,0,1,120,0.2647011518347827,0.8835407196201073,7,0
0.18802473461541613,0.23583185117756292,4.7392979368700034,7.241117003449828,158.07180805223334,0,1,138,0.2842082093590075,0.6736063905142544,6,0
0.3553845686857394,3.3365837289991087,4.229546465312627,18.707645214655724,242.47211517191175,0,1,161,0.8916283503835578,0.47112451876176725,3,1
0.7837917844853972,4.333387570974034,2.8040453920491233,17.251784826827276,222.3037405297929,1,0,207,0.6026213759090104,0.3312347524235096,6,1
0.5542265141320166,2.451219580095671,2.6626148943428514,5.710858757390669,866.3337268572092,1,1,54,0.4184422470705898,0.7353788851349031,0,0
0.005229613542912737,2.1558018357802,4.937181333578108,3.141177681982774,401.62158195650477,0,1,338,0.79052558238823,0.5941119281566536,7,1
0.7609907600280938,0.5702881646376607,4.202931376098762,8.98175914337154,1304.287892089417,1,0,491,0.9155229780835217,0.989047706771949,9,1
0.03531135494023907,6.505023305683654,3.543640177734354,7.1166075733532175,724.048072295301,0,0,259,0.7516826289623697,0.845831919788185,9,0
0.7457337827312321,2.7726008467350236,4.254327601889463,13.64452753411982,1073.714667041585,0,1,432,0.8335460773427592,0.8658539734913586,2,1
0.2024805601652374,0.7130023486268684,4.3908294662003975,19.32869620168639,1014.0223301582238,1,1,43,0.425997792156154,0.30856451601627777,8,1
0.9580734801193802,2.463597243175024,4.449905505971948,7.2600289996512295,547.7942545015941,0,0,158,0.43102028752843397,0.8444567330328399,0,1
0.3679407513020845,8.05875673779404,3.694693264132644,1.24448345304484,440.43460293602067,0,1,303,0.891299104283706,0.43622931747284494,5,0
0.3269316163380791,8.544593980136156,3.57470689531212,17.952280166847704,579.4387994152893,1,1,354,0.6918902789241723,0.7100571106018141,0,1
0.14888805033244468,4.934049202894367,2.527570210672251,0.7589946047974161,1215.3217233897726,0,1,97,0.3873302013389892,0.613195100621003,7,0
0.3056042154902149,4.277492570005125,4.8163927878545945,19.05531794306666,920.7875877874659,0,0,25,0.6193294523697698,0.700122695404376,2,0
0.8766507618282006,9.782966196317462,4.008269695972357,13.291588560180795,454.95412752684547,1,1,358,0.7486883771777995,0.39341047059609735,3,1
0.9963343376272473,2.1655336639630853,3.0078848429749203,18.83378416883898,1244.9850202846023,1,1,197,0.3748392650006304,0.6198241769878023,5,1
0.36830953050684834,2.3105209719751634,4.799008548553592,3.9931937329795653,176.66314055442942,0,0,96,0.7239251265661888,0.32586128016616417,3,1
0.44861063095454257,3.060298334956718,4.787329754425741,0.8139959050761525,1078.8567249864136,0,0,238,0.23371587985421424,0.32869954371174154,7,0
0.722070938202737,1.8930217191546557,4.97296041091524,9.764199565529836,714.7411280490352,0,0,474,0.442953298403329,0.7604166915418489,8,1
0.8861957804650745,3.917782862401029,4.685141407847447,9.012468291402504,1123.8065404922436,0,1,11,0.7391774493808918,0.9661888614305258,4,1
0.5930443341867842,9.126175424499587,4.994460969550162,6.629845465097657,1398.4457923407974,0,1,44,0.31947925239192126,0.8441750430933481,0,0
0.39152569817782934,6.230408838160028,3.1117154703081815,19.15312948777395,1150.0477371256654,0,0,391,0.3777592245139991,0.6284090463996839,7,0
0.41262184084862374,4.237076176400184,4.605623962998085,16.451674643228642,718.7514974359353,0,1,8,0.9032746322867116,0.33910951806466105,1,0
0.6956181464968069,9.357225786797905,4.557570771989411,13.231640427511866,311.365954119433,1,0,0,0.7394568795452867,0.33151410461997294,5,1
0.0032182636042786816,0.6749494782630587,3.0773508980518343,3.2571658327565545,1228.8913661276072,0,1,388,0.5991349682053391,0.41052458277564063,5,0
0.6195893374598407,2.260706543438242,2.746093872502477,14.686468164370494,744.9877376899202,0,1,326,0.36871471370196185,0.9830673527538185,6,1
0.3554930104413574,5.745708329997239,4.948551284193999,14.540249093994479,205.4372528399817,1,1,209,0.4731277252658065,0.5790627465088142,8,1
0.7941973312770843,6.232415707293156,3.240061378801526,8.501363472320149,1106.6775568876124,0,1,53,0.6594643986298874,0.8903851043108515,0,1
0.09299063982313216,0.5876635643136088,4.677229476169515,18.495718194280272,508.59275228322554,0,1,103,0.32425007512373477,0.7935997072640179,9,1
0.5882022669483905,4.149779827489896,2.5103178866865097,3.339557644580209,168.44352130725935,1,1,151,0.5853952639185511,0.7238000614512463,7,1
0.48097288988612374,6.5617088553425535,2.5525620180490054,5.346751248233286,1363.8514209637087,0,0,409,0.527179515310418,0.963478278157619,4,0
0.6423255259052274,7.041091354753337,3.6646782717409208,1.2644867850126729,776.341528931474,1,1,9,0.5813498731420946,0.46128809943331534,5,1
0.06485359448296835,6.453771044659439,3.0967867098376587,15.90901916355175,493.34547444223017,1,0,444,0.28444865702423955,0.6184227637284074,7,0
0.5799837874281313,3.341519598737061,4.224603208589911,12.435187721907946,1102.941181038876,1,1,39,0.2851976696360229,0.9053060759722167,7,1
0.5614845879595237,1.1164972112595133,3.9139108139198857,6.298806113624991,1340.2633287555893,1,0,43,0.9712887621970572,0.6862329153495705,6,1
0.5606600944161709,4.385701974909475,2.6937144936262287,3.2762732718863075,100.42990504725768,1,0,367,0.9834941869798148,0.47251159773827767,6,1
0.6034876665964548,1.4617934862069437,2.9065707407892925,0.8029554005748074,1062.9930590590152,1,1,267,0.5409317263294546,0.4462414917895937,0,1
0.6764679372263622,9.486711853502538,3.4701231751460355,3.334911372518732,1173.81637162579,1,1,277,0.83119636292067,0.8270167007296108,7,1
0.8049889996807698,4.856674487021757,2.964010159888583,9.065692926753163,393.8983981912902,0,1,154,0.7246331415384615,0.3089522259764621,2,1
0.26982072012821434,3.309139908697303,4.480555868109821,4.943539380212123,785.4733639742442,1,0,450,0.2935334836947112,0.939934454182018,4,0
0.8250494101800621,7.709779896965221,3.5401755888832,5.179643548639334,225.00025848511012,1,1,81,0.43734292586775825,0.3128925916806421,3,1
0.4982556822634536,5.079896207306186,2.7335796671062482,17.511527333354287,1145.4498355214866,0,1,196,0.45092112691561637,0.7416923328164928,9,1
0.07705827913433116,3.238333435322011,3.7108572556803123,10.302753469222012,1286.4384259886936,0,1,397,0.6766195478873791,0.723323573009405,2,0
0.0585509292439792,8.157283875429858,2.7270954526535354,14.585039462568293,251.46132025452482,1,1,408,0.663981369851576,0.7048878057383468,9,0
0.3342383186960608,8.698091079810995,2.822343263549543,0.7142189805628618,1243.0443548059686,1,0,51,0.9388069549622045,0.6320401356067289,4,0
0.7848969771114676,6.795480029629035,3.0990245800705134,7.303267113560574,1180.198238678347,1,1,222,0.8320290511810191,0.8967012328820276,2,1
0.7076809347409158,0.6602513395951395,4.648819263118725,9.583386947908837,585.6786485192562,1,0,468,0.885478131682379,0.761533009203339,8,1
0.7886149646724064,5.749964225632015,4.81153133083243,3.728337104203694,1066.4053419070165,0,0,367,0.9129828908888076,0.8473035970495755,8,1
0.5172690564416094,7.68029013757336,4.565644323330172,2.4038308289107735,100.06737345203645,0,1,373,0.8410213380439844,0.3808652641854329,5,0
0.44019899795549056,1.5377295184191053,3.335193043544618,17.40607556999685,1404.516716252398,1,1,58,0.46630500884568615,0.33492904622020964,2,1
0.14745252670628395,2.440973363569113,3.181116102772079,18.78863254199593,870.536529431722,0,0,293,0.37201037706760004,0.31996995625084507,4,0
0.32819275360931155,8.848452029667737,3.872889226975598,1.5761339609081482,968.4744096867993,0,1,495,0.6574138704168375,0.4030441898315149,7,0
0.43401936617387527,0.3971928741601256,4.304632901332781,6.980374250848862,1030.5231789547381,0,0,275,0.7516546531626551,0.766905523178091,8,1
0.08860042967961723,7.5767259506945654,4.983431970400437,19.165712562889475,885.9166241057135,0,0,333,0.5092543751705327,0.6458152290188195,2,0
0.22061195271121126,4.842978266641345,2.8289267796973157,1.6632346626492978,1299.4694425552484,1,1,275,0.8786709199716083,0.8265765793134496,4,1
0.5982252940637388,4.578367156628148,2.6232299975595113,12.872827457574525,953.5825650121615,0,1,439,0.9684532742543868,0.43421123571947523,1,1
0.7356631142391898,0.26954601844989434,4.235889722488178,19.444427419340112,1370.8639877366616,0,1,356,0.6555165809098816,0.5568741293793231,1,1
0.9983475113929496,8.230102663471628,4.580564458759763,19.564473371627493,915.2642711276125,1,0,109,0.5652736497729747,0.9219482839846815,1,1
0.9331133313435577,3.7262840262383516,4.615871949666058,9.424466618074865,339.5713907727932,0,0,29,0.8743096935540144,0.9550001822199732,5,1
0.6425651995351915,5.499503186745321,4.1961588726929016,3.254982155647612,1378.987578175024,1,1,106,0.21941563759150934,0.9452104084924202,2,1
0.421248053294072,6.837546726089463,4.885039510297968,4.041686299548777,1054.2784977036874,1,1,296,0.30321009266739846,0.8728135309405338,9,1
0.6361773647082327,7.085769849091576,3.7775119088614675,17.79202790248789,1078.9345922097787,0,0,339,0.8765261272050142,0.7817651150185243,4,0
0.785651618080232,9.568604576495508,4.784536995840531,18.233660086594718,1479.6744508002423,0,0,326,0.7856228685183939,0.9395745258192245,7,1
0.11833619092338732,5.40713154171877,4.919530342478808,12.157592877471096,205.27517589341082,1,1,318,0.5329093585634608,0.7999271142828472,4,1
0.40990488969628824,4.11725159954939,4.617893642507769,15.323527989398226,700.0296499332399,0,0,452,0.911081486179524,0.9677553741078455,1,1
0.8398022856356172,9.546295539618738,3.2743964081465515,14.798625029408164,434.73355018126125,1,1,94,0.4811666301163097,0.31735183242582193,5,1
0.383832951933044,6.492680303250108,2.990539127925738,13.23643195978214,982.59705059912,1,0,284,0.707076286293534,0.9451494601262038,1,1
0.5718722712271865,3.1218734915102453,3.870300162454546,16.54553909743878,1229.5363572473007,0,1,206,0.7074675762607328,0.6890183752975623,7,1
0.5877693608621982,1.4393496049549974,3.6325368759504713,13.708132460806421,1452.8349924493778,1,1,472,0.347465514091389,0.37825842627432077,1,1
0.18447625313363936,8.457034114358777,4.694395855481833,10.680046114949986,736.4345497366081,1,0,332,0.42788138893124644,0.45043788881610625,6,0
0.3622354416522884,3.749379707382686,2.7500791776678843,4.7391272517631355,1200.705522899646,0,0,171,0.9328055381568687,0.8965114987404394,3,0
0.33451128874193214,6.672603269371426,3.1443501532787965,14.87776288237238,1383.8722288565314,0,1,471,0.3467318830347337,0.6542818683925611,3,1
0.026196708532064794,4.814000909785802,4.379497361296771,9.46875735676549,1056.6556055502388,1,1,78,0.33885969747809963,0.9879724064466655,7,0
0.024191763891355245,2.149511841991376,2.7374666124432805,5.8958336801501865,439.8255734296797,0,1,471,0.5836923789870992,0.3822717766534797,3,0
0.8316970436757735,6.096528764480558,3.3019110350542507,16.03892551483551,950.995811550908,1,1,249,0.2737578945902728,0.5887524247300904,7,1
0.2730708099728124,0.7946940757166867,3.467888485134958,13.934272007060567,1457.9328669440613,0,0,217,0.9157009511874987,0.532312110156532,8,1
0.5180787662388154,4.2507561067376844,4.056484491406724,18.746791262494,1482.5753604061915,1,1,338,0.28011931064997686,0.6612948052454453,7,1
0.29872557358877305,5.5568264087039765,2.8953316142984113,3.3088328003775547,999.3037532034894,0,0,56,0.6932459814726355,0.7434064732088029,3,0
0.9406792451153405,4.473260346362076,4.651511225874273,12.983785692729864,1341.782861020785,0,0,407,0.4718254851562545,0.763140628567158,4,1
0.25929675886577375,7.536987317459711,3.618855588665686,4.88478936176352,380.4891093880439,0,1,146,0.8434183083768272,0.3009071159382446,5,0
0.4296568127389351,8.313664554544062,4.792554279701392,18.071659706032833,444.5100469331035,0,0,233,0.6718485966140308,0.3622723036470975,8,0
0.8727302504846018,7.7581821255251455,3.6696747840848287,1.9899882851323136,1434.0426580388037,0,0,16,0.5106449128635506,0.3245446835591663,4,0
0.8419335667918086,0.5803668885556608,3.1876006473518332,13.123236128897544,289.32952569273107,1,1,367,0.9870983876358486,0.9052194024787941,1,1
0.18610141784627732,2.102461950370528,2.854572071719187,15.821714430560599,367.54901333087054,1,1,196,0.25298479077242453,0.5193045772117588,6,0
0.8026433097957104,5.458753590784989,2.509362736778212,7.098356807294143,688.7680387680724,0,1,188,0.6622290425845414,0.556944409313455,5,1
0.45818688673789265,9.361255996349252,3.8303937124620893,19.082761587676185,925.4180028546905,1,1,131,0.991654649235236,0.6152598742626849,2,1
0.4829688720853552,8.382576395510744,2.7678917423173086,17.014613691720747,945.3441065555803,0,1,247,0.7527621145704138,0.894513078077503,7,1
0.13347997241594378,8.456838181847656,3.4793194090779456,5.892365993698068,508.76641213179016,1,0,149,0.7918157053137544,0.3099163826734944,2,0
0.08060151375712465,3.1714402988448143,3.9731794030927166,0.15082185431997353,1388.8594571304875,1,1,201,0.22567291566358874,0.38303279206589524,9,0
0.7279393069737652,4.408589391371286,3.189214742256751,5.933143522361217,1381.1398706510079,1,1,212,0.21709053047756993,0.7796141854986303,3,1
0.49646115235529975,4.812918283696187,2.938060730915288,5.626209409414851,648.8952742733214,0,0,216,0.22888808958575427,0.974724765895318,8,0
0.43685070261517955,1.742241516829122,4.4368040565233535,17.79929215001818,708.008477202416,0,1,5,0.9933791217409857,0.7499504949079052,3,1
0.7295082286523967,0.5044676763956719,4.866977930704051,19.34242356509495,1083.4959635534765,1,1,157,0.9836158085926812,0.4827864279272662,1,1
0.7655128989911097,9.479648414713065,2.751101044654915,1.408799719405207,1028.194254958461,1,1,348,0.4676071406114095,0.6639051001506321,8,1
0.15890816766935356,2.5589833395023662,2.8889758109625197,9.425896570666335,635.2158209453473,1,0,74,0.43278545301266313,0.9824863329070039,9,1
0.6102251494776413,2.5514992564915873,4.900031643131797,10.966639970595915,679.9419521294047,1,1,394,0.3167669964142754,0.6696535825974537,7,1
0.13535408227768553,1.0171147269338436,2.594460554530616,1.858233226594066,587.2545207901545,0,1,250,0.46331223933180676,0.5614553408097416,3,0
0.7513750860290457,9.299375969049029,4.944080841376181,7.549954182750451,429.53900973463107,0,1,303,0.49611994443781626,0.5683978883871041,5,1
0.6569551562671395,5.881423726409766,2.511611207712472,6.341648347859012,741.3937080937956,1,1,45,0.798626253407227,0.9769234560142115,5,1
0.956614621083458,6.736961199828468,4.684171639128328,10.721127086541745,1061.0077846635568,0,1,410,0.8930348423357879,0.8032415687121941,1,1
0.06895801635642118,9.133453495177914,3.268312952469374,13.223817994638761,1138.75338744001,1,0,402,0.7973880957931105,0.7810209989354331,8,0
0.05705472115125432,3.5870776552277377,4.846472145443242,14.069702209931332,1190.4231075583477,0,1,341,0.7171800808764581,0.4624380251835227,5,0
0.28218707469320015,6.290771649153225,3.2923632215889636,2.7351004722677508,624.62481883437,1,1,347,0.8127200624710385,0.691639246434502,4,1
0.26170568373590597,0.5802346563430971,4.13576580383514,16.258954038892426,1170.490391998963,0,1,314,0.7907979833214442,0.5497216389656194,1,0
0.24697879907199982,2.030370776665068,2.7000814244148414,13.570840595815179,109.12284196862538,1,1,379,0.5805997549843158,0.46814106809776485,9,1
0.9062545805210367,8.346208889881437,3.1058245286343475,17.78149833493439,767.8699128036351,0,1,451,0.4686811219690863,0.926886600209873,0,1
0.2495461998495061,7.714329892115691,4.434198366198126,8.986721188708682,1211.4661601857672,1,0,228,0.42622457350207965,0.5682090661338294,6,0
0.271949726128631,3.63629837628004,3.821714634197049,17.877795254443832,982.0626088978946,0,0,181,0.7434843676102254,0.4979510137299784,3,0
0.7593982624179637,3.8927441521872828,4.819922654467612,17.315482447121507,763.6883738163108,1,1,82,0.9674432995561801,0.9522042776258575,6,1
0.44973984245054,5.428833448825079,3.5718785208533856,8.768186647185392,1002.4988092488888,1,1,144,0.6648437751485041,0.43814247751928775,4,1
0.7767105569551812,0.2023618459143186,4.674530914534808,7.6228663058595725,1369.7244044081294,0,0,49,0.9300212019778129,0.8218533493015658,0,1
0.06536615756438524,2.5641944931726735,3.622388593695594,18.656240299405134,892.9345208542903,0,0,423,0.21138349677835802,0.7569230011249839,4,0
0.4875711936733843,2.2406717243605017,4.948120696754963,14.303294690768753,1219.7006680441486,0,0,99,0.8355765173888046,0.9443390998605998,3,1
0.03361360018328263,2.654732878147682,4.899585953497192,18.564906928761513,1473.0398153152767,1,1,342,0.8828821263680637,0.8824329962970947,0,1
0.06265320345535452,8.097877256827726,3.322841763890201,15.939495577916261,1087.7954829057935,1,0,369,0.7047950703549566,0.793706652557749,9,0
0.906437453344411,2.9408037941551433,4.714809176042008,12.185948785828288,902.6560694446889,1,1,219,0.9472487994893837,0.5202001624879669,1,1
0.13924537111759516,2.076908956091452,4.619028435539123,2.31705554007529,152.48032597547638,0,1,138,0.6719303943050396,0.6468983078893844,8,1
0.5324206822752171,5.141781915771709,3.026700993318907,5.82961345158197,624.2690575564226,1,0,377,0.39242952202139947,0.9611470329430258,0,1
0.41109560260070654,8.683321356452772,4.060726001958175,19.37684814196783,891.6198269211657,0,1,13,0.3725737835585554,0.3162418414070455,9,0
0.3473433262588427,2.565227097607499,2.6817057889745373,6.388441974284089,1216.0892003884455,1,1,12,0.6446690133541721,0.8560322766740271,3,1
0.8998333456872725,0.9696551793694272,4.5917768014586535,1.8650973957074157,713.3467055066068,1,0,343,0.9251871443969688,0.4762672453177155,7,1
0.0218233967754895,3.6927664113267147,2.9363647087587412,14.151067118386395,1444.0815860706828,1,1,249,0.2578943566040616,0.42951186030565414,4,0
0.6637896861755891,7.526987880736783,2.677036753464411,14.680085090873686,480.51125367314484,0,0,335,0.6835124097687288,0.46255723009562366,9,1
0.9633944342135504,5.596767338008988,3.500547738847028,5.709154405743016,1142.394073294443,1,0,411,0.8158427783856197,0.341825694047793,6,1
0.5601681834618419,8.204575021828605,3.9423053464991087,5.953439586926075,686.6439839177785,1,0,477,0.2923216556988553,0.9943858770003173,1,0
0.9368224620330918,9.604003046570492,4.6372923963994275,9.377859710175677,780.3838923922682,0,1,171,0.2934157525696104,0.9089084002576013,3,1
0.05225787928602377,7.968092272165848,4.935606313804341,0.43577899524511077,1223.5028474116164,1,0,488,0.4929023973356705,0.6647391780425591,3,0
0.4187933190741614,6.117270172668784,3.598731281424659,15.786460207223271,514.7013663123878,0,0,318,0.4191049388397735,0.8005722249899643,0,0
0.26015779096205116,5.03474756291333,2.6511173074631755,6.341775745482511,235.53687923320038,1,1,358,0.35865132711495185,0.6896167540464553,7,1
0.7308209649807298,0.5926770462130134,4.372788947564676,17.07526204003955,828.357818458798,1,0,105,0.3589553388890762,0.8681052611155826,2,1
0.9812970904972467,9.846355392377605,3.9129331405598435,16.052608432000675,840.3124565252483,0,1,188,0.3045352259398687,0.8913356340899079,3,1
0.2565300624442478,3.9581150012354174,3.619728362111158,13.228040662375662,1216.0348811155231,1,1,474,0.688683210465562,0.46295329970724086,1,1
0.6541746014740745,1.6918364963852948,3.2731721969804743,6.497497341985774,1455.6468887249425,0,0,16,0.7505004828672697,0.621823439455172,9,1
0.19809763275974013,6.733746782885277,3.755996319608839,10.3263312332234,177.42096085968774,0,0,49,0.7623489815032356,0.7443934139326996,4,0
0.5653302545716099,2.9860252331355017,3.3466990111425776,8.89658515195918,928.3652632403524,1,1,248,0.6258831809108849,0.9849085814257925,4,1
0.4639324866883362,5.940627055124267,4.3925296693684,6.777637724973484,1053.7899424407199,1,0,409,0.9623250157324534,0.7778825653673151,2,1
0.9720053296315371,5.950325496876994,3.8597342412316027,16.962725786063565,1480.1218910479304,1,1,390,0.9044262220720527,0.92834450752091,7,1
0.6085272726964666,4.568152244848118,4.69211943538528,9.670141491553306,1419.6262999876762,1,0,378,0.966104914133024,0.8922784356909612,0,1
0.3495063720868188,8.393962432341418,3.858859786623605,16.654461955942928,1097.4310705967687,1,1,226,0.5110363825017423,0.7074441445749948,1,1
0.11409578488793337,2.796677203243342,3.095656033349825,2.1043694828364856,830.5051757422523,0,0,78,0.9022265279640198,0.9255587520433222,0,0
0.15124682873493456,4.596599397853796,4.627729705580361,2.8204957720067148,326.1334912189658,0,0,271,0.810299759525507,0.5641952094776641,5,0
0.2253169299512351,5.469382860191521,3.89304761232511,19.546406102259535,637.8471772861843,0,1,212,0.4719783224272105,0.565498471313818,3,1
0.250966661340298,6.703522263519537,3.017102595358903,11.755369252121792,919.1712550800161,0,0,16,0.28527460680337546,0.8466759502698682,9,0
0.8506160578411378,7.882924134954778,4.058769524890556,10.19539346998098,1115.280555234055,0,0,492,0.7460969999174463,0.3941805659445077,0,1
0.5612227882825249,4.069111372206909,3.394291912356069,10.463121262882233,989.5593804707571,1,1,345,0.3091618592975043,0.5140776522208932,6,1
0.5233909113743664,6.531260052146641,4.611014030730164,4.305375480657196,1099.7719225588378,0,1,418,0.43502064560088965,0.7260007156113396,8,0
0.11476887186921747,1.6759873400714875,3.633249346616357,14.374078990039461,700.8135063726568,0,1,250,0.6002916611550299,0.594045919206864,4,0
0.860139693349435,9.33995138531629,4.3161033952685415,1.6956124745950873,1118.6782067994127,1,0,339,0.7439060281187786,0.9585065969217599,6,1
0.7228143032084837,3.953976302925835,2.738840519090593,11.466474262060464,301.2377584276069,1,0,83,0.9409821257578439,0.9709542487333955,3,1
0.06766836190000158,7.349309935369098,3.4900608657558654,11.415375931718028,327.620836468359,1,1,406,0.6745920358791972,0.6518069161696524,3,1
0.7078350972297687,0.399342602445341,4.958103591180997,18.28376848267022,327.965004161248,1,1,196,0.7371304797376759,0.6773433232559769,3,1
0.5435382173426461,2.2108340004671088,4.521150723692871,10.523656202097207,1347.2109398500866,0,0,264,0.44801108012078245,0.8072389642766398,4,1
0.08172534574677826,4.973408934371065,2.899852005917322,2.7412539194835905,206.44768863208827,1,1,470,0.7498340931428311,0.6200854476639215,7,1
0.45830064152865646,8.806874183776996,3.194410123693138,11.455065184963251,1222.1117218268662,0,1,17,0.5502320965840597,0.4330689275583337,3,0
0.484696287130047,5.367100469516636,3.3245395221409026,1.8265528873066472,426.999257265432,1,1,220,0.8855449463070191,0.8228784180360516,6,1
0.16577454016327575,9.312730726480014,4.125913901238614,4.075876705998434,755.8019166933509,1,0,330,0.5139604111211795,0.8164501225470988,8,0
0.9456981470002823,4.9412095865114045,4.3924868987241386,0.6221716837483227,1382.3392336519491,0,0,234,0.5746176173252455,0.47148677237424563,5,1
0.8499753714806619,5.00640114801231,4.373816522019775,10.265871649189966,920.3121215625094,0,1,175,0.5460702055282063,0.8830415638467053,3,1
0.6690223373291083,1.3735185273052126,3.774685140766007,1.6906523058714473,394.164760725302,1,0,71,0.848898267445908,0.7295544374941125,4,1
0.4622955610006072,8.066031192691755,4.527051344595378,9.387887570626582,497.72608444633,0,0,90,0.9629593576095243,0.4654111272207558,7,1
0.4117655415845085,2.620261042177213,3.592695206893688,18.658900706482882,1388.6252734541,1,1,321,0.46182104078661923,0.7564274009180929,3,1
0.6509734671509542,9.016202395848687,2.809701413238905,14.395228260386641,698.0014951539697,1,0,22,0.5800223206096615,0.4635266684033925,3,1
0.5454318694069055,9.126077359237883,3.9111046041345334,1.548233484505861,921.7796762095052,0,1,212,0.7647410133545887,0.48566306785601243,6,0
0.062273105881885615,9.444439096366667,4.880753461502767,4.4841962441768635,743.9050752755443,0,0,393,0.9163052976277848,0.8936065147622092,5,0
0.5125026487703317,5.298258793210283,4.482484128481278,13.473248397868684,629.8133232678294,0,1,293,0.5949605574768166,0.9506440984678732,0,1
0.8064036172328395,6.835519090879715,3.9467516192306062,17.894037220483675,412.5907777053627,1,1,127,0.28711480658138183,0.47981786085074773,8,1
0.45923987759695806,7.829455624604303,4.117014150872742,0.6583717352790752,1060.668100678443,0,1,58,0.4949371068010573,0.94963572595963,4,0
0.05195657755426841,1.483943262774563,4.826405067588931,16.24902263441188,1105.5388367809687,0,0,323,0.6402895083520904,0.4671591925516474,9,0
0.7862781993840331,6.089380510975474,3.570856986087401,11.236277606766174,484.8391282503593,1,1,84,0.534019684772826,0.38208715587980996,1,1
0.2013637821359744,0.5361194327724544,3.3284853473565934,10.921826505927852,1204.6151802767624,0,0,228,0.3492445814304561,0.3407567146498828,4,0
0.2586208348880388,5.076147617209514,4.9431039125011225,19.156263655067157,1296.3492804223513,0,1,374,0.229591596274574,0.4694792685828433,7,0
0.1647063534322959,1.7174582798782287,4.658607833775834,14.952892251935461,1388.9451347354825,0,0,426,0.749926932863916,0.5696725784740646,5,0
0.33021506487149754,1.99264467442843,3.307608961546506,17.00237736112224,325.6973794857179,0,1,267,0.994189752621714,0.9492838660765133,7,1
0.756751505688635,3.777466153587495,3.6594514934023072,7.079911390893335,525.4931570585729,1,1,111,0.9353653071172936,0.46951059979422005,4,1
0.5193858595039373,4.43788423382173,3.5376953225194976,11.087280816568196,1304.4946865051738,0,0,115,0.7466167286886509,0.5558257414656254,3,1
0.20488127415071256,6.307089760415436,2.8727391966785847,12.308113548555415,377.9562839590516,1,1,436,0.8732238468131435,0.8139091123205004,9,1
0.8778300781520408,0.9293985006974537,4.894548309533148,6.431678807249302,104.85584294089352,1,1,237,0.40458209477375456,0.511451861591097,2,1
0.8795818549515292,5.136179260126958,3.510781078049397,11.40496249894799,1319.1582343522882,0,0,397,0.6979475488627571,0.7790577061757064,1,0
0.8705784250460069,1.9897262764803911,4.68832270659477,4.733107589594276,557.0292184519171,1,0,51,0.24848337231917236,0.6024544734739516,8,1
0.23879621138153928,5.824956715311071,2.973390569201663,2.8675134213647913,680.29653519453,0,1,83,0.7657471418499662,0.43751146686142056,0,0
0.4512393441809881,6.446565200159599,3.8696770265930494,7.479405185546653,724.8676360088931,1,1,110,0.9758978712194148,0.8138412306783953,9,1
0.9849896561408751,5.655750714217969,2.5599034628106745,14.78579257492874,1287.5844409341198,0,0,199,0.8886378457742874,0.31892718334967884,1,1
0.7720124763099904,7.435296002687416,4.410551209605771,18.323742961477752,573.0490024308446,1,1,218,0.62755269981731,0.5046343775510852,5,1
0.027167421225559818,3.4889705935608335,3.952284745615696,9.15428102996465,1349.1918401990745,1,1,228,0.8309921754502214,0.549327077417865,5,0
0.06520459126049205,7.698044598004683,4.0639739586743815,12.856473765508634,963.7147932672672,1,0,316,0.9551190479585319,0.6207527784913451,0,0
0.46393137681233276,4.441117400740298,2.6293022063866336,2.0607426195020095,838.201413647158,1,1,424,0.3728140623513723,0.7759084623832975,7,0
0.9092202058615602,4.945008083561449,3.0275958255215385,18.089275171046573,555.8603099784474,1,1,20,0.8346068103819024,0.6215834959302258,3,1
0.5387017979527142,6.551400847158501,2.6858271808839502,11.372084271398688,441.19637479366014,1,0,175,0.4158775663750827,0.7160268786003514,6,0
0.4978125080342902,0.37991216319239485,3.222285789509529,15.606764952503141,973.6818198882881,0,1,55,0.9015579375517333,0.717045354892472,9,1
0.10547369995663058,6.609143369918434,4.068597519205378,15.888824018427876,725.6518240792066,1,1,290,0.2786836045521164,0.5612901549272054,8,1
0.656780104724294,6.262134460906731,3.9154649607934378,5.129610527362118,1374.722413904809,0,1,299,0.3425747350958732,0.9537798860282889,1,0
0.8221031606002255,3.2365017441821435,4.030374554033475,10.583489063636991,788.2942025596697,1,1,294,0.7764931707774414,0.96909768161351,6,1
0.38042000750756233,1.040783992014997,3.873128178444736,19.20959503121955,816.5128833816676,0,1,496,0.3398220030905992,0.7072956188661261,0,1
0.7756118509253275,1.0911674091478032,3.1825719891896487,1.7926908964165555,683.4125935904011,1,0,142,0.32644344152243554,0.35018361620680233,2,1
0.9644766539008116,9.24759272045524,3.1112687433610633,13.660997960591267,1204.968195787799,1,1,494,0.6443735019190977,0.643789294979155,3,1
0.2037664591276891,6.954937348013204,2.8426492088414532,19.24528156070344,694.7748773529786,1,1,395,0.8679897901672566,0.429093528755805,2,0
0.5233296311947413,1.445605614953256,4.622677187258731,6.011542161080444,477.0787996496569,1,0,372,0.41477394021970326,0.6382501653110326,7,1
0.28713795808457554,3.6958870592272826,4.041198396353112,17.228958428086962,1306.8432240109137,1,1,225,0.872910546164388,0.4319382081489792,6,1
0.7928544190338394,6.006333340235646,2.9662775312601495,18.673150908165432,935.5595099113364,1,1,7,0.8463627172367798,0.7926986719542191,2,1
0.5775933658811575,8.388602709888357,2.943023449553099,14.9417241878965,928.1143076766025,1,1,123,0.6632843207674683,0.3563003840464397,6,1
0.6345824175503038,0.6278771013874836,4.682589003815342,4.6265662461391655,955.1510900294971,1,0,245,0.7172502029498162,0.9673128534771469,1,1
0.7979141596158941,2.519004688406087,4.356827159408298,6.680014376531878,1106.3756474879335,0,1,100,0.23235294928952657,0.4367631226033469,2,1
0.3959704726624549,8.919540104894724,4.148497699763428,0.7161858883546146,538.2951850375936,0,0,477,0.49370844664297064,0.7624594352344718,6,0
0.9150900684070432,0.28982239180140157,3.5171602688482495,16.629064684907103,147.38211916620398,1,0,322,0.41071594489468205,0.9418736455106425,9,1
0.53302886724614,2.1737112073800966,3.154938910696294,16.9922237302216,1234.8304252278135,0,1,349,0.32000308858197796,0.47352041978884374,4,1
0.157954822835348,9.598436924535067,4.948626907782059,12.654206199323854,280.4670754342924,1,0,92,0.5117274633255853,0.954007829325991,8,1
0.6958991181688025,6.211338095917277,4.493098937557001,7.050557025277026,1110.5476320947619,0,0,384,0.4839233570779463,0.5720722659621909,7,1
0.7932613504382544,2.7643793930475637,3.2544480578406914,1.5362205527984107,215.24141760226024,1,0,253,0.7831133425037817,0.9723715720768129,5,1
0.31676167706752667,0.8565127250793065,4.618911990696237,15.061152198298188,625.4309788398889,0,0,79,0.6784770723814026,0.9799547006941678,3,1
0.857179256998753,0.4762751363827772,4.397329871536703,14.530523872198458,188.23649776415354,0,1,297,0.9304800550416155,0.4316559335484678,2,1
0.9061432547657664,2.5985017804418877,3.242701374694996,18.25205043477802,831.0991514788144,1,1,30,0.31632606644467115,0.8817611358517381,5,1
0.2769044873778089,8.838561031971322,3.5663821356040994,14.610640420107243,1014.3900818942051,0,1,377,0.2477988842588208,0.4353947089834852,8,0
0.9835214727152221,4.275953812115594,2.9648836134775665,16.573898844880038,340.0063976494636,1,1,329,0.6276862299929029,0.4585084342317571,4,1
0.14071152804875842,7.2592670178267324,2.7776311109452734,14.91909235807999,620.2786658137629,1,0,413,0.20082171088862807,0.35888855281637877,6,0
0.20201566840248997,9.199193346723586,4.306905082099242,12.613743766246328,1402.3352874602751,0,1,298,0.8301751545079725,0.4095758625487246,6,0
0.18422483923802613,4.198796523707603,3.1687796433846667,8.539327883820185,719.3447639504394,1,1,281,0.6047783109480076,0.7425532777729755,6,1
0.8939897100078704,2.0745182361664916,4.550148414365633,18.042346172845555,1223.5609965671792,0,0,11,0.5904524608463149,0.6144769110362505,8,1
0.6542925523249619,5.267755722397811,4.989021778786065,13.019371438149395,1398.0586430842927,0,1,126,0.4899967829793395,0.8536609660181844,1,1
0.15210428322227287,9.099220133186574,2.6915495348241216,7.967106439318181,1464.0841549682011,0,0,359,0.49997906891901006,0.5323977703786354,7,0
0.440323418368349,8.082869258549467,3.682587812709251,1.6693859036391445,1357.650827567917,0,1,186,0.5449069426005246,0.9780371971107411,1,0
0.615298025069802,0.8451324649589071,4.505156398277007,5.814097118087642,544.3674608225567,0,1,68,0.21282587554082416,0.3349107785735622,0,1
0.08346408498938329,6.987213440760303,4.472377241353084,10.874534696603295,1447.60204062567,0,1,328,0.26683662977296374,0.344055168081709,9,0
0.8824163684073387,5.804595720097748,4.399992895827421,5.51270740032389,1237.3533384444656,1,0,10,0.6040384160089897,0.7909624291726952,5,1
0.8036035354415352,9.09313912819497,3.3724873382547775,4.424706958358042,1272.045817095283,0,1,302,0.3200978121758433,0.9212772194810017,1,1
0.5052067735766382,1.400317885132913,3.6346331392126308,10.547870281756943,121.24217784056867,0,1,22,0.8230100866775987,0.8568501341439045,4,1
0.9671266152591704,5.433553909405635,3.9874208933536757,3.3964069179146916,1435.934408645611,0,0,336,0.41958813920362065,0.6428719615068396,0,1
0.4177609792750997,8.818734396416545,4.934851458933143,16.00820126650207,1189.326313388237,1,1,426,0.27831970987945925,0.488748952913514,6,1
0.9841103190364978,4.2182331100690815,3.318868177346232,9.68736302685316,1175.15449511106,1,1,332,0.38816794072275984,0.30941607051330045,0,1
0.6679199988036271,4.923550193782098,4.807859719292145,11.477255479253003,214.13462330002073,1,0,208,0.4856785841246305,0.6566160177438429,7,1
0.6346712732539415,0.8905146411361913,3.1733922954512352,2.947665351946971,425.59595750266374,0,0,214,0.2282532868759069,0.6329453381164936,4,0
0.165954895295785,2.9258076763993266,4.972686163684262,6.491526712587348,1447.1663311930588,0,1,122,0.3133404195090632,0.5409721296291679,4,0
0.881927758304644,3.3801651618556843,4.175659217068979,8.201793665223057,800.9479047276668,0,0,422,0.45907740358201576,0.7046509515807394,2,0
0.42748968792061515,9.462199997699893,3.6587787008963772,16.16425661033006,657.0012255321585,1,0,72,0.44838437904781125,0.8101702881668913,1,0
0.16223340578247936,2.970140133303359,4.033476070159012,15.403190461723051,1275.9171440056791,1,0,209,0.8403093572478715,0.7906217653597697,5,0
0.01260751997575904,4.71651360564259,3.181327922600517,4.4595494957536275,222.27657975952206,1,1,310,0.8746043802501224,0.4842769892489508,3,1
0.5597556836383826,6.778783350929943,3.1854346437786667,12.323581632140154,683.718822779483,0,1,273,0.35473487931484,0.7097125820302151,9,1
0.5273996221226763,1.7893970495971985,2.7838863596087347,4.869127155439951,625.981084190917,0,0,93,0.29915190713027795,0.40414213500879886,3,1
0.7193536223691586,4.967135393990371,2.785125744263497,19.764943113804907,589.7919418425499,1,0,425,0.7073299874571346,0.3851212907218482,5,1
0.8902580530178021,7.437682586863895,3.369179353672278,19.042477562617414,530.7691411143023,0,1,235,0.8436988445563451,0.8500990853813826,1,1
0.07940658464302952,8.695181087665247,4.4071386947409295,11.265294410412409,394.10493950610925,1,0,153,0.9709784777793053,0.7856221314668751,1,0
0.7314964903403623,6.337340891691782,4.019927918995406,13.97805143788286,342.07512418673105,1,0,273,0.20543702779721143,0.83755023044214,9,1
0.18741194409758222,6.75672445010609,2.756461400827552,16.0286076441729,996.5685636875437,1,1,212,0.5309424907414436,0.4067235919429546,9,0
0.858177053157164,1.4375780313287758,4.630591312439778,14.419968400898078,1387.1527776921498,0,1,127,0.7871902672755084,0.9402330125593219,3,1
0.8190635138616561,9.468609673014202,4.003419067475166,13.996573821648417,812.392303349834,1,1,232,0.8628474390994836,0.3931781292556511,5,1
0.5407937549855444,1.4992259593479271,4.902138941961949,19.171080158990563,517.164373285302,1,0,40,0.24982875894647824,0.9090258777384101,1,1
0.7102427986233115,7.791794784381624,4.175463668528019,11.929122126145666,322.8242768111169,0,0,425,0.744491615571302,0.5466655039141519,6,1
0.3143501131837484,2.7951999534275247,2.9379371592604526,12.726053436381113,1262.200711073632,0,0,288,0.43115097391917606,0.3738038651238975,7,0
0.47116789893281463,9.349212808272265,3.6844584057695555,16.985375008763622,1460.0888790624992,1,1,42,0.25967756746650034,0.5007382723958681,8,1
0.8216368977104717,7.2556034858209,4.12124399386801,13.397817357168137,588.8175620549925,0,0,269,0.5912820654037338,0.4270136099497181,5,0
0.4592651971732139,7.587374387188016,2.570661752624944,14.658652440350451,507.3305957729805,0,1,438,0.3265226745633168,0.6434688030842,1,0
0.3577982653254418,2.346779895986857,2.53727566038702,4.683373723932849,942.0901341649178,0,1,313,0.7896060144493477,0.9648217436278379,5,1
0.4942124472502999,4.5417917710245765,2.8235075014964197,7.425338482301418,1185.460573334796,0,0,393,0.7930094397595628,0.5295098131077629,7,1
0.8282492524372184,6.254569306975007,3.129161087613677,2.9460269142378603,737.56392496953,1,1,27,0.8736542119900077,0.7284692899774796,9,1
0.33520804737087273,7.74574145842469,3.573872808801689,10.11530884669611,982.1024098053289,0,0,269,0.5020549481182017,0.9242046130179744,0,0
0.1737615931357438,1.2188018839414179,3.718601184399471,9.114548013604926,1103.1686952326086,1,0,466,0.2106478377845149,0.7410517507873624,5,1
0.7120140203307808,9.631180101254378,2.845069022344742,19.943256285589136,1444.829202998651,0,1,409,0.4077887506995838,0.553539398608835,0,1
0.8259782127080818,8.924162571434648,4.1834789477895775,12.22417305631085,331.0522627281168,0,0,73,0.5742493596202216,0.9935873890231153,5,1
0.10063747852353333,2.849416186856727,3.990345154241337,15.728896463888466,1496.3354913555172,1,1,144,0.7552090235328404,0.43118952100837354,9,0
0.23987411275594472,8.263050381716853,3.2361602471029007,6.680293415153084,649.0193173377203,0,1,161,0.5056324685493931,0.6662792104268556,3,0
0.1419719897609939,5.279574445790271,2.53414970858823,16.630906626855932,1112.4801998171752,0,1,245,0.6288387168537104,0.857693849115758,2,0
0.3479414115821666,4.725703519307784,2.694119788383227,12.301699329753667,901.3801291621961,1,0,269,0.6194108699645735,0.30045420870405704,2,0
0.45035097890541265,3.2814542369517734,3.4792369387770985,13.939846631968768,781.3360638123762,1,0,409,0.33198587948665326,0.7914302764997059,3,1
0.7488263369633065,5.893492148989607,2.88493587791421,5.888615558989088,1077.305516224221,1,0,497,0.6984396000640102,0.486549227694157,2,1
0.6511475848816741,7.352913353495259,3.442049015369927,10.972767833911544,654.0553903130332,0,1,417,0.5514013825643183,0.418808705884314,8,1
0.6209285674784312,4.227142468635031,4.0704565112758875,12.680739468272172,276.55397387152897,0,1,499,0.8463349613219944,0.491936124357804,3,1
0.3523749466096544,6.366348091481263,3.8680935696982086,11.781893516331621,784.4507363697356,0,0,210,0.75248896650312,0.9767714980878488,0,0
0.8414475530847599,7.053266627321977,3.077939707843486,18.30387422849133,830.6822189552461,1,1,279,0.28917534895804375,0.9243546814677799,3,1
0.47128716739816456,7.1689938067498025,3.359556228146881,17.96545328985107,382.6630147599149,0,0,222,0.5910067280292548,0.4496281195245917,0,0
0.9791049380151545,0.7092677616855665,4.035077996121626,19.41968115753741,1409.86709886012,1,0,359,0.76199548679535,0.3819187411829112,9,1
0.6341421382957368,8.625528495713656,4.652137570108621,13.348560120139787,418.4659053048078,1,0,69,0.26960938064587414,0.5549068231601273,9,1
0.12626474156450274,4.69088248469747,4.383033596847193,19.43828260251369,672.9186317177367,1,0,19,0.8339976260453053,0.7146355360700514,2,0
0.676177562075434,2.771677600622902,3.8835000670835376,16.64956000063818,316.90156158261266,1,1,422,0.37760361171551954,0.9070012400067844,3,1
0.325104015431699,2.56929217330088,3.4057324957912156,5.416642806799185,850.1153046617218,1,0,120,0.6024678363789517,0.9762630875280545,3,0
0.6863271966860974,4.933538305870715,3.4126281938545135,8.548713391025942,530.6926513401255,0,1,172,0.952449029978109,0.8258073577211691,8,1
0.06964114816240574,8.8909490867958,4.69854327566099,4.767848843780196,784.9815279665177,1,1,33,0.6570673878578273,0.719305048891159,5,0
0.1748814371759594,3.9078063004899404,2.598108940101366,0.0839432166113041,414.4636830414827,1,0,405,0.5392435613631579,0.3996324182917118,2,0
0.8557372589057863,7.547312318478725,4.969956611050653,3.760975062938172,175.28517912820206,1,0,70,0.20543594191931414,0.3518198634613177,6,1
0.2271795570235149,1.1488235636747424,4.160938527128906,0.08121172573751334,1190.9173115151575,1,1,32,0.30673089821926247,0.7172188149704408,3,1
0.83704112524294,4.8653556810804055,4.202844247680977,14.3967692270098,997.5207975435218,0,0,261,0.6629311080783902,0.677344874036849,6,1
0.27927608845441043,9.918524175848809,2.5949945932618554,8.510685954423991,577.035097995418,0,1,271,0.5950600325229907,0.8922616754138715,1,0
0.6428819100587077,7.750290467364903,4.01382318722818,6.251494541557165,166.49191455525113,0,1,455,0.49106334051746514,0.5258240955985727,6,1
0.694150573509831,2.2631791867180078,3.7119451502261174,15.234417821903758,1311.8050877759692,1,1,108,0.9385727083152939,0.32778360014486707,7,1
0.5126547531450529,5.114126442239526,2.7644472672351674,16.6497354923929,337.7130069099511,0,1,22,0.46598602994075267,0.5965957883637232,6,1
0.3053106766967313,2.4895226837559523,3.1948050269233974,19.5059907729976,1403.0391055939992,0,0,145,0.6297206051552853,0.9784276127564175,5,0
0.21264437637109612,4.213697087172592,4.725786140534128,12.840271693504823,770.0335300343419,1,0,13,0.6549707276193041,0.8569024334555662,3,0
0.03318935456242622,7.844823432602656,3.8749710396648824,9.230579170801034,576.5413938718773,1,0,305,0.6219747120511381,0.32364052154959116,8,0
0.3039464012407238,7.758003189845956,3.5335414379347716,6.105286032148718,1138.4632676473495,1,1,316,0.5820683132320794,0.9122752327287227,0,0
0.653162790531283,2.4353837034433745,2.6817053896020275,4.446364184284526,1327.57516850526,1,0,35,0.4696509888095265,0.6301826427349222,4,0
0.9383048184484827,9.237788517917629,4.2853038185057635,4.258519009652025,618.998989103995,1,1,270,0.9270109064316956,0.555337622272569,0,1
0.871204482263052,6.007168191095303,4.257127058490081,8.183787494395975,670.2812530382622,0,1,260,0.5606426094073158,0.5427176785619541,9,1
0.7660647765353026,3.9232580514277426,4.035109017431409,19.835727105758597,706.4215070860763,0,1,52,0.6227590938768606,0.716600977127205,0,1
0.7884473432532987,5.118968691652435,3.775656615551623,0.017073948748065337,1391.2522860701367,0,0,493,0.7251823870641938,0.6714195929085338,5,0
0.6649849034759953,6.129698283689889,3.5844610055184316,3.944117944620016,1069.5895881200659,0,0,47,0.2541248339452278,0.759639070917784,5,0
0.260286857566003,5.686927212088698,3.9831777324699806,3.7678596480714766,446.70456386391777,0,1,462,0.8250305131705962,0.7015490255280326,6,1
0.9071950307058299,4.966769348254547,3.0834886293210166,14.342389710645847,358.99957650277116,1,0,10,0.6100058480688284,0.40076120238920293,9,1
0.670732311905834,5.148341480076121,4.853147660444119,7.049694551961236,422.5147287947425,0,1,257,0.7257415486759735,0.4800652061308227,8,1
0.56044063098044,1.9288367221932845,3.971986322950574,9.145216091836412,468.9894448597244,0,0,342,0.8176096523309531,0.8887207004712838,5,1
0.11098946921348107,8.164782462185858,3.2779811108859414,2.9724826093980994,422.25688786760213,0,0,279,0.8992795126113717,0.7642809602869409,1,0
0.4470555438064254,5.509251135421951,3.624199627212893,8.099940777538954,1021.9090260693546,0,0,209,0.5137763335623449,0.6138804377903188,3,0
0.4603582712019263,1.4845826447060904,4.51421197219223,2.063996238116721,262.3069149205089,0,1,323,0.8491439141458041,0.42782100228370573,8,1
0.86456360952267,7.708339595511225,2.9040401518257437,10.660865757771663,642.301885591145,1,0,334,0.4070695164527214,0.3053837251841183,1,1
0.5466482201877885,9.337950988098038,3.232089056150651,1.9587673076571188,975.075002158513,1,0,11,0.7282685207658932,0.5183211822320326,6,0
0.38040054897040965,9.483607612522228,4.198770056841388,15.810167623463125,507.2039635201032,0,1,442,0.2821658405437115,0.3383928698486681,3,0
0.9768003285106593,3.8163737776294933,3.2887230162055596,11.33203435080979,191.38413858232124,1,0,250,0.2160243739392602,0.6375988931612185,9,1
0.11072059332631567,1.5280653608953896,4.4812542046536645,14.479357475470337,214.55349198435562,0,1,322,0.2766105008901118,0.875261016930746,5,1
0.4225484283119446,5.280316341004039,2.826133717943402,8.370327733053678,276.35348682656087,0,0,159,0.45550598924998065,0.4997790629676081,0,0
0.04202467517140529,1.3035704476223628,4.406715426136522,7.6298258648445465,1270.1802348154172,1,1,35,0.22487569105973143,0.8934279130885348,7,0
0.7399041207669304,9.35307670142365,2.6708792871264158,1.964177780977272,1021.0089078469576,1,1,148,0.7043930177498101,0.7931950772606124,5,1
0.9180765521991506,1.999080348080431,2.531481531668737,10.477112140856452,190.3313755367027,1,0,367,0.45323563070581185,0.3876836305484057,6,1
0.28003732955048943,2.677105427521408,4.745558797080405,10.290043297141839,647.4964308119878,0,1,197,0.7891008541714384,0.7511933238887083,5,1
0.8583416767991209,4.185037963472711,3.9533480423307465,9.362040888992107,490.0192419858919,0,1,449,0.23673210901568453,0.4061758651138802,6,1
0.29221823046189777,3.955011791879433,3.3795672427170285,14.810367293648985,909.2561562803203,0,0,377,0.37336125323799857,0.758353644192443,4,0
0.9107701616439152,7.987696345499313,3.081486592409626,16.650088000647088,831.9283295412388,1,0,245,0.5264027402637589,0.3999001393096743,2,1
0.7539619035967839,4.6719048413994315,4.04221445815204,15.015793498970162,773.573632717601,1,0,392,0.506121249835237,0.5747579562108962,5,1
0.8049067768414386,1.8735289480327015,3.7725054588418456,2.8773148561368767,540.3173185216584,0,0,203,0.3047989382690724,0.6966159891667355,9,1
0.0180065556004545,2.8186569757635267,4.978994438824963,12.441190185642162,292.91968086158704,1,1,43,0.9953094508653257,0.3352619199967592,8,0
0.962810357074026,5.189311174837717,4.958039966634365,1.6064621137906676,1139.3269360216932,1,1,314,0.42755166466706873,0.4073158413981691,5,1
0.7266709920703233,1.645048390776122,4.087561415354024,13.89244574880953,1331.7994763797162,0,0,407,0.7768256677211705,0.5242861775365725,8,1
0.3047510953861333,6.194225621330939,3.6071762652647266,7.636781931222534,1421.8112729259442,1,0,382,0.37602135776937456,0.6236240600403029,1,0
0.8293946648588469,5.744323604201231,3.727852422836655,2.649979125325732,182.06655885901264,1,0,318,0.9022809685808673,0.9009411057450041,0,1
0.28152119841492995,7.204082700546126,4.206197665592155,17.241017139522555,1135.872196224436,0,0,205,0.510206648119754,0.4310911618477875,3,0
0.872753839566128,9.389505230717804,2.7539363605884533,12.280166780778748,1117.1048431697475,0,1,240,0.9207219911912836,0.5432296653517679,4,0
0.11258039041193701,9.140094698791325,3.3208801845267955,7.09449935895055,1425.953459803825,0,1,40,0.4734679357071769,0.6330433653961264,9,0
0.7036859774607958,9.471541057074546,2.68818060250901,0.6145435930099907,454.0804322968716,1,1,75,0.20691505719753078,0.5070449891925581,6,1
0.5406984766449103,2.5982128508322697,2.6834018987922987,10.74620518007221,1139.050653613219,0,1,474,0.6136163448627692,0.7380234451046095,7,1
0.09653447019544081,1.4893400050656753,2.989598104735584,18.464517569724652,176.4768042730784,1,1,201,0.6198303489208772,0.4796217043431791,0,1
0.24189382825883898,3.1623116648651957,3.713133136483067,11.927596654047314,983.7440090662667,0,0,362,0.2958673462309085,0.8406452947792704,5,0
0.01240403627731479,8.971834693109884,4.461935802906973,19.433012092389863,591.1869536730517,0,0,385,0.38797085873543397,0.6536078663958282,0,0
0.46876796546450583,9.726124051310185,3.7137397279146813,2.7290223654091705,1176.4732153664652,0,1,94,0.8267964727850796,0.36041341842277713,7,0
0.3012652607600004,8.621384520490665,3.338691526402174,11.366102091896737,1308.626001009551,1,1,27,0.2294046597029274,0.7388992266623703,0,0
0.5983574842977588,1.2781736670499273,2.7058824758418956,15.96250096012859,610.7494591045227,0,0,143,0.5916213493493445,0.6984704526591301,3,1
0.2972378077086172,9.484794380985972,3.875738807957824,10.510814622514324,835.8205297790208,0,1,58,0.6243264987308503,0.5370181479446708,2,0
0.2999191115069847,4.348908668037703,3.178171466207942,1.8213271197494518,264.36568730903986,1,1,128,0.7509696485408992,0.30780995487231494,1,0
0.7431931987316034,0.2912408494710661,4.037335444792869,11.657720030944354,683.6697513128672,1,1,341,0.22996501392010815,0.44049107952206074,7,1
0.04814283597835345,4.535458659332297,4.9429693478310455,12.234758116849434,605.1205505628369,0,1,0,0.6685170616723712,0.5839966702176468,5,0
0.9028949951919872,0.6514778628195824,2.7782858036938753,14.574184969507051,356.3728436983248,0,0,286,0.20247842926254656,0.43993982365530815,3,1
0.8522638743911815,5.530003627378952,3.0303134968048497,15.22423030330948,1352.2700746734863,0,1,21,0.41214269383135255,0.7042437846577745,2,1
0.6678046832264065,3.5178294688831033,3.6827363452484367,15.415453764212144,307.3229732562243,1,1,225,0.599747404253185,0.7986274257483796,5,1
0.5932215701073843,4.839662349221678,4.921534538364824,13.26888787277932,990.0351005422621,1,1,203,0.9290250699404938,0.899212359725585,5,1
0.8923024981396522,6.209069535282548,4.429524440674989,4.3162237283731635,1346.1997008718429,0,1,186,0.30127185280442836,0.7528878330786241,4,1
0.18533017952871444,8.714250739014638,4.745572982907076,8.084715116789587,1376.756011808516,0,1,374,0.33543130320262005,0.7823064548783688,2,0
0.07896916219082861,6.686635449424901,3.3342871211894822,15.522599452287974,1210.5355797767959,0,0,470,0.7354000515070622,0.725909305661367,9,0
0.2395101699095381,4.453678911086171,4.980096184446486,19.068539668016264,346.59758742384724,0,0,283,0.4998893550579191,0.9898402403288926,8,0
0.7945782787001903,8.230392965969578,2.7570820401603937,1.57893929673244,1244.4039728994176,1,0,371,0.6987371215382974,0.4827003983559357,5,1
0.03467026672648332,9.074704948216695,2.632432265115252,10.710733555943897,487.19073738187444,1,1,497,0.9979633337074139,0.4863810763589308,4,0
0.5828068350834896,1.3736476710355328,4.63900656763507,6.250445426486129,1391.3572384055126,1,1,331,0.9894973290790834,0.38843354899530175,6,1
0.9954375161913099,5.412943180017357,4.8181621755174655,4.507877886336596,1092.7213539933894,0,0,26,0.48297086359553715,0.6399790281086726,0,0
0.8556960938375394,2.988217205475953,2.7264633938652545,10.1162136703943,1199.374585412441,0,0,342,0.6031402830598661,0.3673131925416453,6,1
0.5214456890435895,0.6611997391940846,2.783568566864604,12.121786811130734,219.04543490271212,1,1,128,0.9237521269035147,0.4891026178286726,0,1
0.06364090928664234,6.751757612117057,2.5829353943894344,0.19544462838962495,915.8711588209623,0,1,379,0.2737341299268461,0.6378766501399741,8,0
0.8313735143857098,8.65515361910041,2.7612689066068103,15.60413144402382,1249.5989776581514,1,0,362,0.5618431230694776,0.970316931151012,5,1
0.5989785081772105,1.7964460138784617,3.023549542000702,16.397642625188954,1306.226493881499,0,1,385,0.5020618786531672,0.9746690956881172,6,1
0.11493299705956683,8.161653844714225,4.925191547275002,19.31021649135866,140.08438662709813,0,1,491,0.4359062181287978,0.820618163895589,6,0
0.0938572848233562,8.563278188662029,4.169650555599201,3.612874664493899,1414.8229255771669,0,0,94,0.9953633695378785,0.5724751131029795,0,0
0.9096268194365924,9.16053633813154,4.446382563796355,11.891051247218961,160.6742266234716,1,1,65,0.7868394351779024,0.9056128913635821,1,1
0.6692002629380784,2.799793873043314,4.440348509228805,8.53250746952789,960.3261515447898,0,1,176,0.5109975939143376,0.9128190613353482,9,1
0.8292867993167555,9.058740038860915,3.8376843744480365,6.696557031107013,1070.7425386614368,0,1,472,0.8632175133323354,0.9371381665575866,2,1
0.8789789002822673,3.3424949964170363,4.493722444282543,11.312669028750094,250.28340763507373,1,0,485,0.5917328805696456,0.748017533750649,7,1
0.5717723520483222,5.612912531863929,3.989518830974924,15.647661864471004,167.21661185286976,0,1,495,0.898259529894287,0.4412549569255163,8,1
0.5174463517550413,0.6949732141563649,3.286365244008394,0.46105566890420224,1198.877016231021,0,1,274,0.41310387650446273,0.3637565409394772,7,1
0.4304274103209902,0.6300346660136873,3.902775271921002,19.388002251323734,638.5388747164076,1,0,155,0.37888018190965234,0.9403428528280908,5,1
0.3169465877911193,7.259657484775589,3.8337714653362838,16.197631714114216,249.95752144117313,0,1,453,0.3978293449979581,0.3388822756851221,1,1
0.43459596085871177,4.555903784182353,4.558632634398302,15.02307407291157,1167.7349429426988,1,1,422,0.6307844609000419,0.5071230416065964,1,1
0.7738796557301564,2.7116652786183324,4.954318043454148,15.20774764361007,1288.8282982010687,0,1,18,0.43305071292410774,0.6408732369264158,9,1
0.6019234310151316,2.06605226104412,3.527606413552326,7.781214192373051,922.3406670623303,0,0,382,0.3176957473171073,0.31538368501143305,6,0
0.8925232899548461,6.765544210420337,4.408476696103399,15.032411016896274,325.73153180850386,1,0,371,0.9957023348045857,0.9348385810747706,8,1
0.4433800143791877,0.20393513144833075,2.7494075100953337,7.735404172059153,121.31146008808713,0,1,319,0.920346581953128,0.5009846964105644,5,1
0.607089578718754,8.097733458129172,4.442078423620721,17.974136591495864,1081.1234738227213,1,0,57,0.7080099499944639,0.31995335924440266,0,1
0.6313075530919887,0.9766461400733024,3.4285422799830805,3.5444476661293933,870.1955447554435,0,0,272,0.9132342991391569,0.9955129980585629,8,1
0.5916971623063255,2.076598226099571,2.5984754072242167,5.846948484303029,1011.1159984081113,1,0,197,0.9483701900062551,0.5179752265722607,6,1
0.7026337730855163,3.9851166739310786,3.408115446405443,11.026750853981522,1238.458538279434,0,0,78,0.7408866334926685,0.9137354352397609,2,1
0.23743346837480628,4.951615649217816,4.026606877304112,6.38422071774545,707.918887790161,0,0,469,0.6149438229530466,0.6174321177446166,1,0
0.5123637775457907,3.6789521349766305,2.798125419203666,8.484744905905469,274.3216563670686,0,0,40,0.9056014337717417,0.7641881307384992,2,0
0.10422480280834767,3.3429792168460803,4.810086231075637,9.848453787971893,1415.976599547157,0,0,225,0.6542375975303276,0.4687631046761483,1,0
0.38451132764481255,9.646376918317246,2.6941810331820966,17.12706697627017,863.3669781456002,0,0,260,0.3014404342830992,0.6520127288839154,9,0
0.4876670686212644,6.4874808761852645,4.825016799582915,10.463845072173857,961.4117667239564,1,0,244,0.4934848003660046,0.48035583469751886,1,1
0.6522242595454725,0.42964296260040447,4.267843794839216,7.24919697229121,1406.7760013724517,0,1,22,0.5567367613883016,0.9657587168855724,3,1
0.9505310525862035,4.415723902754269,3.324280438535509,4.954723280702316,1404.2171188343682,1,0,196,0.9482952129084765,0.34266178869137237,5,1
0.6006510665483559,8.775085257490908,3.476875869272733,8.173519575843944,900.9324494194431,1,0,235,0.7273483778446579,0.4922717492533932,2,1
0.7435939161765598,3.1542706268245464,4.35202341183186,10.314722088287398,516.6559946099965,0,1,125,0.9002220502367126,0.9251762135849151,8,1
0.5062660594952028,1.1266521787890047,4.003677752203019,14.922297144064727,1495.959087617835,0,1,265,0.806073360671949,0.6360251702550986,4,1
0.6341040313763313,7.632170761581195,4.1791073036373625,2.4209755234467734,1053.1439259349504,0,1,323,0.4478887092181464,0.7200588783329189,4,0
0.07093221613377343,6.138935552973597,3.4729115412837,4.432183764783018,671.8113476488792,1,1,139,0.7749671944513465,0.7561853600469497,6,0
0.254391580841847,5.789062576699739,3.7195337045189976,7.593080317373464,883.7715239950256,0,0,366,0.3562397887390997,0.34964925824149434,8,0
0.3618530932051387,0.7250502841525976,4.9746687100947335,7.207968102390292,682.1676703752415,0,0,393,0.5265166493739741,0.3124171186360095,0,1
0.47249335500651357,1.5768902959960698,3.034807176249294,7.834961752104235,1343.6272132153065,0,0,315,0.8448734857247457,0.9564887361979146,8,0
0.045648745502383736,6.300984082888515,3.544640466305329,15.870425292806491,775.4991248120446,0,1,126,0.6895433295321827,0.4900519917078165,1,0
0.14002409755331768,2.2366736462965915,3.2295579689349183,6.483088059243462,1252.939726373746,0,0,285,0.8603300047620921,0.5662191773048701,2,0
0.2768143077913058,5.139886781534559,4.412778776099625,10.037963608053293,1276.2468169522056,0,0,113,0.40376286588004107,0.7774652195064846,4,0
0.9715326909010507,5.539840523088056,4.410031564164302,12.47814065715793,1254.0652728293478,1,1,407,0.7997990659418359,0.4654127139509049,9,1
0.33134700710305076,2.9783704646552067,3.2311136524934896,4.643571003672102,1111.0640574659442,0,1,324,0.3618594891534692,0.8131499591172626,3,0
0.48204105811208253,9.49456652430663,2.7034757915824574,14.373907742950777,1296.8288035306146,1,1,12,0.6362433379184058,0.6207695275142889,4,0
0.19609771273839294,8.456148246988636,2.52858169168051,10.942226394765619,642.1214114721569,1,1,227,0.5468276755635451,0.8996268637011737,9,1
0.6107800710757683,7.279260374801426,3.568626333106214,8.935623260627562,260.5284885987445,0,1,8,0.6451806862166456,0.49497844503583766,4,1
0.2806832155159743,0.9643398908122092,3.525843985839427,16.195680534766275,1279.4358861215203,0,0,145,0.30842673922261804,0.44267573632430895,4,0
0.20699257843842678,1.2400741892283906,4.970974696599658,4.86990518370364,797.4357819622834,1,1,162,0.4889823004104094,0.8821818477124104,9,1
0.5165726284459791,5.029257189476566,3.674505189244199,17.663519412286462,278.3264455389914,0,1,222,0.7335230646929389,0.5284282454949836,9,1
0.005505799160420821,1.7749908220716597,3.1410459239385515,11.220974707334076,261.4375310548111,0,0,215,0.6468246352648219,0.5883080522003534,9,0
0.0076640326492253275,9.787001542588847,4.728073602578668,12.183497587593164,322.9393516138498,0,0,490,0.6391758071294558,0.855595482881595,4,0
0.21906880910185778,1.7534982934686127,3.7276698741339462,17.501179283378857,1151.362563533948,0,0,387,0.6086640897050035,0.7449035761622025,1,0
0.03672136250082114,4.977184787546945,3.9979390880264445,16.35165375698672,1095.1993428527935,1,1,168,0.9551079280311028,0.6092081233025883,0,0
0.10802575413069138,3.7683863570467535,2.7391717760705316,12.031241376438008,385.3461522588365,1,1,25,0.9476557583517875,0.4749233562331906,9,1
0.3388606493387516,6.4659869302501605,3.457291018324435,15.063754076963482,1285.6927853537134,1,0,124,0.48811597823863545,0.834940678196235,7,1
0.8025856795798129,1.4645568071163642,4.860559186184467,8.666389804657937,493.81271373954286,0,0,299,0.4815160092673638,0.4263017241430399,2,1
0.5720486433693008,4.417100994815431,3.9737634604385637,10.947555069994925,1210.1798166409264,1,1,249,0.6439187652584489,0.9497957204104996,6,1
0.5126677259564164,2.892109321510008,3.3612546378561543,1.2414027341702227,784.3282708289187,1,0,425,0.27648502731136626,0.405221248386098,7,0
0.29348882320812164,8.899964941782542,4.064167951578983,1.7971583600009366,1124.1681555539926,1,0,9,0.44240536061401275,0.8634535843631073,5,0
0.9317537194328164,0.5977399789200118,4.77602772394529,16.58850808372664,633.9427283029922,0,0,104,0.3846940526409382,0.5969742067096936,5,1
0.39701504123719167,9.1545294412633,3.1849765011814752,1.1934331136499332,585.9968359326863,0,0,105,0.3787117346691428,0.43020436305345844,2,0
0.08709276679577149,8.363342557819404,3.762791796176686,3.3879825126521457,1277.9034385430652,0,1,456,0.7108044207162143,0.5816652567657398,8,0
0.6170665161178013,3.116193021119992,4.896726634779388,15.916653179008831,149.4231563196975,0,1,0,0.5074802674753195,0.4550862713399535,2,1
0.11383839347660141,7.9350484158356265,2.930990358246132,0.02291901256512574,1464.6317261605104,0,1,181,0.33693149980664505,0.3951955555850931,4,0
0.3452231428016921,0.505892891319726,4.299159813991778,5.6480865769172865,1007.4513815715228,1,0,399,0.9100574759902076,0.4674087792513909,5,1
0.5074119387178089,9.675282392875257,4.036202520507456,11.680773156532435,705.476743479219,1,1,301,0.8993189503502355,0.9071789307767768,0,1
0.8742225246851758,5.360630437379936,4.199187827851587,11.908998629385932,979.2763436105953,0,1,140,0.8899703388257882,0.3741596712358769,8,1
0.49354658034011867,3.172154055441364,3.3780490766689244,15.543058164589471,271.8373250425759,0,0,229,0.5125959538062342,0.9807777114375236,6,1
0.7022587660316643,3.7533154834278357,3.284698433709412,10.11852508984341,819.6734374109666,1,0,63,0.24558596280836192,0.30349891758137376,0,1
0.9928168389990704,0.8507724639128742,4.210524176470926,10.188037390619407,1479.1337326757168,1,1,77,0.2853936143155489,0.7607667080738701,5,1
0.13148911989798162,9.895625237611984,3.0388582127613635,14.506211510814008,429.3772129853896,0,0,231,0.4208384638170394,0.8995583893866601,6,0
0.2747315255195195,0.585061062476786,3.549136862147513,9.97248926532567,1111.189338650889,0,0,86,0.3759760032869237,0.953770353688735,4,0
0.3945760755976464,6.618089806849019,2.970436615132295,12.169821731272336,708.9599261643809,0,1,182,0.8991884961190684,0.4007899154197282,4,0
0.42182817853883137,4.538812091523292,2.5207621028083245,17.955481365101022,1013.4414078831351,1,1,318,0.9890865443114076,0.7887459475166381,6,1
0.41102107526554577,9.499378938249407,4.925143400095173,8.029020152247439,386.8421201684856,1,1,145,0.8533389298654419,0.3751444513089531,2,1
0.9076110025565549,2.610797455006593,3.579257446641048,7.702501418384444,758.6509756646434,0,0,316,0.7838791221993509,0.5468280457121035,2,1
0.7140326444668564,5.414450874592512,4.923374036049563,0.07097983729542623,1472.129799402985,0,0,91,0.6708993119418514,0.8123484502548954,0,0
0.6079052140907037,4.92709084411098,2.850808799419565,12.268525230424638,373.4020114224134,1,0,122,0.8159266393438982,0.5421812583141468,7,1
0.3093727178627821,7.0880911516909935,3.968416948643715,0.5954381481426396,991.0230389882599,1,0,275,0.9576266497539128,0.5193623097967475,1,0
0.8237903842212947,0.866500273133721,3.002435081978099,10.082969794566326,905.8368482735135,1,0,448,0.6810757359256648,0.3812382331616857,2,1
0.9550605114849889,2.0991334742288776,4.475185317408187,16.08467578064453,891.0722208065646,0,0,63,0.3236905952158671,0.34650666602966157,6,1
0.8211982825502265,2.3027352369099288,4.459257471902438,10.998421410393263,961.172605512264,0,1,331,0.33108665381497576,0.3806945938972299,9,1
0.0015651051914729042,7.433877397448559,2.7815178725982794,5.39272330433352,803.1331631635193,0,1,218,0.667090242502869,0.9128323424616571,9,0
0.636401370183407,2.053559224002053,4.7801611321909725,15.723368428987426,123.70305036072119,0,0,191,0.4667748318278463,0.30783896776664765,7,1
0.051135381442100725,5.820219286131572,2.9865741180080616,5.3943400816507765,1360.1355360483649,1,1,106,0.9281979001959755,0.7850061086747022,8,0
0.25760722033372185,2.3093894409093467,4.032443353973401,14.660635618917974,1257.7703584776432,1,1,396,0.689313867068778,0.8380369609218083,7,1
0.059524700347771686,8.64392451082299,4.96408405021926,12.205169103804625,343.8347532895699,0,1,246,0.7411940907386882,0.6975218128892002,6,1
0.6037954529493877,9.433417453998457,4.705991336915909,3.399925934960024,678.5824483304167,0,0,451,0.20465656808072208,0.811542752828204,9,0
0.6865899134926068,5.281231154433957,4.891409821402922,18.102677496883715,1178.7685729709951,0,1,472,0.5990788416500985,0.7565887683175702,0,1
0.11448763806590512,3.6526270652499475,3.3564969280452983,4.012873659143914,1472.0872415421982,0,1,453,0.5449317771111294,0.6188909423662848,0,0
0.3838388830449795,2.493766195171492,2.7639391055486584,19.791741482813396,1431.591865018501,0,0,56,0.7646974854140265,0.5678972995133869,7,0
0.456236508955542,0.687853814925829,2.9708671832236253,0.14620977309881544,1359.1028795466439,0,0,44,0.5061109282666926,0.9589323918836214,6,0
0.3690530217609166,2.831300746735455,3.7512372376915346,5.269667542858061,321.7234562187955,0,0,375,0.9812600255097299,0.9803565947993276,1,0
0.12102500048519305,6.611510643464116,4.483074195683305,3.997205945483977,1380.2651484126068,0,1,85,0.7361625452451215,0.7558899825375207,8,0
0.4189477901874754,5.429445926830267,2.875384110459688,0.27986820340925256,1329.822878131511,0,1,492,0.7279346665140716,0.43810918792893017,9,0
0.7511780478084181,9.451604527153089,4.149328830651893,14.647358002946312,627.7298756329453,0,1,37,0.9354729158063861,0.6135294137064512,6,1
0.07100766453325547,4.083517172418666,3.30894401009878,13.868516041991924,652.3316323507669,1,0,181,0.9961638671186765,0.6475762430578249,8,0
0.08018001408190345,6.999860754818267,3.353005180980384,15.84701928709861,743.872490737225,1,0,163,0.35825655140969065,0.830579036722463,0,0
0.3547712918359842,4.99536292525619,4.154794325394816,5.133970929291305,1018.6458833529838,1,0,244,0.8484265145717824,0.7674439919256235,2,0
0.941725711618925,5.223246916057275,3.6674985488330503,8.886703341659398,465.16986237622206,1,1,322,0.329855596257622,0.6603701005995266,9,1
0.668572646722914,2.824188283120352,4.530083232564985,13.182270432430949,132.12780121592255,0,1,376,0.565634762443368,0.7762551904510098,1,1
0.6786699566725648,4.658517613051598,2.8897962741570677,8.795370077762872,297.72133443613916,1,1,125,0.2801483234659761,0.31683979271364177,5,1
0.36191999083786497,4.8136929707245315,4.474870674417597,13.946515406358316,716.1622706074832,1,0,206,0.6986967827737318,0.8436447253190547,9,1
0.5936607912085384,7.125096713139553,2.660588120143552,12.679468168808842,494.8035971966826,1,0,266,0.57481453072406,0.448142563804861,3,1
0.010131184027743378,9.418271992023916,2.9851347006140125,2.2929560604435295,1170.3231854505846,1,1,353,0.7029591586605721,0.7594863976928043,1,0
0.6360960464095422,3.4273485193285422,4.140374286257913,15.62086242153936,249.36609876897992,1,1,410,0.7423686020923304,0.3797812764959064,1,1
0.9132869475762367,0.6135645920967248,4.6373141412776775,14.413527181850366,1384.4513157767253,0,1,86,0.6955458000249904,0.380122585147291,5,1
0.6125734683448192,5.06369222990627,3.1316990693483726,13.116687752348106,1353.4580519214755,1,0,144,0.43522329808589855,0.3249603506856914,8,1
0.873698593466345,5.5357210550618525,3.3179790145722823,3.1018721254200465,1372.2595437066034,1,1,121,0.869567325794935,0.9371629671074582,5,1
0.7239730554660938,1.8507174010927696,3.84280187071685,5.359928975907273,1135.4539980446573,0,0,470,0.6413489595000993,0.7231911303842684,3,1
0.12055841640369025,7.652553141505455,3.028932016223256,7.8635406317520085,249.79996007703903,1,1,97,0.5918809385734425,0.5533733553604038,8,0
0.9024533072858417,9.852305262726619,4.527890653968765,5.598592433128868,713.3925999173935,0,1,468,0.9896510433878996,0.8514444187135162,1,1
0.06644384435577488,9.468592226682917,4.434091612514402,4.556205813522629,283.96752052764924,1,1,288,0.4268063253651815,0.7382575404372658,5,0
0.5339674725477638,2.1316391804717916,2.863229279914454,16.107153403235515,1482.7788698655156,0,1,132,0.6224242439161385,0.7340563625390583,6,1
0.14213712379345766,8.778559751027455,3.6595743295415804,12.764644927204047,566.2537927581426,0,1,378,0.7458596628863932,0.6409299560541047,2,0
0.011706610730904066,7.104037636834511,4.437069416636554,11.309442631005007,919.4627586460869,0,1,499,0.30018074634658687,0.30554874506774604,3,0
0.422034260127639,4.647696325307734,3.343323827758537,4.519054217065078,1191.1502759419104,1,1,336,0.4833917793172283,0.48092375449745783,6,1
0.29504070765415624,5.497987744382345,4.08276705679433,18.361531245372827,1388.8625179159037,1,1,317,0.841350972797861,0.37635368622005805,8,1
0.486000493797603,8.52608171482809,2.6255328036439316,3.8236607819463253,1157.766816177904,0,1,64,0.389406587679864,0.7636868966469432,4,0
0.5771998867345508,4.905322408456057,4.0217219013232945,15.899018656493542,1044.3052902727327,0,1,198,0.5946322919228854,0.4740345752508984,1,1
0.04373907230894736,3.8574322172302438,2.8816324500015176,19.33345333410586,752.3744948534119,0,0,124,0.7045044847863768,0.6151166648358448,7,0
0.12300329512374564,5.033825431654662,4.576458312786128,14.541854584484721,947.5601872507336,0,0,450,0.7369298826460802,0.547401208802918,8,0
0.5586423964504253,5.875472079543481,3.388623658951196,19.857175503692595,231.82933239396175,0,1,345,0.7826483536382607,0.4002391165477548,1,1
0.34316735317265823,2.052961007027819,3.203884656820489,13.021022339558934,1337.4915587457676,0,1,207,0.8927818536343555,0.9708591630179035,9,0
0.729173487549448,9.028895756616508,4.6022224417787125,4.3492068720779,861.2882323758396,0,0,207,0.5142875544269101,0.9533935181390512,9,1
0.6522916485919397,6.807032098530216,2.6253600576795257,4.076389874330227,156.1890706089198,0,0,299,0.7653055407710849,0.35922573022564835,0,1
0.8456043629899068,6.406035389907392,3.491521998335862,6.491285685109527,1387.8629759238565,0,0,488,0.7857397182162014,0.8791557474695975,3,0
0.6924928266692253,1.1750630165702538,3.4250088514375783,0.14260040442012123,785.0227633716162,0,1,120,0.4402193041015922,0.6418615779014611,0,1
0.42993107739014813,6.1209045940914,3.2120009356238772,13.633969401656692,1316.0247981854025,1,1,141,0.974526360169313,0.8416151192065959,0,1
0.6729666223944324,1.385414489937225,4.779385830003692,5.373355692556552,1299.6431358874997,0,1,491,0.8921753388176497,0.4058099916396368,4,1
0.2753811742554185,0.9712372169149108,4.3773209837918055,16.303664645855058,1242.0522224399608,1,1,473,0.43188906295965124,0.3925918964442806,6,1
0.3063134987782127,5.367646777295455,2.659807910479847,7.183453011186005,185.9642270134985,0,0,346,0.74005494134959,0.9235302506266427,2,0
0.7889851599207933,4.147298233655651,4.286718623587385,9.599129869266253,445.8933035938924,1,0,56,0.7742405075674352,0.9284736442887425,6,1
0.4464195164015822,5.970340647530988,3.818247832821985,19.313778331207384,1325.7670214516031,0,0,303,0.5451869090203034,0.6261385139275262,4,1
0.7983803405183525,1.0743772469609383,4.752169736003948,4.843442460945542,1358.5874784729315,1,0,144,0.8909946287527732,0.9091104583304286,9,1
0.8224223736682784,4.423634015903133,3.282364043370896,14.42508194859479,741.2964073163284,0,1,43,0.7521834828072318,0.767221266052541,7,1
0.8575623376612838,1.9129098074425481,3.935404999023957,15.102355786108344,716.0580547158831,0,0,131,0.7265237481221745,0.4295068198276944,6,1
0.9166352358412073,9.873580842056342,3.751888186852465,4.419963150472704,345.19688744060966,0,0,80,0.37667229782777456,0.5302679852775041,0,1
0.43098522051329624,5.699272081864709,3.7239022655690146,10.019936732243913,1455.7751041676117,1,1,352,0.526273849079666,0.3952424553560689,0,0
0.31886681832113883,6.936881237220501,3.640263498793032,7.004038506259366,398.39386550266045,0,1,29,0.5471379913058799,0.8417640682516532,6,0
0.5821987465941139,3.389099150689557,3.0140736888307034,15.438124868001783,367.31149809107177,0,1,376,0.7869288772632166,0.9896755072870247,5,1
0.3711724234376276,1.1284413648375728,4.389274806230982,12.449666380580748,1025.020558208844,0,0,340,0.694715636206042,0.682464828596208,8,0
0.601074166800233,9.76353445527866,3.6283400818482217,9.51966109721094,439.98202420062677,1,0,208,0.2686884725010137,0.7591050898804248,7,1
0.7055858626438246,3.005338546755196,4.896290687506514,15.587265300954364,1414.2802554201457,1,1,458,0.44615836150979205,0.8222647976935455,5,1
0.6884050184921369,4.353320214701028,3.1520210679819405,4.703111400168341,115.26979344491275,0,1,242,0.5784380035692365,0.45698137170134323,5,1
0.37455288702012135,6.5686664326852355,4.206859599067602,15.072437611687182,108.05456725262184,0,1,182,0.7893863566855945,0.5352008733434039,8,1
0.16686020169875282,0.4420335173238906,4.851792699097771,17.307486241856488,806.8275220098394,1,1,157,0.7948553040637394,0.5886248479269642,3,1
0.43052933846220753,8.140539479069412,4.158645807540231,17.57243193615145,783.2874438788608,1,0,145,0.5924346468573094,0.7162118185018305,8,0
0.14259414408190874,5.45846626228048,4.678182269043487,15.673471860392077,328.7096306612747,0,1,339,0.2935459058085421,0.895344804704143,7,0
0.8900970351838083,2.9265284332744574,4.5687023993925155,8.160283339965375,792.3273881583982,0,0,353,0.43432272269827127,0.47794248121293426,2,1
0.3458774607378574,0.8037582558661986,3.4002942887225096,19.63616045435654,676.325547237981,0,1,232,0.4037539057976554,0.6296221605094523,3,1
0.15445974722332378,1.792484471649526,4.000309849848741,7.5918728764487975,1346.4613354793162,1,1,91,0.8248211282465929,0.8260737378432981,6,1
0.025447759905750877,8.971331816763682,2.890653349528389,12.772507982048513,112.95548830374887,1,0,328,0.34398905120452283,0.36116949965323697,2,0
0.6458223862864843,6.9230373945717325,3.838814706738999,3.2214835613893733,1466.7777270461331,0,1,171,0.5719369779161538,0.6590254208283249,2,0
0.6369023174547432,2.649036872041521,3.076054929535843,19.608977972727853,974.1498700141794,1,1,189,0.7365750428115121,0.4010657923560075,7,1
0.34060416658129167,0.8428874964612896,4.359342037381114,14.079718437293264,312.58082390338586,1,1,30,0.9718289223600296,0.6774042277091445,4,1
0.071711888847651,6.968030061389037,3.820146054730311,15.067550904927367,165.4640193356327,0,0,108,0.999392464179552,0.8374759329208057,4,0
0.409628894895232,5.809595714484098,3.528068406579151,1.3155340682228922,853.3479219829246,0,0,271,0.9623377148443513,0.46586318773145785,7,0
0.3112174950633936,4.1642913396907035,3.171992740417444,15.268356284413436,428.84623236054813,0,1,94,0.7745938762028282,0.8946349118392933,5,0
0.6771206397350094,3.763392202062626,4.996746204603217,15.494468584412026,521.6317518017629,1,1,476,0.7971526664176734,0.534362877057225,4,1
0.6057792494526903,2.3247799041052617,2.679276302212332,13.435454527244596,443.18503076831905,1,0,76,0.8073680780872139,0.4335494044904391,0,1
0.36459372819754,6.762190314067674,2.60890170143105,5.838192275806873,1010.2412390015152,0,0,150,0.8900839012370321,0.6257263765495964,4,0
0.2178925542549901,9.712546672379931,3.0431435012346615,9.79380084321763,874.940546962587,1,0,141,0.9614283702817665,0.9132525574736436,7,0
0.9880359661555919,1.9220094092008935,4.927681146569549,2.2086874261743294,209.1641929305361,1,1,230,0.556564915616262,0.34825314282187203,8,1
0.45400162119611487,6.051742876151933,4.948095420799961,9.431741329183051,837.1371464452455,1,1,257,0.5332087024337016,0.5293000263516517,5,1
0.688274235780237,4.357013546310568,4.137319336930339,4.876477052008097,1207.6656717886199,1,1,395,0.5683715699029046,0.7572142182783792,9,1
0.14055296757836078,4.577549473097717,4.7002666680160115,6.981939729881641,213.67242714845406,0,1,441,0.7278537371652753,0.5503066080869098,2,0
0.4855896996593978,2.6906433452525813,3.034904327101988,3.252008168073972,1345.634566722588,1,0,127,0.8203563170222117,0.3495767963128309,7,1
0.027536719869465487,8.286321781481908,4.930105235441559,4.60108735493794,909.6293092268207,0,0,347,0.8964355127210635,0.5323992781463316,4,0
0.50545511791045,4.955504920642963,2.8569621253489115,1.531372836402325,1430.8742569784433,1,0,223,0.5649686034260846,0.8746715702955712,1,1
0.9640174071177023,5.525377351542988,2.7528129704541455,18.398027328738426,307.3977048113259,0,1,183,0.4906981009441036,0.9776262657535182,0,1
0.3842067129858002,3.1866569454137927,2.7805288481181822,10.608213759508068,1490.9909990946412,1,0,496,0.9866820917617811,0.3278454381784029,7,1
0.03899601257491159,1.9817229635361076,3.932819808181412,7.934839425254793,1001.9820123575475,0,1,279,0.385510096805781,0.6984986723445485,1,0
0.03095579091934353,1.0419218043876408,4.452436001795131,10.700584255375677,894.4918792734879,0,0,292,0.37760386820198183,0.3737124031187936,2,0
0.3879867599468695,7.1983675810641765,3.4166679446865826,12.565864569631053,821.3914737569196,1,1,28,0.7723259638611966,0.7762775704092041,8,1
0.16002493646319405,2.123095960540985,4.944739969465316,18.437575867386983,133.11612233763785,1,1,499,0.34372583648211386,0.3055245582056357,0,1
0.023352096328185912,6.962738471050218,3.5860503452958237,3.5738590457262664,1415.4948681694093,0,0,297,0.519527199796898,0.31031913799516125,7,0
0.7562136139501768,4.025689171260148,2.8761213769330407,5.911049972704352,1001.5922619958776,1,0,17,0.43390945785140156,0.8438158785014018,1,1
0.4585230088818907,4.274593049698585,3.664916870465342,19.515786726882293,228.2770782990077,0,0,130,0.3349683654055589,0.3521047258881084,7,0
0.2892447719726545,4.797939461709163,4.197592913556099,7.423859732970488,129.33303841233484,0,0,460,0.6637657912783148,0.5136271720009449,1,0
0.9000831830164807,3.803543379649924,4.580564451260947,0.4512330151465527,171.09709493145186,0,0,268,0.4988091926037031,0.9706282968726816,6,1
0.11613896020052561,1.186075776781383,3.6469207248914826,2.9528698527431763,953.154068805137,0,0,105,0.5697873382787568,0.9896729822132297,2,0
0.9559188289553192,3.234391738027889,3.9840170651229188,0.5267740349710404,959.6215808524194,1,1,156,0.35669040386041284,0.4129820033202467,3,1
0.3139667173773528,6.704596734800598,3.1683617803971336,19.79846284841457,799.5342084940175,1,0,449,0.8142934421374053,0.6926313450050952,0,0
0.8884036723086812,6.724687134394936,4.114791316013785,5.577416979824461,529.4721489141322,1,1,58,0.4517696667605966,0.6914041799432099,9,1
0.6029428764794615,3.0049982109519453,4.964929859875859,18.47085513872452,844.4398242604979,1,1,91,0.4741745432215191,0.6166664833728293,0,1
0.8267073597414875,4.709005740265343,2.6226339314694846,19.917725515194316,822.822549226761,1,1,431,0.40172316968009014,0.9472901107847969,9,1
0.9840131632104643,2.0957828345169873,4.71632667676292,11.996824422862284,127.18178382719188,0,0,259,0.5475228576952271,0.8278237363869121,7,1
0.2884054378187457,2.261646398992391,3.905706256918807,0.6639263013112351,495.4569224584973,1,0,50,0.5708613017909376,0.8351688549773606,7,1
0.961135485407593,0.42586146638475264,3.13024664890575,1.6318326077385392,174.45947805400928,1,0,132,0.6237335330636121,0.48869860223854017,1,1
0.38948189490242036,8.988116189095898,4.887224275023145,9.631781102157555,1360.2166520267176,1,0,166,0.9740546255855518,0.6040238405411471,3,1
0.3855119047369223,2.264925317734081,3.7083857576472474,8.123440258229719,1115.3124278991895,0,0,296,0.9237534464365629,0.6411965889328171,1,0
0.3403871042545057,2.429831993977341,3.329225629183464,12.123546115635353,1494.5612382700772,1,0,4,0.6875141047896429,0.5092384288430916,7,0
0.5414076073475852,2.9400940399222923,2.9537440706771028,8.776956194227278,523.039768627403,1,1,135,0.231122774210478,0.3663724426134406,6,1
0.1541450431784871,1.4485991026152043,3.1111305256416553,18.681536985429688,1329.8801868596745,1,1,225,0.6898082727013877,0.38845145748055115,6,1
0.5537114853580112,6.464776255177356,4.582122603978606,10.694794308270222,944.2759751054745,1,1,183,0.27173488541129304,0.42646978972664523,9,1
0.541704812410004,0.9364009411403484,4.036025023292915,13.874521229248844,734.3755696650469,1,1,408,0.768275390814998,0.4425573340554638,2,1
0.76190181260487,1.5151837779982327,4.78311404872079,17.92970545284993,411.60235580408914,0,1,90,0.5120621172647445,0.4695832664473808,4,1
0.8336499619375856,6.518615920582911,3.0799211303944647,2.9374375166641475,1133.7490314006,1,0,435,0.8701571932548149,0.4788220202744461,0,0
0.44044135031242404,3.5286740807181394,2.8028464346222535,4.594693082370571,1365.79704846602,1,0,307,0.9540233962121045,0.619001441841275,9,0
0.30233324935149375,7.1378887016716535,2.515218827438975,2.146373209480301,429.43175730551906,1,1,390,0.5336882731724872,0.6567012335782288,3,0
0.25933489731709447,5.6627624977673925,3.7696550940399844,2.7927679845982456,345.5464689630576,0,1,188,0.568444236378997,0.5162154456884491,3,1
0.19462383670487193,2.7090074960028283,4.99576732595497,10.251679338684664,1074.7106810068137,1,1,483,0.6721180648102802,0.9351074939445096,0,1
0.05764758219902488,6.5781139147954155,4.2374131720465975,6.42358517934928,1467.7624278157268,1,0,479,0.35770617748644046,0.6871978063372681,6,0
0.34244797883471334,1.3394820668702305,3.270986479912865,8.463456790535098,1149.9371415457092,0,0,468,0.9418662726626892,0.8512338496233847,4,0
0.27024769213078326,5.456821754184299,4.692146457565429,19.649796635881238,498.4130346667085,1,0,302,0.5463999412010981,0.9469664826945903,0,1
0.9664173858664074,4.48405142944134,4.454305664969899,3.134086955918962,687.9375938068999,0,0,382,0.33345626873280587,0.41419458020306366,4,0
0.5577088262500439,2.82516111161092,2.5385379151913483,10.816241415961512,638.0446896417204,1,0,337,0.8101854667351072,0.5995121386009441,7,1
0.34727703903050755,6.119248977847102,4.5421512013525565,1.9774231010730192,1292.9330252658635,0,0,321,0.3753210979551882,0.6032472812002261,9,0
0.580467600993696,8.739069204934768,3.2513168930962397,6.369926265277572,1179.9190904211134,0,0,442,0.314823420057484,0.548130575306848,7,0
0.1391967013456955,9.989266057678153,2.8741836614590026,10.550518473491973,924.5656086661282,0,1,493,0.6502976603952058,0.30623410658614797,1,0
0.4440437492022029,6.156075133685561,3.0658270993426866,18.932634919306754,484.9427545556645,0,1,489,0.7371962042332727,0.8711804754446664,0,0
0.6262343214210638,4.166117568425868,3.6714495109378475,7.82456442566966,1413.1839388108788,1,0,132,0.6556501925319331,0.3780915250877319,1,1
0.4888978317924514,2.407029582118776,3.5621698176700276,1.2981339242933965,1014.6413146768052,0,1,171,0.7252085191578905,0.9968364185452312,5,1
0.40177880065432425,2.7195416760720956,3.222218248435567,7.763228959206339,1458.6673050184954,0,0,425,0.29241920984619557,0.841070944337827,4,0
0.9938483888996982,4.898658785867704,2.930545805517582,2.9148235174795545,912.1638462588431,1,1,249,0.580814430307286,0.7060070123245601,3,1
0.880314762148927,3.799321472550951,4.405576974105423,4.599792265828906,1249.6698617090597,1,0,60,0.485614915270833,0.4082244924191182,7,1
0.6234059581594401,9.155382321724453,4.975274459337292,12.361812463299808,1238.3475311523375,0,0,446,0.9786948929920976,0.660775079975273,4,0
0.5693773611822828,3.809295583025954,4.444478951049226,1.3484773240736336,572.2602875670289,0,1,49,0.23969914734357395,0.4827761186004662,3,0
0.620660479824584,3.859756993225268,3.239842419178853,9.294475125000748,1449.6290121401194,1,0,421,0.43863536244793844,0.4766257671801486,7,1
0.20131210782243325,3.9586382218529748,3.112022403530333,12.189231720215288,130.71805463658959,0,1,475,0.9534897552733776,0.8806704745677398,0,1
0.3951377432643186,8.39887806160305,3.0441646901648456,8.437167847349938,1176.19527227438,1,0,222,0.9867969465474637,0.5664510967716042,8,0
0.03945953289089932,6.577725544299639,2.841737686222591,0.3825270124746072,1451.7799200696613,1,1,437,0.8599212861817069,0.6155066623735628,1,0
0.47554603748682667,6.2188547331251485,3.878326374230753,19.710387138057307,574.471484597212,0,0,171,0.2607985952131275,0.8900753164460828,7,0
0.5430245839576632,3.4746016193618496,4.01350092988336,7.342315346810706,1007.3548229073608,1,1,407,0.6490840226748322,0.36145343800318974,8,1
0.2277497361032096,8.215460932957907,4.263756651657843,15.571543738665339,887.1125497818948,1,0,383,0.5200983941363737,0.7162324971637346,9,0
0.9640288471655137,0.5759658412858711,4.20053342733417,6.512929843749065,1166.1102335471332,0,1,318,0.8451620541563214,0.7047509769611264,7,1
0.909454610937242,8.733812288913509,3.230833278208456,9.500335139868376,1312.6490903030733,1,1,224,0.24401938845706664,0.5976501984866727,8,1
0.7221432354559059,5.224949017980511,3.3257775134921164,7.769272852219931,944.2623970193672,1,1,422,0.3577030013157617,0.880842248996865,3,1
0.5333866287653626,4.1028523016614455,4.203786338605845,6.850784590192154,1242.2664209340396,0,1,395,0.5913560529781036,0.9600230429349847,1,1
0.869969159647685,5.07223935103332,3.373619101959071,0.4370275441555749,537.1998062449572,1,0,190,0.32611813035826154,0.6257351033395275,2,1
0.1306523438234629,6.740672199231545,3.0315579740482823,7.20041875709007,420.02188218674365,1,1,358,0.7541721141554387,0.6193029356988797,7,0
0.790509794274885,0.32510117987539416,3.435840384241849,17.7897998079906,702.9347653459763,0,0,264,0.8566137769118387,0.6514446107695213,4,1
0.1248208139668483,8.741208193290827,3.180210393944944,13.807866771873673,1048.8312394130967,1,0,243,0.7636159149021149,0.8061868215831431,3,0
0.7942106625494054,4.57804734805165,2.7207818030464446,2.9084571819087968,362.1457285142131,1,0,78,0.5522269709119858,0.7676422034892736,2,1
0.27576756825135695,3.5610718930607668,4.575347255691634,11.823100092454784,1052.493069012648,1,0,342,0.902710133002117,0.45598446444482094,2,1
0.8770905810181889,1.5548065432137597,4.632778472892591,17.84461719897743,651.7311080008942,1,0,491,0.3101489053759534,0.3447267440195403,9,1
0.9440420938253978,4.506760668712733,3.0493757504171985,14.00068081929711,1213.8053834496848,0,0,364,0.4082708671192071,0.9644778908717524,9,1
0.14879596940511564,5.063963158586914,2.661930498813004,2.9736878471339345,151.57014394462462,1,0,21,0.5916317482018427,0.48274883181359296,6,0
0.4626756050653935,4.155737606036083,4.347068593377949,17.356649934689933,1035.1756929611524,0,0,35,0.2490708791034016,0.7470176792834142,7,1
0.9809873781626851,6.850868919503592,3.0288215646585344,6.0308802657773075,1009.7512713099547,1,1,329,0.27654862525323787,0.8799066019206057,4,1
0.4834074359731466,4.3247859818404155,3.4835887235921508,9.081522886246836,1417.3096665754401,0,1,155,0.5179546973778977,0.5101937253830304,7,0
0.8635475225145451,9.621892262896418,2.660338130593458,10.522855193782927,1098.7145749896986,1,0,55,0.9551090373876432,0.74480338955985,8,1
0.5887315221313199,6.0729196746712,3.065673961896088,17.010132087563903,1214.8226549925937,0,1,354,0.9267309546216003,0.37553016880445744,3,0
0.37532990791960186,8.113283769388708,4.482255695824089,18.63214990295322,1366.4274221944356,0,1,247,0.5727798866227289,0.9789520110629624,1,0
0.2857835555258702,1.2716878504728928,4.510991117288005,18.59305755581112,1045.072685608783,1,0,412,0.31372683560858405,0.3407107925354381,4,0
0.20322309108608727,4.0934546708698765,3.017712062219276,0.1590836255708128,506.2150889439644,1,1,260,0.34248612476674845,0.6067222716886833,1,0
0.7617981913776972,3.501107474182097,3.339784612766724,18.437769711709144,1317.683319416931,0,1,259,0.5020368436873018,0.6757734694420163,9,1
0.3865405068230279,5.7809274037386,2.835596047734359,1.0877393200314467,1146.609367266365,0,1,434,0.36805935606942514,0.8533372450643548,1,0
0.5112754622007512,8.638912496601971,2.6854315757123057,5.315473136348707,694.2126456012509,0,0,14,0.26638047551230226,0.3847899619506948,5,0
0.4923254800011819,0.9677145340676654,4.980429286121024,10.299757094556659,1094.7408417099468,0,0,477,0.7390219868159977,0.6085655816986235,9,0
0.5772790292331312,0.9112330208381658,4.1389848781120975,9.598513780087881,1314.764428053599,0,1,187,0.665158910234156,0.5097980986804166,9,1
0.8655771456245522,8.53311353994447,3.855241272995797,12.09419587774784,1465.91298394778,0,0,25,0.43303740638246807,0.5184075009853379,0,0
0.9807393435834294,2.285930843175903,4.413746251013249,9.588924574740116,1433.2921055426775,1,0,22,0.8231587060418433,0.8451515412456756,1,1
0.40758420857381694,6.753781893608175,4.60019289921931,18.687513592808415,555.4589574697982,1,1,380,0.8207591101646676,0.3038226615222832,4,1
0.8275189221063031,5.520205697135891,4.516786920111819,4.81097696429174,690.3711992054544,0,1,102,0.5928015761702095,0.8243585489351763,9,1
0.7645277946547177,8.36235722989485,2.5413486232246916,5.480493880769717,253.3512469683198,0,1,28,0.27722604440951515,0.8672789010861743,4,0
0.5735289514555733,1.4258713163967547,2.967019745476246,18.414758713861122,446.56200182526436,1,1,341,0.9347755200810861,0.9309535706894483,9,1
0.9560471436119331,1.4718730640815905,4.137263255294577,1.5347902749051245,1335.3896918817304,0,0,482,0.7349284188327772,0.7388172622613384,2,1
0.20047451552840279,5.656819930727415,3.4393983695099073,12.191216438096198,605.1898967911026,0,0,56,0.3976406553215608,0.5334187297905688,4,0
0.10926421030962141,9.474510802912034,4.956206627652767,13.634719041312216,968.7737220328335,1,0,61,0.6883636376273814,0.5990643127842095,8,0
0.8539619669554221,4.266978032033392,4.163511981595635,10.110834468594788,1032.3518656298465,1,0,442,0.5240171966621042,0.9788152576012004,1,1
0.4391498166337483,3.404032582496011,4.891372271823016,13.884637576462744,1194.5609852006369,0,0,47,0.7082797117887665,0.9168307785050964,5,1
0.8469688542070605,6.1455553673392815,3.0036162041144845,3.45509292023934,355.9200423438833,1,0,366,0.5790967165848167,0.6244681363696094,7,1
0.8930902051954149,9.318396285341304,4.659892570287558,17.052644655430797,526.7383884602098,0,0,465,0.5883777201917868,0.9601441049776456,2,1
0.06245759361907144,8.401892761877312,3.3033807645380633,2.8005137893977117,727.6708780414529,1,0,34,0.7887056735258875,0.8760684127845213,1,0
0.8834647629860607,9.955739385185556,4.973912020594517,8.016248886314994,610.7774857335829,0,0,45,0.6909805968511806,0.9307629031618563,0,1
0.4483190553694222,0.4211721153832955,2.894221680182868,1.505152026164116,1476.0673260035658,0,1,32,0.26396215299538056,0.7780840642031446,0,0
0.5104324890042322,1.30600981818507,3.7908495470958163,10.904221576348004,1268.9171244991974,0,0,326,0.25229885635704297,0.9003578304233966,3,1
0.6265925110932102,6.172784080992896,4.482111334592805,13.394916148512783,771.5614564686805,0,0,225,0.4440073899973802,0.924236298934028,5,0
0.9263826067300868,8.241649105471726,3.58160620151009,18.82443270190581,1330.9760765210551,1,0,265,0.5441967972309971,0.36441160917847,6,1
0.01911609442976403,2.9953945546063125,3.6702101504691167,14.786723917920018,586.7141266166154,1,1,215,0.4201780473434289,0.975651883662461,7,1
0.4768434683178171,2.544268662735344,4.965889488764352,10.822058329083022,1200.1596534463704,1,1,216,0.7211678864559345,0.5335291691348443,7,1
0.6877220424305607,7.912362833935769,3.563270375752883,18.652340343406674,413.1458373490351,0,0,175,0.35608634538049755,0.6079296567083488,9,0
0.7227069576982285,0.7525421677616695,4.010180251497659,9.568736760817531,1181.2508633169123,1,0,43,0.7633128771169357,0.8543326314349706,0,1
0.692532431537108,3.8199499463093343,2.6363491516878765,11.224113061977388,739.0347644740197,0,1,218,0.8185205935111441,0.7654274139007483,7,1
0.13443512940812186,5.156930381404832,4.6055252005256495,11.921970553401914,250.4990493891393,0,0,125,0.29945544607652047,0.92514193870524,9,0
0.29939558837168123,5.69141700863317,4.120420122448859,8.199594517731336,482.5674363778152,1,1,369,0.7206449946903903,0.5804016255437405,0,1
0.35871552541701346,7.340428536569214,3.510050257157034,16.769653811316484,663.1844736329905,1,0,453,0.9691487807200914,0.561301714573311,2,0
0.804437207679505,3.677488089620451,2.540423849886299,3.7035187769011824,1149.0100763302119,0,1,378,0.3542590538106774,0.3221821946789238,4,1
0.278759872414553,6.204306577811151,3.9791720514837596,11.09684380743216,202.1758006233312,0,1,318,0.9274422648929237,0.6239077636687607,9,1
0.21070496386720317,5.936679143351372,2.5316445712104056,14.444665123743881,1023.3657931296955,1,0,304,0.6848383594192133,0.8068495392303761,9,0
0.9574480190380962,5.566637786406722,2.503009034772545,18.079523437531545,1102.419097305981,1,1,199,0.6727558938653695,0.5108251023383512,7,1
0.0088632851134689,6.47673627279368,4.040246405373386,17.678367928685567,1015.489917896052,1,1,84,0.24153814585669375,0.6239085595716889,7,1
0.9978208556819782,2.7426018764671483,2.9725426683363856,10.17480578860284,1164.9374934345778,1,1,40,0.7986402227091187,0.4535784379396946,5,1
0.6768212988573956,1.029557785129364,2.979718874295238,12.863229023266832,349.4360624319736,1,0,210,0.5826184421184466,0.8409514641100224,3,1
0.8284692994491171,1.3688623859894855,4.133178914581859,7.88475472258602,921.9446970882523,0,0,353,0.7769395134681074,0.3423580929388029,3,1
0.29461939634619316,2.400907350008231,2.6342429698484358,9.363555257604006,1417.6029260854318,0,1,38,0.8473448827572849,0.7937681385003488,7,0
0.014315277667059978,5.101939768123296,3.2835139036863907,18.12531585146099,955.0979777263528,0,1,362,0.6190370986978229,0.5652580082214884,2,0
0.73786951856153,8.436338955350998,2.8735797553550477,18.61407986384948,955.8708857341343,1,0,406,0.41091545062265133,0.32911724857098457,7,1
0.8341445970006758,7.072674752466165,3.9504409244913345,17.908281161340394,1131.0154989585765,0,0,268,0.31325799311425073,0.89742871110425,3,1
0.7404761319535191,7.932597921180062,4.1544128868184895,2.7674172362727645,566.4859249762026,1,0,361,0.32840250234593144,0.6414053042268155,9,1
0.1428502873008386,3.639561114475696,4.302839633997609,17.001680426612722,1080.6662618501568,1,1,366,0.8935477231566391,0.7195232787312903,8,1
0.7534279222569691,4.1656066681557915,3.1380780422964136,18.967274620429606,1382.727366638501,1,0,180,0.29886247650431097,0.8124214840671198,1,1
0.768922782107641,4.058082482708006,2.72312437909146,7.224993891472094,115.25366223548019,0,0,230,0.5077552584372548,0.758552103100832,9,1
0.6585405156700549,2.080357207164115,2.6967091423547447,10.372925788433385,1318.1582575524114,0,0,475,0.46741971703122465,0.8115998095702281,0,1
0.7661159327955862,0.7999232498070059,3.5653788711268097,15.581905116259918,406.0656637624027,0,0,69,0.8923645333911763,0.8335971792045003,3,1
0.8459214396777321,5.990977709706823,4.864611022656788,11.241562751312975,738.2925831805253,0,1,312,0.5821548005554333,0.7124060713952276,8,1
0.6136041142374584,9.894323497521745,3.0443225856175617,19.869670434124988,1293.286921333693,1,1,75,0.9971571338785101,0.5559464816354296,6,1
0.08860471396967906,1.834931108512576,3.141854003353873,9.114267303136568,1253.4769784392806,1,0,450,0.7896437970425159,0.4701995048014398,8,1
0.48762780966721087,0.6575112350128829,2.752222005264647,14.278854224147553,1348.6984693764782,0,1,431,0.8807388603234285,0.9320322656569509,8,1
0.07764933467160506,7.839410481874544,4.013925684734826,15.851822803930883,1416.5835096855365,0,0,275,0.27893781282133995,0.9789473912467541,9,0
0.40754303103243084,2.6753428655102973,4.199682184867937,9.88200831516879,726.019739480462,1,1,488,0.40248180421191676,0.5503639285687463,8,1
0.40710648912562764,8.330509292458698,4.1073280204019,17.139676114227516,1018.9093351214096,0,0,233,0.30835695645746264,0.37861751035061014,8,0
0.06600984414024158,7.0985793369382515,4.652825607611954,10.92309182414393,646.6698167365494,0,0,317,0.5708975779204477,0.4557761289815019,6,0
0.3488205339694793,9.467600663097885,3.7160645875651794,8.23301593603263,591.0034044890322,1,1,428,0.774629990529528,0.7694671421910326,7,1
0.11099809879131484,4.207486910415386,2.836142601917661,2.1564734770389404,704.2335748367373,0,0,318,0.3352508545624001,0.4210533589708315,1,0
0.8082352100092222,6.687304426616215,3.2235128267610316,7.868271527008483,1140.3065886957463,0,0,135,0.3041348356557911,0.8460855911426917,8,1
0.9476880259644708,4.755576851970053,4.15607493355338,14.678729094665684,802.017045998174,0,1,153,0.6916869990243524,0.9461211679122994,1,1
0.0723164752579386,6.379769233623727,4.0328049343539,18.425728233602147,1239.6835442276788,1,0,293,0.3842502030107392,0.9745560605551931,7,0
0.9551152072917014,4.606069278875826,3.827507824357406,5.033588077206206,1143.3058680746183,0,1,347,0.5834600574029928,0.30652785418242345,1,1
0.5225765993367452,2.0485960149559337,4.2074110467217185,7.1047103466100525,128.66984557415907,0,0,98,0.24089418218217418,0.9707079154680915,7,1
0.2995656779538739,5.177394676833133,4.093477125933248,3.079219882088524,982.3334199486262,1,0,363,0.7444902496539718,0.8181360933907325,2,0
0.07686207527616351,5.380125174086936,4.70331222366238,13.814457884579376,711.1995726320274,1,1,360,0.633053105313643,0.3588351625846616,1,0
0.5006242680704178,8.143917712949579,3.9650409436957412,19.203768600198504,739.2805848115983,1,1,424,0.7179383191669062,0.5906683281451085,5,1
0.7945155444907487,7.408102916777096,4.446503396751391,12.81904439696351,1245.7222754178526,1,0,362,0.4203251040477969,0.7900318322056563,5,1
0.7070864772666982,6.705157914626152,3.1217678899161694,12.341530600124527,866.6511805185474,1,0,357,0.4228823802892249,0.9696798448627344,0,1
0.05022601146397376,1.311193536415211,4.19545646147267,11.069798610008679,1339.870552842526,1,1,129,0.8410884264726066,0.4148989755279748,6,1
0.07290183536790351,7.262039648504408,4.755485295956689,1.7691148137107304,1097.9278293483667,1,1,6,0.7748498503878609,0.38941329734886776,0,0
0.4028732826326371,5.102990532274245,3.4643308197495832,14.590076528587673,873.9760122696739,0,0,382,0.6637829209588917,0.6306429372833149,3,0
0.2952904940479433,8.962175453840361,4.447760468346616,12.040990870987017,1156.3531666115452,1,0,104,0.7025147806256644,0.9776692256169424,5,1
0.23238432305604784,9.21473515447932,4.311973252988588,13.22953537712574,153.68867129557023,1,0,408,0.27523534360088436,0.9799654506806073,7,0
0.2810044989087136,0.7405345878974976,2.648815492179556,17.97622186054843,137.91711675949082,1,1,306,0.8849370435610029,0.4595403187370365,7,1
0.8034827432968846,8.242287291473891,3.953770774060181,15.679215741220357,216.6890576891929,0,0,49,0.8159256264093302,0.5235430035800201,9,1
0.9292280536318539,0.5694344261421721,2.825473373002006,15.61830504309052,712.5914552059996,0,1,223,0.6723932270587581,0.9356223899512581,6,1
0.4051026945275664,3.7982623318112223,4.918297930576478,18.54367537758695,429.63020387772036,1,0,63,0.9348761048807257,0.8143890435964449,4,1
0.9061110021324971,5.514539761086576,4.528518756751641,19.798699029259993,1477.9658121820985,1,1,395,0.3349103261595199,0.9806215000603327,5,1
0.32149570124788196,1.651387826545849,2.7743095031178004,11.625654639221192,859.2061946159137,1,0,180,0.7493259088273334,0.925203854110888,7,1
0.4764369863437916,7.513875363176953,2.804379994119196,2.177632320623315,1027.3820445136218,0,1,74,0.9703854221217287,0.45056723521962033,2,0
0.22602899781599972,0.281876100886958,3.9861846372815473,9.182598155508728,490.34819074537535,1,1,265,0.44800717165593673,0.8318088015888783,5,1
0.640476042175844,1.852270674653561,3.3622229354329582,15.752022929232886,550.5156720226523,0,0,188,0.21223385125400762,0.3339956620920816,3,1
0.9789811151748089,5.891808932564063,2.5872646476827734,0.5545064952369838,569.6466797976183,0,1,182,0.7878939735753065,0.8724829451190317,2,1
0.6034930960433786,7.200998107965466,3.8541037695826326,1.1377487671229813,1078.2299872104209,1,1,354,0.20558425956490167,0.7210897337112256,2,1
0.35781408411354887,9.183102406400378,3.469612749214617,1.3431556476564266,763.1886907650319,0,1,491,0.8980269193457338,0.9692706738455232,3,0
0.6478174459905284,7.113867188959315,2.7526912309293565,14.620715166566216,824.7571135421042,1,0,67,0.2450410016828559,0.9720227188283548,5,1
0.12292067846538757,6.783436848497687,4.504800980639956,10.023332571263442,928.8041750230834,0,0,169,0.7222117838975017,0.3355705763170487,0,0
0.8886590802653986,4.064543234236511,4.7876919131970155,7.377958870411872,1176.3363187335037,0,0,321,0.5017473155385204,0.4123650398890375,1,1
0.5030839507798364,0.21258737016265386,4.391484835035325,2.1123409052347197,226.5176479174694,0,0,171,0.36267252297338626,0.6389449331230841,3,1
0.44934974203964206,1.377560735609095,4.556055775040694,14.644805004117782,1187.6234771063503,1,1,283,0.9186067198830632,0.9156454674623045,9,1
0.5858647884535192,5.438634538609184,3.0412264181652935,6.4203962110179935,888.5290964252517,0,1,106,0.7969966815414897,0.8701115996072395,8,0
0.6247838627894025,6.816272881275314,3.1589323772965026,5.306481401293343,1036.73362279736,0,0,365,0.47235245291460815,0.9750590184462451,7,0
0.07177580622651303,4.290993182185333,3.0213188507479694,13.04638403107102,558.5724707770668,1,1,110,0.42732247428578,0.7326588819779385,9,0
0.6826172212234024,7.360654312978225,4.41265857841391,11.180217851936835,673.1415715430288,0,1,77,0.7888098353289115,0.4795944636931344,7,1
0.24193168031552958,5.314250494255353,4.869792697336242,7.248212836266033,423.6321475154883,0,0,185,0.8692566100850645,0.31757464765362414,6,0
0.7139526325065898,0.9269267168242596,4.292093016834757,12.829749416111762,1471.0199963843675,1,0,252,0.7726803714366477,0.45604854350438423,5,1
0.8225347943841967,2.081759259485899,4.70366691219889,5.4244304076823635,795.8041615144433,1,1,235,0.7119913800285931,0.7726912385675372,6,1
0.8039585075525203,8.43198258779064,4.096747737207931,15.896605232086536,1494.507682115237,1,0,92,0.3823397801509191,0.9483923763401092,5,1
0.5525009674078891,7.304144916919507,3.4691497513969978,4.586379006153079,785.7003692857729,0,1,129,0.8822431866211777,0.5246325671157853,2,0
0.5201698923107512,8.968667472722451,3.564404037325763,3.176753907640313,407.65177013769426,0,1,182,0.7997295867667,0.9129930312025067,5,1
0.14287596133941172,1.3520610413851784,2.6883035804185123,15.648788189977498,810.4333554315994,0,0,33,0.6138194318131316,0.5764287738388095,6,0
0.7753461504031356,9.904180839227724,2.578642988115065,14.157840613958664,155.43380051870892,0,0,480,0.6092702098134246,0.5157898745579852,5,0
0.27140938044671437,2.2521857967093495,4.238689010472694,3.6527795140359687,1366.6777219907317,0,1,403,0.6553384222458771,0.6561909699640727,1,0
0.49669542281794654,0.3154427876090917,3.5960722300279517,2.3249150537987595,1245.9703516722177,1,0,302,0.8626211153429302,0.6095914446867305,5,0
0.2842740929275167,9.97474480272483,3.8805376701365737,16.767981769733844,1116.1487289719985,0,1,221,0.7938076390700461,0.9396599079619126,1,0
0.13382836299969314,2.9545240773621093,3.894153119056041,15.53196964393376,953.7574016194441,1,1,373,0.8849959951567066,0.6277798631856886,0,0
0.6295576968917366,6.746590634623088,3.1934395333332537,6.545147473993285,911.7679271385084,0,0,383,0.605826217326978,0.49413477105615283,9,0
0.05433203482290383,1.9314866789277911,3.6897312770737267,13.163948164267333,1495.4194997112481,0,0,489,0.6997192472146058,0.8897959042513326,9,0
0.7486452341262,5.886239615551589,3.6769005541692557,2.483203730956216,489.1964076279131,1,0,281,0.8836574455167836,0.9991246581616966,9,1
0.31758679526111666,9.059542867254681,3.4710680530696427,10.140953180953563,1191.558111511809,0,0,339,0.3858560481413723,0.7537199934269267,4,0
0.00013469300448532007,3.3377754407986986,4.551688458502676,0.37460584120839746,913.9666782991204,0,1,0,0.5552165442049792,0.475322958255451,3,0
0.5111291392372298,6.768488965234721,3.62791000921899,7.832037618431109,1466.2327612624392,1,0,448,0.6965217895835096,0.46717055390922546,8,1
0.046851908527603126,2.041455170224482,4.00911131126497,1.4968564294281017,1258.9244566175535,1,0,472,0.9321170058864812,0.34039468735068185,8,0
0.27616955782089947,6.322994907443508,4.738800300952065,9.50294360313765,1497.9351581854298,0,0,96,0.21266880883689998,0.3541051269598594,8,0
0.7069764874557162,3.4972134478115997,4.665584057147306,8.433632937057887,923.6549922474248,1,1,86,0.37005852653858207,0.9404881666279337,2,1
0.06268962162186587,2.269840934161927,4.726055509447913,8.88770053276112,386.36154056290906,0,0,330,0.3875604062090323,0.36754097493468535,9,0
0.8393384923560023,3.269184096895625,3.175012491162535,0.9066260409598814,805.1618499726274,1,0,251,0.4612901442094354,0.6390406937937452,2,1
0.003819922658583108,1.9526424713764337,2.5874562207701572,7.2323268256366475,1095.5555876708045,0,0,363,0.42542929633654314,0.7886852457852247,2,0
0.24682386920190225,9.038777856811251,3.152666999738323,15.12967698199833,1184.1045406542232,1,0,14,0.6721110284497909,0.8952483479415221,9,0
0.7409040561520714,4.092431485907863,3.1967683640517714,7.378287467072402,100.713984622321,1,0,141,0.9084962114037964,0.41988966517760906,4,1
0.3162701497293068,2.6037371887488003,4.77340081681242,14.303439052191614,807.0379239032117,0,1,310,0.7095822728579115,0.6064450753877497,5,1
0.10189238806601353,4.594396841956143,4.123106832094926,7.389574472674665,429.3284119589052,1,1,384,0.39322124716348733,0.4760361365096442,5,1
0.3602339188004279,3.341254434703657,2.7042598990055717,8.464788829803728,1324.8765665567037,1,1,288,0.8910022800560677,0.47907616297662114,2,1
0.27039328638452553,7.495308687370595,2.838446490027753,11.277842256585322,314.06762167031997,1,0,69,0.7056366313180107,0.5126875152406731,1,0
0.8427119021605549,9.717955136477846,2.8891903138549386,19.01363873614165,1033.0387494047668,0,0,311,0.3751696999903213,0.7109813500929271,5,0
0.31334791758514313,4.492729835636939,4.076054370422308,2.1772089329331035,472.4870664548948,1,1,278,0.4893332297332026,0.31160423017991173,3,0
0.7889324717760072,8.638127319727955,4.338535063767508,0.6582753732234736,599.1590004999812,1,0,53,0.8319718453918261,0.5861364004208696,8,1
0.8918721448107347,5.745458120884272,4.64910977641349,12.159143676200904,1416.7829650595827,1,1,345,0.7911449451896915,0.4307810946629548,1,1
0.43381741957652953,1.7409095179234881,4.851591377015607,18.981941778568526,436.62737557131123,0,0,386,0.6612658956045141,0.9769829559588443,3,1
0.909943143854392,6.968102872397148,3.0042613934661047,19.7944626510943,233.00386655210292,0,1,301,0.3158140021924495,0.7079104114752173,1,1
0.37731805396319285,5.231658071833038,3.2744312118101226,9.683284947840036,196.99886202191618,1,1,251,0.8426314378516033,0.9076668281812257,4,1
0.9640784164901082,6.575943927870615,3.100807201862077,9.36163242170197,806.461154139247,0,0,246,0.4460340228421985,0.43698299073872837,2,1
0.08928952452557293,8.918936643202317,3.3969039186653442,12.899275414903924,998.3960751980031,1,0,133,0.81727835119933,0.8670109895266513,3,0
0.6870192665032427,4.516258792429252,4.786662768559374,11.112695144099396,558.211100999242,0,0,487,0.718053092609807,0.5903477229136633,8,1
0.49381404045692867,9.031540707530086,3.937781417348404,12.681761152282363,1066.3636385103132,1,0,243,0.41133622531481456,0.4243862821945817,9,1
0.38764880545564706,7.556556339960219,4.345479743311248,17.479988510757885,185.44720600253294,0,0,408,0.36989538250612536,0.832871641671763,4,1
0.6327118787486009,4.988328273604251,3.7252980903169552,14.926123389752187,1300.2685028920275,1,1,238,0.30472793860617503,0.8334077683306966,8,1
0.7038570916343312,6.111576929448044,2.5721447833403115,9.93754783373591,1243.1940936349329,1,0,16,0.39355698927049265,0.9971215348048428,4,0
0.004363269650309087,3.3906950986863125,2.660488714994536,9.237289180003392,1479.6947799489199,0,1,411,0.326263217959312,0.8466560832587147,9,0
0.16695308874719872,9.839253537439987,3.844807578169714,12.792034970262321,1411.1069732625836,1,0,415,0.6936409982302011,0.40168707354898947,8,0
0.7130460506343187,6.740041397893881,4.296972587050064,9.114125688405949,598.6760294864994,1,1,348,0.6790264951818028,0.5257813192500097,7,1
0.6663854135782065,0.629699154466973,3.038326318821829,9.155587025312798,658.985537621808,1,1,278,0.6689376481062378,0.6162088421038021,0,1
0.9660475051286772,3.4008946763304864,4.30477393498076,0.32611803573009635,1144.3507864695634,0,1,232,0.7135118473798707,0.38865696399685656,2,0
0.761037790250783,6.308481450838764,4.526664433708781,3.4812827481461683,287.7158807369765,1,0,399,0.8518276271716532,0.8516272821134698,4,1
0.950772707731338,0.75206612243255,3.529743695905278,9.77027279991506,539.6205943427688,1,1,351,0.9308421692398428,0.6686889765388104,2,1
0.702540501534807,0.43406507492759916,4.366048082110263,16.453069181007383,265.95731176590755,1,0,153,0.3843004303214097,0.9611146983670273,9,1
0.29805220863944315,4.610237547372465,3.5100748758211497,5.574540134542483,736.841028701964,0,1,416,0.6702195921351406,0.7125157011680742,0,0
0.10536492225085647,3.4603637609881663,4.19587657363755,10.452868662622981,872.8059918394447,1,0,185,0.2626689769978172,0.6660293586167777,1,0
0.7818238633449356,4.495326358725026,4.409992623298858,6.899241695184644,395.62465794785334,0,1,431,0.2961139506844761,0.34999760705300503,1,1
0.6441492214759159,2.774394436824051,4.9798165457702765,2.0960797907917805,137.284361679747,1,0,82,0.7234714503691124,0.40454213346120443,3,1
0.04818601239329623,1.814233920041213,3.36349165515899,19.16596966142601,1107.0981644507324,0,0,54,0.5892644493523607,0.8946682537349058,5,0
0.36005046590097833,6.95360489840731,3.5276019514365284,17.093477405006034,128.0072301966359,0,1,424,0.8066656694675471,0.9934731844780658,1,1
0.9567998154842862,5.242796939424445,2.9140501485254284,1.5698484893381282,1462.7636524996985,0,1,61,0.5405419847924571,0.5906253951287885,5,1
0.5004011457102012,2.1615112702437953,3.0101826460045173,14.395745249365692,410.25015943935364,1,0,400,0.3020787254663505,0.8670602586074503,0,1
0.43272913601970464,3.331976377347984,4.233487506495944,6.951598087150003,1029.4601289628076,0,1,357,0.8976429230646603,0.7393100364314562,7,1
0.457699605159294,5.999717495100595,4.792613975386191,19.896996141235853,708.6524167359848,0,0,58,0.2663107769162578,0.9713414915701994,2,0
0.20888272400516372,0.9078476130702828,3.486512379153101,6.047970396579554,183.54340447195008,0,0,141,0.35117171402830566,0.46669606481086523,7,0
0.3687071708647952,1.6450394908085597,2.9496111170888533,4.774768907251998,761.0570492882545,0,1,465,0.4215814927694808,0.68138502010556,2,0
0.3698132559871766,0.9178069202524233,3.2127487484574853,11.357810966108104,823.4648880155195,0,0,148,0.9962244856523415,0.5861570728398169,0,0
0.0523550201874724,8.160709860598365,3.6376292620203463,16.702523266864084,1296.556491330016,0,1,446,0.5334878561407872,0.6792011831601106,3,0
0.7675676285179183,7.573610485477691,3.226625823413421,3.8503774363959598,1125.2886975070571,0,0,173,0.6013668243824919,0.4882006583931986,2,0
0.416504431903879,7.58246673241672,3.0839477078046658,14.188055394386625,211.0234646547409,0,0,310,0.8157574007790949,0.6484223139010208,7,0
0.8221798868164233,7.219988366065076,4.339961221892699,1.2281316628224337,392.8277568051711,0,0,61,0.7091324682710509,0.7373629027073356,0,0
0.8503480011198954,6.759977151964719,2.519612303101558,18.378694862209947,536.6427579009269,1,0,166,0.8731365535530669,0.35685111879964443,8,1
0.21199405469865806,4.874520770706115,3.848076318341208,1.6214983229459756,262.9707610507472,0,1,169,0.589146766870315,0.8200910783653361,8,0
0.6573534821701286,6.494326002369728,4.484417017574385,18.28462752688325,739.6586992802868,0,0,303,0.9777421499945775,0.7945660742122921,5,1
0.4722818041629817,0.5759432369221515,3.1655707157936703,9.816144989054056,1478.0328672075498,0,1,102,0.8374498892690465,0.9163203210160396,4,1
0.8801567379214851,6.290351342036489,4.008228776530043,8.961822255918397,820.4579077328663,0,0,27,0.5210923106506122,0.5980995862669478,4,0
0.21574067917645412,7.823201514261397,4.172250264046545,19.46614159000753,1138.635035652437,0,0,83,0.5050174583561984,0.3431683928303024,5,0
0.6778132003100442,5.103511931767025,4.137561741012725,19.80768355396438,1056.1129167790846,0,1,133,0.9435929536353742,0.6230227903151808,6,1
0.6077521222527226,3.7036306185869226,3.614624085496794,13.003562519220239,1289.8760091289932,0,0,58,0.7475325086517739,0.39632642044337296,7,1
0.2953014775718328,2.9187820010495957,3.3664449696894483,2.54238583714097,402.01288665185325,1,0,89,0.6971469076205109,0.7532127694652724,2,0
0.1366009036511726,6.499460091588409,4.589810182569534,10.12340171310405,1155.3567663702395,1,1,69,0.8062645099470487,0.3329920668919141,9,1
0.6516397604772766,6.989451746573106,4.396114892499661,10.58326201911325,1333.8973364280494,1,0,422,0.6486670624893691,0.5617974843593866,0,1
0.7385974581323307,8.735482478652917,3.3031379335347815,10.288928562706195,340.11375217233984,0,0,184,0.3273334184685813,0.35799002894124676,4,0
0.31562734376335,3.5548740081177095,2.757547986105515,11.389836770400194,585.5231077032053,0,0,437,0.4553723696627449,0.3023565038501223,0,0
0.6448326040223138,7.743768612378739,2.679518863613673,0.37449427588781337,1458.142470064186,1,1,59,0.6463558909671758,0.9723900567311141,1,1
0.39513090761150327,5.701287077055512,2.73568994474734,14.224545629410049,1193.1029843717095,1,1,473,0.21453425674173357,0.9972891436183962,7,1
0.7132068832826177,8.851797608645175,3.957173402980107,14.247886039059761,495.6271655525453,0,1,144,0.5498805639705823,0.6888520660722691,2,1
0.1992152748940531,5.3725586612970835,2.6291554395724743,2.3093955035577585,889.5184775022817,0,1,167,0.8046423034207495,0.4672690949618387,9,0
0.8902150026361744,5.272772318300079,3.342317187410096,11.404788848916015,666.0565719892703,1,1,65,0.3313872036130179,0.9377693257660602,3,1
0.28740959646557973,5.86319539812091,4.382999254785574,11.367223648715491,785.9512468579818,1,1,370,0.25164716012552457,0.9461256179532747,5,1
0.3677859877561529,7.543290480395858,3.2358704162884453,13.649008403808002,597.2326679469918,1,1,123,0.868823312582159,0.898156223819494,7,1
0.058091952080349785,9.653966692518917,4.408270192950324,1.7079538427016216,491.06342594247684,1,1,212,0.6938190947706896,0.6810589891971675,0,0
0.1115122123212764,0.9209208713145034,4.363667595517638,12.530066145321928,1044.6682579479861,0,0,181,0.3412631779915712,0.3522915126272192,1,0
0.5158619027123281,0.7236591034319682,3.1145678315830407,5.615039014926824,1189.9585411205646,1,1,70,0.8450439844665549,0.36190724927575846,5,1
0.2675926767279715,9.387993306591918,4.322055450231863,10.14005980992344,1323.5399718462827,1,0,43,0.7265035771897699,0.9276338513988585,7,0
0.8354802257421944,5.39278113007842,4.369441595680252,15.466471054081534,317.4619542454633,0,0,339,0.46729541571875055,0.9130787932200606,7,1
0.014693388654953843,6.226049542755974,3.4936348141675673,14.112918727260267,1251.997733103337,1,0,194,0.5009570175693914,0.6040780744268524,2,0
0.3790940486719362,4.927751295628343,3.0260512093537955,2.3780603535598677,456.72115426788895,1,0,56,0.3247105305496387,0.5297082336334977,3,0
0.3373455467690927,1.11784303555325,3.8031770172296726,11.823695742321465,698.2709458740709,1,0,291,0.8682044753669922,0.7508867441008715,9,1
0.019327630917601035,7.727275908502933,4.803493970000491,19.38233061881477,1362.0211601889453,0,1,56,0.6072053213149937,0.8648915637788674,3,0
0.12436839900051022,7.5228015218681525,4.099041831080155,3.135388746700045,736.3050413756428,0,1,376,0.6456152613149284,0.8121794594362746,3,0
0.41364267491863527,3.254692550629558,2.932306244068153,17.0581417545083,375.8889476620427,1,0,170,0.9067935321581981,0.7309220566354944,1,1
0.49286458444744663,3.2011446032383244,4.2068923118337995,14.05096161107554,323.8161173319649,0,1,299,0.21266449316247515,0.46205773111138193,5,1
0.4042897472548691,8.410845532874081,3.568007568204586,15.480066258195194,762.1772733129874,0,1,317,0.2535384500186337,0.48375340845450054,7,0
0.5309376784120938,0.909101125865001,3.978821993388433,5.639166542852909,1167.7413935671757,1,1,370,0.32926318548785205,0.8068472369783912,8,1
0.5951316749056815,8.834830453894345,4.33516008755777,5.7577785875968495,1496.0872015640218,0,1,82,0.22403025047051647,0.8618338967157217,0,0
0.00992382112783563,2.7152845609799616,3.787368378786112,18.12038911552976,1202.3720798032625,1,1,316,0.7265249252995196,0.3812946316697129,0,0
0.4640951594535039,6.011250528003841,4.534959936433271,7.1966406418511735,1327.816742519995,0,0,93,0.7071035745506566,0.4311079333979142,8,0
0.9634992408875883,9.372742954217422,4.3053889482915695,1.2603078138562096,1146.9653053088432,1,0,266,0.3686415223431885,0.7763291835241599,3,1
0.5190322801295487,6.845600515059136,4.037683350046277,12.011934071589002,1353.6091410585484,0,0,332,0.3195251559093558,0.5722906112299808,6,0
0.6775422674589532,4.261412162176959,2.876982039580879,2.496353380836853,206.81096063947854,0,0,375,0.3165477611092854,0.6943050070897214,1,1
0.3118638579168832,6.957435247273069,4.589872777278921,15.931924828158163,1401.9042385743037,1,0,160,0.9625931306549138,0.7303704668589452,9,0
0.7739913781527625,3.5710004359004284,4.83976396329954,12.834928850021148,654.9686152159186,1,1,101,0.7548036228997932,0.8433424270871324,0,1
0.7729214818761151,2.9171324802220244,2.8424128095232373,17.494530104424165,1390.2599125926224,1,1,376,0.6683430627720635,0.8640018655018351,6,1
0.521296047654139,9.967496123759862,3.7206028235835764,15.696744995652704,206.0259724432658,1,0,111,0.45798949744407547,0.4960673716830195,5,1
0.9760138232792136,7.5577442655619205,3.1472218549262614,2.242272966763923,1101.3401399695902,0,0,65,0.5464345583270318,0.6789077102455199,2,0
0.12555021476265338,6.518255778341813,4.386308268563912,7.6214135286884455,1129.9642481382864,0,1,109,0.27152470495936615,0.3864667570353162,9,0
0.016947664889580993,3.6818385035493244,4.30407409001175,15.491204998291746,1495.6752450168817,1,1,119,0.9985215104440013,0.8894106180882839,3,1
0.770158211757096,0.681776125719472,2.852212801425997,8.346829465326515,1176.3973789657393,0,0,278,0.8040683708573078,0.8918135568332368,0,1
0.8071555373648825,0.5043573851445251,4.692568178154093,19.447309695599564,635.6031881418494,1,0,241,0.6971625254625824,0.5096540032996195,6,1
0.12020722912057624,5.630976303398229,2.9524326599450057,14.714808997868985,880.1479722659635,0,1,432,0.6702137561823058,0.41243414519542976,8,0
0.2655828329586061,7.6679206661827015,4.493147564120269,0.3099983338064205,613.1713134332264,1,1,147,0.603451497626538,0.3490642447401866,0,0
0.01755236336662891,5.46631606634978,3.6424508990700124,17.59971383121673,374.4261034268014,0,0,241,0.4059419421397567,0.7024835093381101,1,0
0.2933086107805647,8.439693705003323,3.320680733895378,2.016095697371152,447.90325850318294,1,1,498,0.381112322767787,0.36399967027991587,1,0
0.7731418739186715,0.527580024313572,2.8955981566855336,2.810474483601717,410.8147479840493,0,1,221,0.6396259657513795,0.77641639123442,5,1
0.5179605277125789,3.7941703489742133,2.9190356403665736,14.689848012221018,868.3414622284981,0,0,270,0.25616065164636137,0.7746884807239024,4,0
0.3480955931682881,2.5232898335069454,4.154726386752251,17.299371188609605,1368.6248883446506,1,1,449,0.2595766390948286,0.7297911849921372,5,1
0.3717392949063303,4.583275087939796,3.8760759698678013,10.72699255799112,1377.8172765237566,0,0,285,0.6486508825282802,0.9135923513041659,0,0
0.0013536257154681541,0.9092886533024003,2.805213554128082,5.780994658915583,176.6692885361557,0,1,472,0.9358496385681914,0.5647964849103921,5,0
0.2998005275652359,9.550490087396511,2.781744651095813,7.026310905063511,211.85916133265093,1,0,3,0.9314174809038838,0.9315887078372043,5,0
0.6464587416379305,2.3879029304797372,2.6807764369319784,6.85778659192112,443.1666800412809,1,1,319,0.20866264052863387,0.32584775819229156,6,1
0.9741944438163571,9.23861619973913,4.35941836843386,6.533562076190245,457.0832334572649,1,1,320,0.28591537251795984,0.37892989154498524,1,1
0.8470608269838995,4.373752919359482,4.279705213073223,4.858193436432996,232.84484533495154,1,0,7,0.666462155006956,0.5885438937629103,5,1
0.023594964645529126,9.858136505901136,2.646077477136438,12.17734189258466,643.8486776428167,0,0,51,0.8787805774449313,0.7157951130820014,8,0
0.8985606046748393,5.6297721579100655,3.9006751889924325,18.008106371301345,922.815549767802,1,1,141,0.9635592693254631,0.32266294564755593,8,1
0.7831984132986259,9.322162068922912,2.711690388106725,6.141648261666823,909.4270808392491,1,0,313,0.8884657808366234,0.6972041299969849,1,1
0.7803761235709804,0.2524200892033839,4.759364426522354,3.7338859492282417,860.8015537620298,1,0,266,0.7420905082371647,0.5151788215381219,4,1
0.4579957590035715,7.532740300572822,4.7677935479503315,16.771553327428496,574.140694842496,0,1,314,0.36042006207138866,0.9210027654682804,6,1
0.3980052929545028,9.04989640040465,4.245582474532825,14.835666617794065,1089.037959443213,0,1,279,0.2580971791831699,0.6732992141681116,4,0
0.3029157288331926,1.56926155639375,4.815472303598625,18.61674063119821,1257.0775173734999,0,1,87,0.2380126261485158,0.7115257357522036,2,1
0.06569485895436578,1.1420333469750847,4.5286325760342265,3.3103947120981925,584.7839730683718,0,0,159,0.6896614277003291,0.9619352677804183,0,0
0.2282353634936991,4.3608115504223655,4.571346439817623,2.8850262823318307,219.7495030192468,1,1,472,0.22895088321228618,0.8349197186582153,6,1
0.24660363497802462,9.350053280102765,3.924269626424833,10.828587886099934,514.8623515285991,0,1,301,0.7913919651724406,0.6067912863027359,7,0
0.4840770697102016,5.5153882898663005,3.2651479955404397,12.288673096701906,292.3161164048639,0,0,27,0.7699765898807753,0.6338157304692136,5,0
0.747444406596694,5.369073344472976,3.044497787791054,9.603468837191791,754.3022181180532,1,0,15,0.26368865982134315,0.7535467079915792,6,1
0.4738098283979466,1.5830359593333543,3.3180000550973228,11.979332726477509,318.30921184250957,1,0,297,0.9252978920294357,0.44013945165535917,8,1
0.057844449447160606,0.20773720871354412,4.071238575222655,3.607595377501427,747.9826607211681,0,1,358,0.6175434309002419,0.3620555883458858,1,0
0.9577898009882039,8.13937288930552,2.9316413395809975,9.592275083281667,409.40404925450684,1,0,271,0.9235508538701853,0.5178655611619328,4,1
0.9427243190941123,1.0582307172651346,3.146600591593304,13.161851218793357,1134.223547647364,0,1,99,0.9212880449506577,0.8448679585553611,2,1
0.7851895431484084,6.4117282236061754,3.670152156988661,8.654128984974074,138.5955371701839,0,1,395,0.3576272511096947,0.4801266591389657,1,1
0.9913279015642206,9.163241254248875,3.082625246311539,13.588946716331957,876.6448253646959,0,1,203,0.5044621023490279,0.39153144023514375,2,1
0.5444823328002629,2.244788748952624,3.971609174290154,9.023825611076791,337.28358488807936,1,1,189,0.30770106680305304,0.45331581892358214,3,1
0.9627683502532061,6.719673795121727,4.807940071140825,6.6719916168455455,101.3886102574779,1,0,33,0.8199824081090565,0.7752810384039943,1,1
0.07560504061675077,0.9712460517335928,4.370223414257817,6.072100941741847,1316.88012329073,0,0,293,0.6032999324302901,0.7297636396854632,1,0
0.3656807482613713,6.116800409608608,4.166066535372282,8.21804117977176,1040.1389029396946,0,0,382,0.9430460603159856,0.7818204981075053,7,0
0.22538126800676583,1.806530865341387,3.9568036899594468,0.46179245364401655,238.51995087073277,1,0,467,0.3665721719010219,0.5253706858762675,2,0
0.19583308413427003,7.412344893048745,3.719869773142662,13.370502768922275,1029.7013147573978,0,1,430,0.7506941292153808,0.9305992888532901,2,0
0.14080294889267608,3.152066688980301,2.9664096490866494,16.902112819605236,956.3062658326379,1,0,462,0.9913894622181672,0.6162392501297018,3,1
0.6224136415659967,4.741231886285534,4.736776138567164,7.092541888862371,762.6993618604847,1,1,277,0.7323050094567931,0.6595991223488604,4,1
0.7813218557473051,6.0744193118706935,3.1213400050320907,0.9206627228343711,686.9613377958597,1,0,335,0.2550191462645701,0.964165583201489,2,1
0.5782983994203607,1.8784794245291478,2.728272193945402,19.735511947711153,1341.897668082029,1,0,343,0.6707394797561524,0.9854940875614828,5,1
0.14696270958820967,7.468050622452686,4.375037948071738,5.273965109021339,443.20722785643176,0,1,258,0.34387419974498934,0.7630799081415862,9,0
0.8111237699334709,3.165875338240783,2.939038835827916,2.53242243381546,657.6340798187366,1,1,256,0.22440222193545234,0.9613692348030538,2,1
0.6359547071637285,6.691244227144985,3.42973999885294,7.395050159460559,560.7615780527582,1,1,52,0.46796855784417135,0.6790551704383103,7,1
0.3881657061269955,1.751173896853862,2.5707123207274494,14.771140812671133,1179.681440651287,1,0,191,0.41288326644325263,0.5150980618967402,3,0
0.674130295536063,6.943553060222233,2.84266985635112,5.878331937811314,1383.051428725555,0,1,171,0.8310167190526034,0.520564999176579,4,1
0.25990497924283285,1.4562431135425251,2.93300907689978,11.494064078389757,1289.6943782363226,0,0,46,0.49894443286248036,0.6912584129176418,2,0
0.3451922084942105,4.36849366344584,2.636025319375445,8.311199888742845,1216.7855024196758,0,1,498,0.7863670243081573,0.7235252844586388,4,0
0.9174858431319902,2.622619522640993,4.141642391557113,2.35527984553237,1481.505923798116,0,0,421,0.21299119355946516,0.6077319489438242,6,1
0.2905045056714204,7.53407744439619,4.592519489507794,6.605740249842205,1076.0023705745393,0,1,190,0.21184970674671286,0.9186400384582907,2,0
0.4699882681579366,2.767943044167371,3.4332885159148523,14.497410114281333,1151.4753076989473,1,1,370,0.2234507660380457,0.5986872830994854,2,1
0.8901411373960146,8.840829602674884,4.686441191795502,12.240077946628913,1475.9235555870266,0,1,464,0.3754867534260644,0.4913965528983675,0,1
0.7077213502675275,8.939838071784806,3.0333664364003163,2.39556759767122,109.78709955884372,0,1,40,0.49919022802284935,0.30558731484047785,1,0
0.06220322616470275,2.1251248891833017,3.313476058903099,3.266448194286171,987.667727010911,1,0,404,0.6862766424934836,0.9793984947103458,3,0
0.14730304427897034,6.215690261075698,2.876842482577921,12.81466718614891,1134.5601447346055,0,0,428,0.9887311086615782,0.8770192982000611,8,0
0.007841590771916818,1.0596328888556505,4.051397988547496,16.268308286417376,1384.957875260073,0,0,494,0.4835276536114661,0.7308917092797302,2,0
0.6309217902291634,4.037063576095966,3.5496739771757673,6.989489919163385,1337.38202585808,1,0,495,0.244527125405733,0.8813795777324229,9,1
0.4476734254104183,7.190552949112469,4.033208367104747,11.906215036869003,1278.7449537273121,0,1,396,0.35592012933267897,0.8672024611756606,4,0
0.13427485090227553,6.66234781912918,4.4041872634854595,3.4128717750421056,1424.1077807183854,0,1,193,0.9182814670518897,0.9522955461580775,8,0
0.9579341210567704,6.3220665601847585,3.864257540082371,6.2275267381064765,852.3308630791905,1,0,65,0.7595033521181671,0.5702473783522624,3,1
0.5296597239456199,2.9689004638919476,4.06907588725447,0.405404113461052,109.68813381875746,0,0,42,0.8321606592308479,0.6883965694601585,3,0
0.24189329411288918,3.9046445044571403,4.838125785985833,15.365518955990451,115.47615817581334,0,0,189,0.29933456453823415,0.3690396166041721,5,0
0.5006035711547075,1.2088722180628046,3.2476607740221075,8.020196395459337,862.4946778650013,1,0,88,0.30798959096600637,0.9757207980032812,6,1
0.6796203327351078,7.24642364024929,3.397909846584883,16.32251147307908,709.3811344095178,0,0,475,0.28979680603591684,0.9895889484977498,5,1
0.07623921797356448,5.138110208554481,4.294258404273342,14.167459920454526,731.743074711628,0,1,175,0.88573533144762,0.8523589735518411,3,1
0.274703815047892,7.145903196987415,4.028263792638467,16.57488531456954,660.5666320940518,0,1,368,0.36797408695488354,0.6178846882038358,6,1
0.8069654908839936,2.6396465430093534,2.946332261349287,5.713173391657655,1384.81613272773,0,0,25,0.7145213963037773,0.6475967256400503,9,1
0.45966487040266124,3.3794946406236495,3.440368275026225,3.702174608556905,602.8384916377058,0,0,98,0.6129330929466072,0.6047568530914998,2,0
0.5465771420322949,3.475310305149124,3.6695950328117872,19.43811365303341,1298.7177184683164,1,1,475,0.635511929499083,0.5053174455655614,2,1
0.43281600220946925,0.4522756155227188,3.5484745949209735,14.34655574081739,1364.0107113082972,0,0,60,0.3563482867130146,0.6694539838841366,6,0
0.04389994264300512,3.542269153740111,2.945687020805102,16.680845358533407,799.3024779985367,1,0,380,0.7081968747631917,0.33741154865039674,5,0
0.16574977982015593,8.07238482047673,4.811075229460656,0.26266747419867453,725.7132523111236,0,1,249,0.23448042756666496,0.9943209433560178,1,0
0.4455416387418909,8.993525258347438,4.40579690423494,7.089232405917731,1165.4288459016254,0,1,374,0.9947778210061029,0.5968350946148986,0,1
0.20918546540792782,5.278539493232089,3.7033895802696306,14.856333811546634,1091.1601106958353,1,1,317,0.22140712519418326,0.9491566088259744,5,0
0.04997902865967874,4.663916613148359,4.2001525707670915,1.5596566597996664,559.9491632346883,1,0,224,0.24012523257268975,0.8069900224620026,8,0
0.8436496640518237,0.5020812632538285,4.743206680338805,11.346798591378713,243.5673762945052,1,0,81,0.4597179359133451,0.5029600418047537,2,1
0.9811925291641158,8.81620250833675,2.840435355903928,8.581455349100064,470.7933602554725,0,1,397,0.8653002846156308,0.4554368327222217,8,1
0.7931428739967394,0.32750009157355264,3.1259326267674443,0.3523301428221459,283.4399081372186,0,0,181,0.40575136942139434,0.9969728036336494,5,1
0.853784921704667,9.458550786060075,3.8567531181416124,4.719511542389028,512.6251860873679,1,0,424,0.5775480110330626,0.840488448537825,3,1
0.24197713031704537,4.994319237143289,4.497525928380897,5.695839781334284,466.55019181311866,0,0,187,0.21438186494095435,0.4747630319045386,9,0
0.9606269755131998,3.5509580370323213,2.5906372386038186,2.237198926926449,992.795993441399,0,0,392,0.2631034531869154,0.3472115337240824,9,1
0.19692570445342839,9.257340661458068,4.9600453754909015,12.630738194853208,1436.2944398366915,0,0,43,0.6863728388325657,0.787841581710965,9,0
0.9514298103618323,0.43903173247894806,3.637266507205993,4.84795752503778,1060.041225262677,0,1,311,0.3554867755595429,0.5121115197677535,1,1
0.994819293965951,5.897963969717054,3.3980778515543077,5.552389992387767,1397.3091712903974,0,0,477,0.7554036504156203,0.4549315688394021,8,1
0.7117228057460487,5.5795387400935095,3.2318110945994296,17.96477196400295,1197.7851620518206,1,1,258,0.8283129400137417,0.8144561906045351,4,1
0.9811437317918219,2.349339931871545,2.935891769127179,9.342461853862789,1119.0286708996425,0,1,97,0.8802673595778268,0.7754829258580432,4,1
0.5695397795671037,4.403096827232064,4.478934772325069,7.842562939385447,679.686716298678,1,0,352,0.3070394703994581,0.6369888723321337,1,1
0.25954178317609033,6.5921872582489485,4.8885354118652415,14.477420766294344,554.712304008716,0,1,90,0.5644068392255399,0.9598591529392613,4,1
0.43699588566562086,7.3258857294428905,3.5341118871134958,18.19227593765824,1284.788321462087,0,1,314,0.9576651599230765,0.7757468562402436,5,0
0.593560935378786,0.20702521532448187,4.881051736883641,0.5007267247488767,1367.5505261006074,0,0,328,0.8176668339554463,0.9253936924339363,1,0
0.07308156202701499,9.38116361489195,4.5594940385875855,8.964776931107929,732.6354911113049,0,1,140,0.2935683054769187,0.43338705964480334,0,0
0.6223432646172461,1.8123486494495615,3.7026278186907957,12.215627121558946,112.68833746130218,1,0,413,0.6020001960147154,0.507652137056622,5,1
0.9811778367622945,2.4890882553791203,4.185065447815331,6.371261962519792,1209.5434824690587,0,0,308,0.9379044654710711,0.37316409358560976,8,1
0.19010764978372763,2.782039767799713,3.5874604479261576,15.448154442464833,499.0963766612083,0,1,251,0.5520310444185488,0.5132059985104247,8,1
0.7925951162883833,0.5706373382099461,3.8968085205313807,19.429541405405477,113.84301102368903,1,0,207,0.8699340870727752,0.9802448304444662,8,1
0.9078987937796194,1.4059108111851841,2.6451158425462595,18.868547325005665,1226.9839825665708,0,1,178,0.5966749769508458,0.9739993722646105,4,1
0.9437015928202208,9.866229244852788,4.240658688251333,5.319650787598837,824.3798643436575,0,1,297,0.285449341796603,0.8322704481856935,9,1
0.9601356044054472,3.289124026297404,2.6320616112103417,4.52676556874972,1059.2950448738568,0,0,409,0.3182839408476059,0.66473378394807,0,0
0.5214596387214719,1.3299506853226835,4.542712367299124,19.14981062042442,1380.5657496022684,1,0,186,0.23734060224654377,0.8465458591545714,2,1
0.9773079079915037,1.2485143595113086,4.562367323651394,9.172569748629318,857.6433621933476,0,0,324,0.35625179246045163,0.6874408658496038,7,1
0.7573102071344389,7.250707683165725,3.0926932188905365,4.165954461693834,804.471701610552,1,0,109,0.9148912798963473,0.30245595327001035,8,1
0.1616714362369619,8.57477290751988,3.3091569525895004,14.139939272608364,506.92696988756893,1,0,218,0.7201584367546054,0.6510829517605308,3,0
0.47690010646797,2.7181325351830052,3.703275946395733,5.688406478075832,527.2713682159338,0,0,462,0.7910855479063288,0.7192464122077367,2,1
0.718331175372004,0.40491322088530274,3.9916572673312034,5.344939501421047,1215.1588924415041,0,0,347,0.6973291667146622,0.48602385025210293,1,1
0.24734031581908333,2.3862821807644874,3.218384154354992,17.584980861555696,728.6409438203118,0,0,2,0.5092314337106782,0.44230549496916305,4,0
0.6406151835488874,0.7538537698082219,3.9812160115798125,3.249583067538069,328.93669205136854,0,0,40,0.3734889062368013,0.4916663663639559,1,1
0.6666004790466192,1.2132703789744068,3.244467683073247,1.2878589293247278,232.34026960069383,1,0,124,0.9404916672078647,0.7365394246625059,8,1
0.1626997438085659,4.428779574506896,2.6387268026776516,5.383728803433745,762.0881636064911,0,1,256,0.6118638252464172,0.4022448804548867,9,0
0.5650853124527563,2.4532000344439995,2.5063188745797724,12.138908256764076,750.9370330648226,0,1,192,0.5848799049663516,0.8042298109306496,8,0
0.7716269109786077,5.2562696095491495,2.7528776447960714,2.461757068065411,1014.8415894875544,0,0,114,0.9968832708748365,0.5958723746731266,2,0
0.4988956645359419,2.684238781920466,4.480626750410046,9.431893445535875,759.494468843197,1,0,69,0.5071439907107813,0.5473435014437278,3,1
0.012103116776107425,9.417265550808887,4.903578280958342,12.546742208506396,300.8659857879006,0,0,458,0.8833002519137914,0.8650619041762471,8,0
0.009038469079292177,9.078250885677392,3.567415498203048,16.97473985186348,810.924038717919,0,0,381,0.8898752482534851,0.6542442746055686,0,0
0.3570293439700122,5.7546998291025675,3.781709883624857,4.597391824045087,1369.5051654404351,0,0,305,0.3861361682862365,0.5648803928336497,6,0
0.926194068431782,3.673355121476385,2.8671204226835654,16.346926467655788,323.2179762682974,0,1,493,0.2758717538801297,0.914708300892423,1,1
0.22867677960360877,3.935239443940409,3.877578381700393,4.698125222624771,1065.6564973688487,0,0,335,0.9804960925726915,0.557776142539633,8,0
0.6343636888716871,4.23615237481607,2.8616372550174423,13.53533082479281,931.4029709517372,0,0,96,0.5407174913084536,0.9013001980603592,2,1
0.22207587069332058,7.330277356922452,4.028035827997075,8.613471429649103,1148.0200173965238,0,1,215,0.20177625760815643,0.6529390889237907,5,0
0.3216699896595486,4.626062156084612,4.833146668952135,2.2936248475734033,310.84038279862983,1,0,314,0.5992142670631668,0.44560496821850504,4,1
0.848042089601484,8.595953475757794,2.989246348257599,14.285269256436974,1418.2474716683923,1,0,223,0.6954402909979602,0.7289727316777586,1,1
0.7288614422699469,9.452128902117572,4.4114092951427555,4.355252370980356,969.3529988740221,0,1,329,0.8208705979584274,0.49972646838897283,8,1
0.09539927731321063,3.4922723031135523,2.55875605704581,3.5324685204918294,1285.8995927675917,0,0,318,0.9543536945789108,0.4030085925233366,2,0
0.4287020209864336,5.694805917481665,3.4387431033040525,7.166458571787664,445.2494691523298,0,0,280,0.9321365031563704,0.3605705599784456,5,0
0.029169763645264468,1.1315540609591315,2.7768712695762727,13.06580489518967,1135.1780451571462,1,1,393,0.9521086560438949,0.4691881350582094,8,1
0.480890146603009,2.164596668110318,3.3811886039892487,4.679929575812556,1193.4429860674866,0,0,332,0.22570011860757822,0.8155882494015338,7,0
0.6624340117010681,4.251964513759569,2.9338422990972086,3.6732307756377147,656.4093813419059,0,1,379,0.7694193070643742,0.8865994556630199,9,1
0.11850262359815156,2.220786615837433,3.4332624753072185,0.19907251426728667,637.5348340367909,1,0,128,0.3806863702445493,0.9032045921873451,4,0
0.28888493890916567,8.790292809729433,3.543807015268826,9.43286194203447,1020.914771036049,1,1,98,0.3500421497645232,0.48910379159696055,5,1
0.3978366255021569,1.7512053093791613,3.251477806952296,8.572911386303655,230.77075446430234,0,1,269,0.8402548548794002,0.7626810530617393,2,1
0.9195310246560497,4.665476051220302,4.141554873682823,4.677354872747525,1129.8738103045125,0,0,404,0.5337037513383038,0.46124784194045065,4,1
0.993255015422964,6.135852556506782,4.797130128147274,1.073043280193815,160.0414637751753,1,1,495,0.9332800606258687,0.7359334797777681,5,1
0.044911298995615856,6.980266299976276,3.5014884352631808,8.585117491916739,366.82642156915637,1,1,246,0.2339480726365653,0.9210476951291877,2,0
0.761007923495392,3.9540798233197663,2.9808578911875534,15.764102221432626,1029.8012601379141,1,0,185,0.8417446635897305,0.32862557782145696,9,1
0.37172406640234323,8.71717087350234,3.1768068954899586,14.30564262654354,237.65313392874936,1,1,243,0.30946752902607655,0.9896579674077841,1,1
0.39245818622948003,5.76952768056367,4.635002058740922,17.215897797203404,1460.578928067506,0,1,37,0.3412617612519876,0.8789615142209115,9,0
0.7542649733470227,4.507176248386008,3.9290993081753696,0.19165375426311249,1315.754693246661,0,0,256,0.5818813724195993,0.8331634814055888,8,0
0.9184264321454086,0.858958213709959,3.6375275807673932,19.32838633609197,976.823265369431,1,1,339,0.5164719526982396,0.7839540255982537,6,1
0.9509285945025484,4.753956790762618,2.8740918037723167,6.828245052548967,1246.68043793709,0,0,247,0.5889378449029368,0.8391917222397147,3,1
0.5771225860383208,8.243211239994157,3.6243182708094546,19.807955921839294,1342.612068025395,0,1,132,0.9520212176248442,0.9962167492283822,2,0
0.3571211593005028,6.222501978568892,3.1962300083934667,5.052389212035493,463.26590940054587,1,1,487,0.7259111484508585,0.8391339079787783,3,1
0.7875490858587793,8.35519204654536,4.857907819633374,9.430727751564895,1289.1762231290472,1,1,43,0.4322475054736005,0.5461205492678289,8,1
0.25100138326230026,5.041314371873195,4.710175273539328,7.078553531506073,372.7112970926425,1,1,479,0.338326969854276,0.7297452970534521,8,1
0.5640740288335178,1.360924709925922,2.7097563545704952,7.115214299886052,678.6791698083415,0,0,192,0.5360370201047469,0.535846111311885,5,1
0.35857846152487316,0.3336704891916345,3.791633723153107,16.845641974964316,881.5634837480391,0,1,492,0.5613128218141901,0.9790458102796695,8,1
0.6566310737078761,3.1715515578421942,3.0626458637866802,14.928378794746775,1099.4473483036454,0,0,488,0.681035527919613,0.9300978129779902,8,1
0.2403989128935069,7.040306620678367,3.5269427238107265,19.84302870460096,142.19784481153926,1,0,499,0.41280216283181437,0.6973341592239799,5,0
0.19159294573482577,7.9445470586286,4.692119995628641,12.270293654350251,506.7131778894646,0,1,56,0.8140073976774536,0.8468916281454142,4,0
0.9182390866754371,3.098377779279229,3.8187862997213617,9.265132087890054,951.9267374945464,1,0,247,0.2787681963835053,0.9367808600802348,2,1
0.1018036829495369,5.057408424655822,3.3355382334268997,1.8014772589378225,600.3161508087662,0,1,103,0.6483626908805236,0.4705201845595915,0,0
0.5059579077349317,4.326965263454,3.0197208852624926,19.931228390277134,1185.0350778812908,1,0,44,0.6988253225952891,0.7056372998501632,3,1
0.22085278296300892,4.223123286643993,4.500812148516223,11.030613058645658,1012.3130256110027,0,1,59,0.3654652648521163,0.6372014234767838,0,0
0.03892996332566745,2.4672173893614753,4.061295038410868,14.009549393802835,428.16203521323007,0,0,65,0.8608090803996968,0.8401139483900588,0,0
0.03601881829142639,1.536436829288692,3.670163651065578,8.134847743826228,304.3005714292663,1,0,222,0.692345700166142,0.5653577649336801,5,1
0.17522177210582734,2.1275478706658886,3.043710884657445,10.954314163584717,980.6657910218705,1,1,46,0.7165777717183783,0.7962857477957341,4,1
0.8667703545060003,0.7422573942007917,3.3356159353928283,18.851554637857745,730.6542587866608,0,1,237,0.5981948046107508,0.5820951623082165,6,1
0.28247874397702666,2.141681269871055,4.899608566846297,3.328388758632055,336.539857541846,0,0,370,0.9276753737410708,0.37775240525115295,0,0
0.9504591705752957,0.2901687967287187,3.800224844014586,5.847451686605092,556.9238874457283,1,0,25,0.7551420651900995,0.37498500212582203,0,1
0.5816222929891935,6.347132326232588,3.501748203108132,3.0411945555606468,524.2654476460211,0,0,392,0.50546845191661,0.38333942718723113,7,0
0.4366141897687661,3.3004789923992925,3.8035551058708097,15.844318076095494,251.38476127512516,0,0,306,0.390884710227269,0.32276391315251324,5,1
0.5800888346694546,9.736818171983705,4.447471264749021,1.2409052084365912,865.6726269713192,1,0,93,0.2568493398587898,0.6730812201177404,7,1
0.5166983852262678,2.0984270976077193,3.350272341257172,1.6326329970267661,1169.1080874775757,1,0,109,0.3322886697442876,0.7703318773886144,5,0
0.7587762537573252,3.5891199890340206,2.946765302331522,5.969882255747374,905.6536443941818,0,1,391,0.9941463616669279,0.38870988127798267,5,1
0.28249606597285226,3.706843354687026,3.9623402958476195,10.283763618420226,1256.8079109122932,1,1,260,0.5254135167933122,0.7283006001551283,9,1
0.3530503916003024,0.2828246614121133,4.163010258702668,8.12549601119173,278.59596610160384,0,1,253,0.9189497818219254,0.7184180547805383,6,1
0.8940943025332507,8.424237939786698,4.281795007396374,0.8963262134161454,709.8566009511135,0,0,294,0.3364554855082116,0.40296583597780367,1,0
0.9464565131504055,0.5135457094143823,4.704968976915325,19.14983115741903,953.1811451213388,1,0,323,0.5402886970726797,0.5828578199728842,2,1
0.8925582274864745,9.413762380346565,3.4279353017227825,19.057390407161673,1046.4021853186703,0,1,39,0.968414773626759,0.8285949968396888,3,0
0.4194479939573136,8.942328640717482,2.6883872405722293,5.5871264648151975,1074.1008289927977,0,1,291,0.27290580113543994,0.31172921788640806,0,0
0.7803655030068817,5.448114777642443,4.895871459077355,14.63051230537163,1120.5515979370334,0,1,404,0.6751874270500022,0.4028635187288717,8,1
0.4763357333010988,5.527236634130663,3.587529818593688,11.571508227664475,1012.0017370744234,0,1,253,0.9353375205570418,0.9970798620273211,8,1
0.4975398521461022,6.607023644970333,4.058143774182828,4.749533900112482,231.9193245172147,0,1,96,0.9597466983634007,0.8134814280043416,3,1
0.20468010905728395,3.9930901169618926,4.165763307820731,5.243431034832309,1073.4279486432151,1,1,25,0.8768059816894207,0.624891195453479,0,0
0.5911303032585165,6.542778377298984,3.866284271753009,9.823063486209008,1114.6957194841425,1,1,103,0.8847475458881195,0.7408609884641376,0,1
0.18613589775334793,0.6387302091471714,3.013143824340675,8.384738829947203,1490.871908067078,0,1,102,0.7217463632939725,0.8923546794189321,5,0
0.33156469906719377,0.7296667480273205,4.387857625290353,5.824586564625285,1070.7074113815763,0,0,74,0.37633848647599405,0.8896132098875458,1,0
0.8550302016199351,4.680858112271535,4.5093799357602045,16.15023192610298,1061.5625540521685,1,1,84,0.7845428355879358,0.527291004822845,0,1
0.20707580921085522,5.586298550839143,3.8824389650435993,9.629258352747698,820.7386062547607,0,1,495,0.9827075715669786,0.6439039957816568,9,0
0.07115828517343281,8.900612875291026,3.721402901462104,13.096961247782557,1315.0920720191596,1,1,213,0.6207468117382486,0.7466385675490506,1,0
0.0690075926128163,1.2256742122973834,2.784845457819963,3.7854700033575095,1495.5686667456216,1,0,112,0.408557887261521,0.35032784156022284,6,0
0.9407845205031079,8.261949686500115,2.7098791537494598,10.670153250329735,1190.662818276405,1,1,311,0.6587768542119983,0.9620576195735264,3,1
0.5069204379618346,2.2584639054622824,3.348912113908822,6.35952098893243,957.5005290009318,0,0,56,0.7524882849924932,0.602919277963661,6,1
0.40941207181701833,4.062019755398312,3.277115388793483,10.528272207897565,210.53675770419545,0,0,442,0.3666242475395305,0.5596036290805488,6,1
0.8108785810079184,3.302703861308647,4.884141127408178,15.616516668218562,1117.4347844214785,0,0,383,0.7753514780875381,0.934970253014878,3,1
0.835825927910516,4.121521674080911,4.459056856108575,15.378264201825234,1091.9861960147305,0,0,100,0.6699462871075135,0.38280065412717323,1,1
0.3321910331156046,1.6748558811113385,4.14981073814765,7.084413560685519,1185.7954069332045,1,0,249,0.6898799273184417,0.32748255817097593,8,0
0.6936180574737952,5.134986729154839,3.794120222544013,13.885542341592782,274.37754375928506,0,1,134,0.4447903437918673,0.7795016886101918,9,1
0.7711228158518866,8.0560973803474,2.9184188268166285,18.82579900788554,1015.2255001766009,0,1,425,0.3242134480889609,0.5695020776735729,9,1
0.6546506868659545,4.527033301713191,4.94614168046071,12.513386598498128,514.0134669323445,0,0,140,0.6987599162445256,0.8351330661810741,2,1
0.15159507480009937,5.008013043802352,3.4376017456005252,2.968202467652743,1164.3797407639672,1,0,83,0.6689863913220575,0.34798122806872883,0,0
0.875883083517057,8.517922335756879,2.767314006118112,13.594172585581903,436.5235356440527,0,0,206,0.47040975017104397,0.5686300004747704,7,1
0.5390945527360087,7.119369523452702,3.7344972392893654,2.0980877269862264,1057.5701475485748,1,0,229,0.4367149340367098,0.46472764843227854,3,0
0.2824724263700037,5.006453203493891,4.684995029032708,17.442208175860543,512.9901257775716,0,0,417,0.47779556932982725,0.8177245730626181,8,1
0.4252281854376939,2.7254173522539613,4.718227504443323,10.333209916038806,112.5920099444036,0,1,355,0.5919066707990561,0.45901907729916,7,1
0.03757109039890738,8.872282119080673,2.527414790141118,7.7028147262315905,986.7010767623336,0,0,436,0.9798557880889291,0.6205617343420484,6,0
0.12786680122241756,5.854799936567472,4.7157393618785,1.1401318929938475,258.5767164224913,0,0,301,0.8108516976209652,0.8732142857956984,8,0
0.7655467505158609,2.3672465790847954,3.1787105437496463,7.615674691842194,1023.0080619034998,0,0,440,0.8813917913323908,0.9407733748251286,1,1
1.1634755366141114e-05,2.837373575852502,2.5974309099210577,18.06413335831579,1395.8532276997125,1,1,60,0.6045196551228249,0.8058240555660443,3,0
0.4165658284822922,8.07070427157521,4.619475675907186,0.4196599257260636,1456.9443078955264,0,1,216,0.6208988894230216,0.6004598880730676,4,0
0.5225101810855884,0.6326265084570635,4.659666889970521,9.492963155636097,430.29232225865763,1,1,55,0.36345972914962216,0.7003901123199132,4,1
0.054634420000972295,9.922503432882436,3.990577699605875,18.623161822212445,1232.9545187109168,0,0,28,0.7768366690408628,0.7827829630067457,0,0
0.9730781629723328,1.4774464612049596,3.936084393240896,7.8968199953004214,594.9745876214165,0,0,110,0.5372672046325089,0.9124528386018826,8,1
0.22612533124967193,8.001471548889986,4.532800681553549,8.563513749243008,1360.6399018471752,1,1,91,0.793957487054169,0.9220017893322041,8,0
0.30419871963628087,4.068798104362492,4.4657738817757,11.571201103982398,1202.4853960811233,0,1,141,0.5272443050501003,0.951678644041843,4,1
0.30394251225502733,5.023718596217176,4.7252636836067605,9.258746671543669,203.4904033040691,1,1,451,0.2868137497711265,0.8674977692351675,9,1
0.2304166621173499,8.830375659152862,3.8818686189917586,3.3720338247510484,669.9917914281882,1,0,101,0.3384429502287068,0.40275855515916675,2,0
0.001473822086311416,4.24652965797429,4.919117731832022,0.3711107813972081,572.2449564135437,0,0,70,0.8492560624597467,0.8233476733703702,7,0
0.7293447940879964,5.4674387859976985,4.990367077333346,12.196233159574032,1199.2534290125877,0,1,12,0.4068931916471461,0.8702146614942523,6,1
0.9668454997992854,0.6831366916098655,2.7913615249965815,18.416131740156242,674.3999949144228,0,1,400,0.41148353805365545,0.9145099993734684,4,1
0.22429348328504506,0.22300524390104093,4.623859398885305,2.1272826605433126,1058.4237567143173,0,0,156,0.9434944720018652,0.9473718262324782,0,0
0.6630471918034224,2.599038755416914,3.7495556443714726,4.219054385055068,943.4093578266165,0,1,80,0.7261084982934796,0.6564118694629131,6,1
0.7418963269587151,6.8697143106039205,3.4689158457495806,7.40458971649947,1465.8942067366872,1,0,99,0.29144604310748506,0.7585648865870173,0,1
0.8484253790905247,1.3883959549195397,4.032680774706788,16.174844580422395,1412.898939522261,1,1,82,0.3148682161055474,0.3066869436318783,0,1
0.4226291970136091,1.3148671962845844,2.6399138931550175,5.385206329419551,698.7793206342062,0,0,217,0.41789394617622355,0.7009484973847038,8,0
0.30293090564042924,4.227413958751852,3.7661527969176998,17.64108808557537,1113.009496297609,0,0,371,0.6751965502613062,0.6312388667517577,5,0
0.3252951340230311,6.54880297836062,4.677226425066667,1.0991574930013281,1261.2441315737105,1,1,236,0.8022603759245384,0.9736142312863596,6,0
0.7126213330985128,7.178305524029719,3.033653790347422,18.819132425178697,1358.4400554070032,1,0,124,0.41959715476255766,0.931196509021909,1,1
0.816779466505636,1.948816606164073,3.565974736923563,11.214941557475298,195.38796928707717,1,0,200,0.8965136299319716,0.8583227506033699,7,1
0.18161396775660266,0.9799638442460161,4.848702219287189,13.17555356975409,522.9103189828954,0,1,1,0.2873441431073189,0.3398959291641867,6,1
0.3709410081577652,9.415890932666333,3.5714095945142432,7.353790450727063,548.3220573559306,0,0,61,0.36607933443454366,0.5814201895983333,4,0
0.90194019674915,2.754530549108597,3.395919080830996,15.639885710221206,708.2243317078301,1,1,19,0.976371936914302,0.7872295555361921,7,1
0.8066935196947392,8.562795676565493,3.6013416203084456,3.3313250016881213,336.9706510015866,1,0,470,0.30779589092292614,0.3207625204949967,1,1
0.9848584027624758,8.662216214535619,3.798631916293891,0.9782365055697406,794.6882319300113,0,1,209,0.9104890461790487,0.4650696542269608,5,1
0.7542482596820808,7.7707213992729365,4.079978360328672,7.910338862151143,1028.5000582178386,1,0,439,0.7631480603232763,0.9212550330826901,3,1
0.39319520102792227,1.8545693451951868,4.501732002291828,17.07391427962079,796.3094883034048,0,0,345,0.2584696725133654,0.39084653710959694,6,1
0.5906378339946378,8.253654300691164,3.6302555144107855,15.098536732753892,1032.110333276662,1,1,179,0.5869654631199551,0.33596145303705094,5,1
0.6610142542473203,7.738655480567551,4.543702337725351,10.34311940977916,193.01828454506042,0,1,408,0.6151834825158451,0.7064100293992684,5,1
0.07845581631712395,6.047885303040928,3.8343016533802015,11.442754943307069,1326.3822643903743,1,0,61,0.94571170513267,0.9625252307994461,4,0
0.5444969591038651,3.5045799446557373,3.3462012759199444,2.5978565259751085,1414.6968689414957,1,1,272,0.536883674461735,0.884237317936047,4,1
0.7093208284726096,2.7725843218121327,4.144877070298536,16.813630172351644,965.070393766108,1,1,294,0.5574108923714207,0.9823407533046689,1,1
0.16732130400106038,1.394514278387518,4.294305636858729,15.739193659283938,1333.9473980916557,1,0,240,0.28998700382910264,0.8274662075873744,6,0
0.7806317174255571,5.19561925562854,3.895122439073719,13.129407877738855,284.0244233074974,0,1,250,0.7113380507501301,0.6061588418592001,6,1
0.5837727805141116,5.935556579996496,2.6415374328368086,9.323820726578768,1216.4284881068343,1,0,9,0.3687175807112773,0.9626315077129117,7,0
0.9522217856975946,3.721522107054715,2.924707187902062,19.28918536559025,266.8074708616316,0,1,186,0.2620266065789655,0.5986432949173182,3,1
0.042422298206891695,4.858518863272512,3.2132443022255703,17.58063943752942,671.2143240965513,1,0,408,0.9975352000566353,0.545066231440971,8,0
0.26532613755546697,3.762441682218814,3.2065640148787327,12.88860987029237,553.345948381585,1,1,109,0.4157037023702442,0.6137371424372037,9,1
0.6015538792998241,6.481859361742873,4.183552000617176,7.436019954345758,919.8285553086359,0,0,27,0.3128425321030432,0.8697817680677251,2,0
0.2965599122059307,9.03234023640632,2.5458716541840816,12.360445573630248,522.1203493353469,1,0,473,0.7595922996777411,0.9423854848942217,2,0
0.7144241640712422,1.80641856806006,4.3892044426238,11.508818530613308,992.2390815339858,1,1,459,0.8573457247375216,0.5503774769717729,1,1
0.759005282521931,3.9378063370506102,3.163356187017333,7.8848397566983275,614.342204812741,0,1,60,0.2512619945010774,0.6235732195725837,9,1
0.10251596406647445,1.580512318718441,3.275054615540256,6.133479433761522,1305.1065334426503,1,0,57,0.28431464597582967,0.9288291263130681,6,0
0.5138544642067677,6.324448949996754,3.8197745698598107,8.140215844746448,987.4373763074561,1,1,299,0.2721390588656367,0.33293056517006825,9,1
0.5088905555910559,7.342930992988239,3.039814002347394,11.478228120667957,401.4176162500246,1,0,496,0.23756744265800897,0.848708085879696,1,1
0.36928077021554107,9.332744779455068,4.711178283938819,8.562696894221888,570.5811908393218,0,0,338,0.727565182907427,0.6179524307640374,6,0
0.9329248625696721,2.9329448773574565,2.7134219483164133,5.271489764027677,1286.3892426773182,1,1,251,0.6706505517914914,0.5635628457347699,2,1
0.8275063198732212,9.512069817481215,3.610955905752662,15.219266355216174,641.0716499824418,0,1,406,0.7302453252479464,0.6128449042857873,0,1
0.6972093819096368,0.8199741838426131,4.623555673637225,10.62934991914826,850.1186917919032,0,1,461,0.6045337306193448,0.5930834728511059,7,1
0.7143266357349976,6.109535860972965,4.039609736053089,1.3535032645119993,1008.5187103332659,0,0,255,0.8540061483244654,0.829633032731464,7,0
0.4617161438131191,0.7599006495646339,3.2308237896065837,7.36633011252251,586.9335094202835,0,1,380,0.6373346419988604,0.949563265570909,9,1
0.9209945210965759,8.95898704006706,3.5519005194411517,17.69826914423987,511.57008306129563,1,1,144,0.9349975478396999,0.6440190778126049,0,1
0.6945954272532854,5.392128759286531,4.266735950856287,15.104730623999039,765.35686365124,1,1,78,0.5885188260031946,0.8829136500477579,5,1
0.7289810616558164,6.759613837475403,4.933151858409748,6.464935678880142,400.83336092990476,0,0,340,0.8325269289692792,0.8123611749985671,3,1
0.8616909037873453,8.349424473922435,4.732846795948584,18.763663040890183,497.8948216866888,1,1,293,0.5258882829469074,0.5314765498895337,4,1
0.274071589342191,1.673044100342894,3.3560820209559417,1.532058167164203,186.90987764485052,1,1,285,0.5481791158211543,0.7111196701685834,7,0
0.807070903866703,0.5781973069937116,4.995494698219644,19.22469407784378,525.5583863594077,1,0,402,0.8791936361903334,0.7667709725109861,7,1
0.19524060295649204,8.813035229945951,2.5087616588276456,4.9141018496935125,548.985730708997,1,1,287,0.2861278682861307,0.3164495603233241,6,0
0.34534195224488784,3.286345629097539,2.5690743895210377,0.18188360604838527,1446.5664328078476,1,0,476,0.6519342039865665,0.5771688858569681,4,0
0.3356104542698427,1.4639932976862196,4.559601287927984,8.676160730366536,925.6203556522322,1,1,213,0.7810691742230285,0.9948467230932196,5,1
0.9785254683891406,4.790920123453448,2.99865671708263,7.179408593740173,1202.3353955821278,0,0,19,0.8003364923336429,0.7460794989490654,7,1
0.8565372237479268,6.063399541820985,2.651923170990602,10.781780104135876,163.52815389245143,1,0,357,0.6731948217359803,0.5339708485042433,4,1
0.7011698615902597,0.5035119135405992,3.0928701830912555,15.935457211396908,249.1513710517207,0,0,229,0.558451587327611,0.47501682758050945,2,1
0.7270567616153901,2.89397745091946,3.5652503849521504,16.848616043008942,1240.3517452076292,1,1,63,0.4086259550934062,0.44663712147052936,8,1
0.5620727944025711,0.521438767913581,4.326415676083512,8.024599992233837,972.96936918469,0,1,35,0.9275409882832979,0.5811489862756452,8,1
0.9470906671085191,4.31928681411589,4.060838816378014,8.596914874127004,367.37484275628407,1,0,448,0.4958303580170603,0.43528598342532665,9,1
0.49625875288236154,8.971980284849193,3.094053043901051,2.9635546065894736,666.7135682064335,0,1,210,0.8391936708266767,0.39463032743746973,0,0
0.3805177098698945,9.829993632636977,3.758176120251461,0.9509521776232699,854.1414999742719,0,1,170,0.22533249037010902,0.5548442990988712,6,0
0.163035336931591,6.44306602433555,4.815535263496422,12.824299804700495,1281.0537607924184,1,1,25,0.3857353717492873,0.7248997848520553,3,0
0.786205652261058,1.7840493990889998,4.537519442459394,1.2887525110538456,184.57678837229184,1,0,262,0.4764678343072981,0.4024794274602898,5,1
0.7344439320755914,9.077324021993196,3.3079744620794838,14.676602388429119,935.4112051143073,0,1,289,0.7372592506481634,0.33104029170400207,6,1
0.3843550385241349,5.259228667360593,4.955661403389241,10.78180290044495,1103.8502902213577,1,0,163,0.45546464572951284,0.32424297264458407,7,1
0.02519341395922936,1.7067432586085973,4.271551001087827,3.971659564521668,1469.048601074643,1,0,389,0.23309104065544572,0.4871689767051778,4,0
0.8389973277180107,9.232921360626282,2.6561233891669547,10.790458870252992,1230.024109609058,1,1,420,0.33909401284321283,0.43309260336141114,4,1
0.011417983454073632,7.62319669708641,2.5879017832215965,3.659954332041977,486.7182389913828,1,1,61,0.40733228189546083,0.6774787522031066,5,0
0.703699779629051,7.370711672686886,2.921019872525075,8.77474415020824,1093.4108714295712,0,0,85,0.3408379839486553,0.6190041309356296,6,0
0.970257109726057,7.149970897185167,4.319639670125367,15.991206324844578,1168.589038897768,1,1,72,0.3629796481129067,0.527336630037313,4,1
0.43766132814820347,2.163330246745135,2.95934731460607,9.238385868212749,1121.6296998857533,1,1,490,0.8151655525386836,0.8834799839056724,4,1
0.23497340499595276,2.2678655787337556,3.778716923022084,2.9739863659509647,1248.201695132618,1,0,383,0.5296269151603681,0.6534628950975685,3,0
0.7048710100433817,6.9452713845871,2.7331503004520794,14.476573636458902,1365.2219666990927,1,1,59,0.5241433957343402,0.3640709944588694,0,1
0.8171281420155851,2.35328295108189,4.802215394575487,3.735368325400177,237.80181658507635,0,0,476,0.973285069327589,0.5070350478515867,6,1
0.5464303160778473,4.4989826286698795,3.3599015339589187,14.77099748740219,246.66940075356638,1,0,319,0.5573614703553602,0.9813374863376141,6,1
0.9670352752561462,7.863617890820627,4.770330141401577,9.587045784316665,1214.9599842789044,1,1,177,0.9421265060259161,0.98388412453061,5,1
0.0516687216579611,7.882734677358842,4.862189104776361,9.074835181886032,453.3214671300592,1,0,51,0.43925047857334426,0.4782701448829835,9,0
0.5047955983045281,4.641965370753425,2.5153216182842018,17.028700757149494,181.95799073010912,0,1,144,0.5205010079233385,0.4170652901564397,1,0
0.7184539473225501,7.9634613950974025,3.66033796799683,14.172070486813375,661.7208533728481,1,1,315,0.5170266848539697,0.646981702352071,1,1
0.862640471149179,8.418493602740956,2.561640139267232,0.6582159390987852,1247.8276765565095,0,1,76,0.6368630658517156,0.6370254427167925,5,0
0.17925561190779005,6.616802362585751,4.771731915757265,5.923486292032047,277.1910333395725,1,0,118,0.6673978326831618,0.587096381088312,8,0
0.8000034817636814,2.4385733526225177,3.7960188618364397,17.418413216997973,1040.5787605262544,1,0,208,0.3985000232338151,0.670550059245767,4,1
0.5527070757185453,2.8853154477783662,2.687360031746242,0.3665233709039728,105.06220648019477,0,0,181,0.8348674003336949,0.46253676496274054,6,1
0.3965536819899632,3.285443323005607,2.775691820691417,10.905068925239407,253.6324260974299,0,1,137,0.597220763741434,0.380450539080581,1,0
0.13171502857909356,1.3446802557927295,3.4587725612318474,14.556513383478878,591.1904840758816,1,1,124,0.205634842815046,0.6993230209335045,5,1
0.8652957589089124,2.8769642796254624,4.850585482182224,12.437121709691517,217.04319343417964,1,0,152,0.6730725066533442,0.9528185977476624,5,1
0.15727320817971535,2.253288398262815,4.232272878920202,15.210644042088727,1284.2623344119581,1,1,17,0.8384475532233091,0.3964244936342085,9,0
0.30978785920909924,4.662221748124302,4.669047165472831,14.513836978294917,1309.6987044036564,1,1,63,0.4003733902523663,0.7933703069620237,5,1
0.2900455319624369,9.102687969148196,3.4161416158499494,13.840613903062266,1157.7989843393339,1,0,496,0.23029680748954082,0.6065276811662694,5,0
0.8714140341908543,1.2239071041887892,2.6080342488749957,16.430797218513042,439.47148395386444,0,0,235,0.8457429245205781,0.5057836128101628,3,1
0.672702994208898,7.258625654684478,4.935794093011035,12.913813368990768,832.5459053359717,1,0,78,0.9810213727773018,0.8971764528746979,4,1
0.7966813971913723,6.935373443248652,2.542932476655924,8.04836988513964,357.86393573271994,0,1,58,0.2612508917319219,0.6195441861760274,3,1
0.250467898792499,1.1383911469009051,4.869129132702723,9.438182198291752,493.78983010235515,0,1,410,0.9504294458605769,0.7083184098475931,5,1
0.6248740996069989,9.24120956807684,3.4216935596228617,14.334495653629011,822.4074090433076,1,1,250,0.48741952958084966,0.6101394008579506,8,1
0.5717459831437487,5.771027581136833,2.525226012554704,17.52612059333588,1129.019331845117,1,0,313,0.9531516868704701,0.35687470716868697,4,1
0.8328303767882711,3.764510107129706,4.2228930793112704,5.4443760167955135,232.5161325510948,0,0,60,0.7190714592019576,0.7164332808301301,4,1
0.9060870604812605,7.614078118254006,4.951350760078386,6.841535919421416,515.3753766793207,0,0,466,0.9121954499587306,0.5931886825266848,2,1
0.012156771477386807,2.722181492336014,4.914064307093981,18.61478792724825,1397.2698880006913,1,0,117,0.8286664200411307,0.3607296242473408,6,1
0.6740199190587927,6.99639640305394,2.902342528006046,11.570235848188908,700.7726448946435,0,1,78,0.22239819425650148,0.7170682140932825,4,1
0.05183579911972902,0.5891698342080228,2.9531195151653873,3.5792363427000207,1414.4175434730403,0,0,236,0.25235400186004314,0.30690965242745927,1,0
0.5488586650773559,8.426198768570865,3.9138472865491503,13.273902778247654,1487.96075817299,0,1,326,0.6205956840948352,0.44596427177821457,8,0
0.2876327290436782,4.592074300808922,4.093262066070811,19.81524311078759,837.3237565559823,1,0,170,0.3036952158759301,0.8467486758336487,4,0
0.3067765995221412,6.439590560707829,4.348544784164664,16.469071289408003,503.26161369879077,1,1,487,0.5688273913257211,0.3265491974011141,6,1
0.3529585034523566,2.3681306341055004,2.952625901180369,14.914822731028055,1207.0875320016107,0,0,243,0.9637042388515742,0.7526774686385971,6,0
0.6212924490496101,6.835322384052791,4.897517716911086,4.160933085325384,323.03502973502094,0,1,207,0.4358058300435874,0.9647948623451268,9,1
0.3340499656687692,7.7679547037541115,4.096848140723095,17.522795693680145,452.86560354089875,1,1,343,0.5911301710525927,0.4198347207211047,7,1
0.7326990505902804,4.837489231467108,4.617617297176388,10.51577687071093,1198.831873298995,1,0,86,0.5074077040544556,0.5919783021467022,3,1
0.4045273855738697,6.2537238558055845,3.850164288210429,17.78580044143911,707.1042946248418,0,1,138,0.7038615713985987,0.7028483881596987,6,0
0.06835320030995862,4.671994053459507,3.5356921189747066,6.596556588497586,382.15311178273345,1,0,87,0.3550759445212471,0.615291087113691,2,0
0.7837598424841072,8.962095418726886,4.94295726648749,1.2410210527086551,1011.5760429332543,1,1,132,0.4079514321074267,0.7342643803272371,8,1
0.285758324592706,5.079117969040328,3.95530342704959,9.519519373194923,1125.866605934356,1,0,441,0.8870142810912081,0.5828682676168987,7,1
0.43276687959926263,8.449725348482424,4.667183956997947,5.396752096357553,275.0997352307967,1,0,38,0.8490689790882706,0.4039528903153443,9,0
0.6854438832219015,8.053250171048436,4.883230990915725,14.304585795525963,487.7723639649078,1,0,175,0.8313517510965125,0.36233105187711895,8,1
0.332456157148712,4.222947249213894,4.188386567521648,19.142131057120647,409.78745752112656,0,1,477,0.8167356874543168,0.821110209324001,1,1
0.056585656146715624,2.4548280202032555,3.8723466962966873,13.819483023031278,631.796480267433,0,1,79,0.5675499947692633,0.46703676466533334,3,0
0.3739210470128136,4.179604899085756,2.5087771272766264,17.73867859418407,1168.8228538064902,1,0,19,0.7831126180257666,0.8932152189367064,0,0
0.9444485826943034,8.296930282597158,2.600049101847515,9.060480272024128,1099.191343184054,1,1,220,0.5097638542976943,0.8201190706752883,7,1
0.6417343972985582,2.4307988510300453,3.0021280401277908,15.432814743906034,1027.5334745371856,1,0,336,0.2805676641515842,0.3346172290396532,3,1
0.6714791486672069,5.339476189405944,2.965021079639988,16.860868733434067,108.79976421602768,1,1,274,0.5146997133191139,0.4408477819446146,3,1
0.6322821536376398,8.099748130015326,3.1368969879996134,14.217512551670847,299.0006387325452,0,0,187,0.3269304353823447,0.5043948595916767,6,0
0.1989921389594368,3.6640792562581126,3.262336594244152,10.155545721391292,412.6165687428935,0,0,153,0.5126813445060077,0.7161375741782281,5,0
0.41833386410228013,6.493654442626435,3.4001637338768207,12.517322192307361,480.73818445438945,1,0,462,0.4379401722903093,0.8668789002205972,2,1
0.7509397983633183,2.6071894256783827,3.5513442251721914,14.010139913577607,304.99715830846003,1,0,408,0.67932853365434,0.3422332786108962,7,1
0.10137289755315915,1.2709385646079672,2.7471658461400366,5.061688064428537,674.4417720634455,1,0,142,0.48923233239873876,0.4747262663158676,1,0
0.27785277608971226,7.984965405909993,2.605904829881955,16.191585218299696,205.25281901963626,1,1,250,0.7644717307033428,0.5633468336658046,0,1
0.2763191084658536,1.169892509405327,4.184861122682559,19.006490779345466,1150.031066542893,1,1,211,0.6097173448381195,0.4283640082117164,1,1
0.432018927594506,2.8595376717799295,3.843337062107694,9.30478630359872,1202.809102214547,0,1,477,0.93559382281232,0.6817044682544444,8,1
0.9803687409421851,8.580072335574913,3.610360505550299,14.021343662197548,903.9733654412573,0,1,148,0.2728203482803096,0.6346017355508171,4,1
0.06750254668382194,3.595399013370939,4.086099852920881,14.74051811580708,225.586827858755,1,0,174,0.7501673509130657,0.5215469494358119,4,1
0.518700994380595,9.73584442523878,4.569198518008851,13.244950950429606,1346.1164373654613,1,0,418,0.7379175020560318,0.6618208208442498,5,1
0.17936468201221045,9.801396480783826,3.5692322727905115,10.942302166572711,1451.8901601913603,0,0,171,0.9605012379301605,0.5490750950457797,2,0
0.9706765454097441,2.829105000444856,4.102798662629948,17.63295909149621,383.30898445050514,0,1,133,0.49724149363492204,0.5402358472271035,0,1
0.1133035047274642,0.6015865780489265,4.883930559587897,8.978534185377889,1086.4957472170076,0,0,115,0.44435037576972986,0.4857768677498947,7,0
0.40360100236159124,7.109620185212716,4.599061239653902,1.2220591297320715,1278.71408289948,1,1,356,0.33791475537092525,0.6783065540200717,6,0
0.7378849848346062,4.619667725953769,3.565002026256024,16.891127514243205,855.7809315597832,0,1,202,0.4122308122842349,0.6108807761166288,7,1
0.7045544280274453,1.1873778708038476,4.111792094536858,13.479625446331013,552.6523393374484,1,1,406,0.6015126182041108,0.4374273488890566,8,1
0.42272863689393225,7.13372362598482,2.9426773047898496,16.98517252999293,769.9822011124937,1,0,491,0.8701703695679817,0.30907638262873943,1,0
0.34652416795271823,0.505514109296828,3.901305462237725,2.770948848893886,817.1762510982328,0,1,294,0.42742928278451303,0.40565067842904357,4,1
0.39761237855287057,8.727927566823972,4.953320727846107,0.6150588101943266,660.8918618632391,1,1,456,0.32619369332591247,0.32998422104897746,1,0
0.2642762631586393,1.5587947853103765,3.795787788006306,18.687490807650025,1401.7794910871887,0,1,145,0.417702776859335,0.6021191835469024,7,1
0.2053329387067998,1.4476564117179052,4.819095747975368,2.9545661170114856,1141.4363553195028,1,1,237,0.2807415800227877,0.4575677977386508,3,1
0.48303969755889,1.9215885200921283,3.5183373012581516,16.193046641409037,437.82229915694955,0,1,227,0.941356333046397,0.5943187327673072,3,1
0.2685337560676073,9.610610313222253,4.997112067961578,16.464198843612717,919.7800622478159,0,0,254,0.8980993216177977,0.5306149113590062,9,0
0.2874616648972501,6.993059730487691,3.9480500880688947,14.17410401098006,1064.1648113036345,0,1,423,0.4467933735881219,0.6766103674805968,7,0
0.6567560634745571,8.05344104754364,2.6056724855898366,2.625244221857419,296.2189903829824,0,1,495,0.39759025274549364,0.8067067801520205,6,0
0.9685373316998922,4.09682286018098,3.96688699172847,13.34797249121615,601.7960393322082,1,1,291,0.9243178512519326,0.6355197566936994,0,1
0.6036372005593751,3.4958647295485648,3.1864317391989916,17.78173166653731,1367.7675942454823,0,0,155,0.20141756105676478,0.34337764265739157,6,0
0.07697946706496628,2.497943266475066,2.581203305089737,8.510632896017665,894.0423402592821,0,1,447,0.6804620223930773,0.31225733699043556,9,0
0.07558361385406698,4.910350677461608,4.5521332617366586,8.270337087571978,403.79684448444357,0,0,338,0.9328030087565364,0.44926181639427737,2,0
0.951423220845566,5.607921588634852,3.1893240924518897,8.857166191588382,271.89871736681107,0,1,349,0.6068459911250823,0.5974772578545976,4,1
0.29729079030733363,6.391393467797004,4.4913713851162465,1.6454378135241288,825.5176508648289,1,0,441,0.20237356767970713,0.3314335200390871,7,0
0.09206698608247543,2.7197613391872064,3.2205439573896673,17.84051138059947,866.7600122408018,0,0,421,0.37509714350812456,0.5294136633879223,5,0
0.5990445871503816,9.496809992849307,2.9858158846844356,17.38365727961021,568.1802318964573,1,0,242,0.9379532751135473,0.9209179955266067,7,0
0.6236487782902661,1.8636332824299313,4.934838935261069,19.958186435805725,982.5824397867659,1,1,206,0.21361793934386342,0.36301331529651854,4,1
0.6485048201186882,9.66340111271084,3.404113319387549,11.70366282996827,196.1585607071442,1,1,427,0.5158238128505612,0.9639615568387014,9,1
0.2674020278575413,0.34559000057353717,4.003440528607901,15.023832729027715,303.19557057259686,0,1,253,0.8317957810663825,0.8996702428563836,8,1
0.015110684214475034,4.915031779805087,4.024953732036179,4.053438126146094,864.7833494157629,1,1,459,0.8704727949480027,0.8822468092094771,5,1
0.9650153694544719,3.467004813542316,3.9011837054337546,13.350576364483391,186.54197138223554,0,0,257,0.5820863461029361,0.9045609576134037,8,1
0.2508930456911025,4.601409456516458,4.786739358803036,12.994656975147814,1333.2722709875409,0,1,72,0.38598700138628206,0.35603518567708814,3,1
0.6760262880525475,5.7925128740117335,4.186102678417171,18.02417471683225,299.0049186391235,0,1,34,0.6797637741489272,0.4058176657850877,1,1
0.7066298698787096,4.468773748524549,3.5093325102623254,16.615854456781484,1043.4878237183511,1,0,128,0.4110224252458412,0.3940606985927575,7,1
0.6100074170794857,4.265499132955631,4.655950961310685,18.769329252355263,647.6848184001954,0,0,429,0.4042114063967331,0.37786926752596317,4,1
0.3129073942136482,7.380689471050405,2.952657247789911,17.37666945403215,659.7028465591478,1,0,187,0.8460798107176106,0.5293978536725604,1,1
0.27109625376406576,6.921587495847354,3.8605918940260437,17.37387789797704,1170.8453400556014,1,0,318,0.3234126682372905,0.881151818065369,5,1
0.5976682827027031,8.36605856395131,4.876375929859391,1.2744665337743655,799.2469878420795,1,1,94,0.20441718272159265,0.47637350054186045,2,1
0.8660956336116915,2.6495980161470567,4.0634940747010315,16.919239053919117,1115.9176491014127,1,1,219,0.4694201736046793,0.470955175294582,0,1
0.9467337289233956,6.173379395589824,4.5424211261871905,12.149567890062363,807.267720253877,0,0,300,0.592779163996024,0.7731221301944293,5,0
0.10590580440375763,5.934908896849969,4.133901813862982,7.6088890353192244,930.0674779673687,0,0,124,0.764064313516259,0.36784757149570196,7,0
0.15482861259771985,3.82343054655235,4.598427158844726,1.1302924877612464,1165.0004790175299,0,1,184,0.824892206083431,0.5521959946533468,0,0
0.9447362587830797,4.963363910646273,4.861219699613109,13.553475495360933,950.2322400897855,0,0,36,0.7308153689069041,0.5067984147909547,2,1
0.7365352283347926,3.275065004396142,3.182304318831842,6.564035010752349,961.861153144304,0,0,262,0.7012071042535413,0.8931106048905948,5,1
0.8829938248297731,1.590075096646455,2.924152703141797,9.355525299720695,1204.9074279986323,1,0,109,0.7325989778555482,0.6601508943378219,9,1
0.20263263413534316,2.295251864494782,3.70997687583135,13.634568741102687,1428.7215421471226,1,1,399,0.4172212140648792,0.7525314948853586,2,0
0.5875858711094019,1.2340337347317707,4.254656067060539,18.23549094048286,627.4026155094715,1,1,177,0.5058890583716542,0.39032403674436467,6,1
0.7011395944174736,6.894081836863217,3.06797813295554,16.50873831209997,907.9640201163318,0,1,141,0.6931492007996516,0.9502427823891371,5,1
0.6801118854469727,6.675128452469686,2.510253626075418,9.011942582071997,220.78242082696386,1,0,480,0.2524565282831783,0.5257165078875732,8,1
0.4081516908666981,9.515942441482753,3.3573377895917633,7.755663148927578,602.3254327964137,0,1,133,0.4362602800542845,0.794787186490213,5,0
0.015394891691308477,7.350848453742965,4.922148338669471,4.795594776880949,676.8689162451403,1,0,444,0.5251351558061225,0.9682383259408804,6,0
0.5829260568042631,0.7100492198100883,4.237418651514616,7.448535023519365,1269.3322435536713,1,1,148,0.6267525462831488,0.6560542031312018,1,1
0.25310153917960876,8.86560270450375,3.50331360985306,2.220927745837966,818.7493629759475,1,0,393,0.589185685888769,0.6552746811136989,9,0
0.45025424614289034,8.654216596868112,2.981440243367101,19.42211016729509,1123.492922617841,0,0,287,0.774505502523195,0.38207459649091635,3,0
0.9575810150838173,4.544539143572448,3.3902241843868675,11.478348879191579,126.6103600359399,0,1,389,0.5787413403331689,0.5731928894961904,4,1
0.3990353176424347,5.941457895173632,2.92459858325312,2.556116855904258,750.2897374796419,0,1,257,0.9233039870599911,0.8967254572170749,1,1
0.8398016066644267,9.765567658230685,2.7657645532823785,7.0561201853181155,1361.844731229018,0,0,38,0.5042546737219339,0.3945745549692638,9,0
0.18854060574925113,5.41658276571203,4.766855931431385,10.94078287241312,414.0394730280991,1,0,304,0.6202973649409251,0.9422528913924602,9,1
0.6724604980250288,9.07215391808568,4.994125845938684,10.657712732817393,144.1310594299581,0,0,282,0.20256831168162145,0.7671165900706596,9,1
0.9770069544389435,1.0137798265398272,2.910286098989476,0.7100673743726471,706.772227198867,0,0,311,0.4483823651569515,0.5946718845413268,6,1
0.10189310087293679,2.072308313345092,2.6363063971956993,19.01682068458223,1086.2045489066336,1,0,13,0.8932583818511939,0.6825488929679601,3,0
0.008319942227192012,4.5193984457249154,3.324327767865531,5.5075136294988924,736.2489095780574,1,1,406,0.4668611156770333,0.40534762541569064,8,0
0.43358279263261434,5.9306167217055865,3.6541479519035382,0.32369337863782377,743.9696389157722,1,0,358,0.4025490666659696,0.4522383051964116,7,0
0.0926254830513672,8.199032948255443,3.012053117689636,1.5288801790056494,1037.7270577336474,0,1,373,0.6348295699537774,0.500485898946671,9,0
0.7483843496762314,9.884968728403232,3.2535622794963963,11.60389806495954,456.1443315962686,1,1,377,0.262984078753658,0.5693922827220901,8,1
0.9145486638485589,4.0107446654463415,3.0021768392291444,2.7557104135019372,1152.6457082987683,1,1,468,0.6252841053203194,0.9408653964950893,7,1
0.43402097270875883,0.6646732341728323,4.435651421081128,0.8344958570700656,314.3589432680268,0,1,360,0.44293263859375065,0.5572983174756099,4,0
0.25871164215544096,8.051480732294184,4.281444858118152,7.592529328254227,654.0508474003828,1,0,434,0.5064823118995101,0.6666846682703547,8,1
0.4344033190066098,6.12293104701152,4.087378789402454,12.455223846803772,1018.4113518592851,0,1,477,0.833092003469716,0.41341831299248955,4,1
0.723447817850001,2.1457200169083763,3.468044642698012,2.2367960968322476,1259.7166101222767,0,1,280,0.7295712148912947,0.8151812407364494,7,1
0.009054161580370979,5.049318874889918,4.77260235328559,6.266556643026311,1208.1434996310775,0,1,52,0.5568848744990743,0.692196594346691,3,0
0.5894539894846972,7.4746404062305,4.92383135383755,8.355213432490844,1110.359839030777,1,0,471,0.6620130504679516,0.6079352205883604,4,1
0.6132916848873791,7.75003551327271,2.93409828156353,3.1892019557353435,602.7349369509475,1,1,10,0.8134870042561835,0.9630305258907355,3,1
0.6376882468959355,5.096260437587868,3.057531603529695,10.121477969334203,271.22604281121335,1,1,162,0.7966269961569508,0.9234555908992856,1,1
0.2420220799808772,3.1911023952628197,3.814077570000924,1.704281738035418,403.56790477018683,0,1,182,0.34825736844094274,0.761657890641148,3,1
0.7140527233781268,9.742677303977237,2.7281264232056133,0.9303699269013732,1310.767340407079,1,0,185,0.4407353775993638,0.9452686843095688,4,0
0.0913914863317764,6.700953587373631,3.591120997057782,10.396707343102696,1300.2639181857232,0,0,451,0.47858954477282023,0.6953472564531508,5,0
0.1992703364668008,4.2007276895937276,3.9544781619442753,4.957939455017513,1432.1851935546222,1,0,36,0.35003383200400356,0.8788560062006867,3,0
0.8774700466544819,2.948539597205594,3.805183927843333,1.9074761579605504,206.38411265375825,0,1,483,0.20972916320504337,0.5866221149296303,9,1
0.7387231507265664,7.36480923343491,3.327271457695065,8.478251749752646,851.5327193884385,0,0,460,0.33917381503104976,0.3607209339435633,3,0
0.013745554011345251,2.573397766818924,3.856114515193017,18.302814790347895,1008.156262865927,0,0,8,0.8465954616651898,0.9959040126703766,5,0
0.2483762603698002,1.8827578919421442,4.89700238564712,14.483848933083099,1094.9203278935993,0,0,27,0.6367363611139769,0.4159420645786007,6,0
0.21440648299316456,5.39237211182829,3.0150435107284403,16.31231830694055,1001.4085290146023,0,1,310,0.4733264215897447,0.47605702748129247,6,0
0.2708063280369726,3.041876447912591,4.137078395985009,17.43827977517273,1178.015945863195,0,0,173,0.6866755565035718,0.4141723725973876,3,1
0.2475597702798864,6.363270420251428,2.6084917353901296,19.452554827928378,603.2602068050783,0,1,463,0.7918673002774335,0.5362356625851216,4,0
0.06252629574284574,1.3557990137674882,2.6660410112035873,15.26493147028346,351.205880989675,0,1,126,0.48354222641669015,0.5024960936084371,2,0
0.45894051659682034,6.618422824759752,3.8795705605589625,12.168158438789593,386.41672101061397,0,1,69,0.5728598732279796,0.7207715739844645,4,1
0.7327334747861651,2.9763059743774822,2.7623479508198736,7.308517606044944,116.77016525823007,0,1,282,0.2513705733360925,0.9975220100934992,9,1
0.6067317247174364,0.20238075745822479,2.555866971067143,3.6328647311543216,590.4506209487113,0,0,265,0.6776724289699834,0.3367563388398979,4,0
0.6728716685980798,1.4439733652069284,2.9287824941200555,13.733197479665886,228.4416712319682,0,0,150,0.48512567644174776,0.8449101793053253,3,1
0.08114917853623915,9.349430702783922,3.912122927498936,19.898999722438838,550.0841699062672,1,1,148,0.5468189180806302,0.38959434708454055,5,0
0.9514907101767872,8.700075463330506,4.2583523862973305,9.34717369237838,979.4941080327469,1,1,217,0.5380804943575398,0.31388451724255095,4,1
0.8384918338430248,2.4893685139551214,3.00619641035345,14.473587361856152,1352.2692778215478,0,1,428,0.7059274309940342,0.7470037740809863,7,1
0.8050903184956627,7.828044664545814,4.170648593020436,9.901848999863123,1275.447631386723,1,1,125,0.6579722791635847,0.9113206602085571,1,1
0.8229838050417675,6.164001613104948,2.9561908277480735,8.638668467269532,453.7438967406076,0,0,2,0.5376848382212545,0.4234089546538767,5,1
0.9327105081327614,9.71486617220872,4.033643566578142,8.206112271198302,287.71639907726575,1,0,186,0.21356401719258297,0.5391296492493631,1,1
0.5442539661136977,3.8613354634337798,3.5298991997394973,10.092493658633952,370.3011833154238,0,1,42,0.6967700917051034,0.418125142956154,5,1
0.2002820178676259,6.878314002668279,4.134498773334042,7.3379132373075,1459.3813126650496,1,0,98,0.9036619792274616,0.934555298512042,3,0
0.6167836078525412,0.8226500797544021,4.987631881198118,14.975466436436156,869.2642715596871,0,0,262,0.8156412572751182,0.48925230269268577,0,1
0.742881493667939,4.083223998800778,4.844542413081404,17.48544053183033,355.50311220080476,1,0,410,0.9852925058000659,0.6112990239842717,5,1
0.7379173933540254,9.645413079644168,2.510704394590259,17.657706132903684,1277.0446165615413,0,0,189,0.31126027041657073,0.9263188933981548,2,0
0.5214490241668801,5.482012569611182,4.713596910905764,4.5539742685165185,653.2677420375769,1,1,41,0.37801604223028296,0.6870084426338703,6,1
0.06845871933357806,3.0212191326814772,2.6662269879369163,17.918182774629816,1358.9110127646184,1,0,96,0.6314139721775833,0.952994860538094,2,0
0.3711129384301278,1.3786554386603471,4.882616465399613,6.831024637102101,464.94797756828115,1,1,259,0.3887053618750452,0.9485152902529272,9,1
0.9207666084633573,7.094577733778999,3.2045641977492116,6.1861533097059525,650.5104623259306,0,0,217,0.22763982502535188,0.6231207139256046,3,0
0.584448909757426,6.519589225611323,3.4550870760281773,14.535121147964718,806.9268679061184,1,0,445,0.521830620931157,0.7076678289133593,8,1
0.5383319432557134,3.8645993933169915,2.7290955129393195,6.093926801725789,1349.6614677246441,1,1,135,0.430115787323186,0.4612199915990558,6,1
0.2688535143821935,9.519225248285176,2.780681895822274,1.0593281121942022,1316.2604042470782,0,0,339,0.41100867652710626,0.9933750731608142,3,0
0.3684489199165789,0.41758756728093316,4.316851413073299,7.47235544620616,904.0970984254291,0,1,144,0.9625382536193989,0.4948216622882564,1,1
0.8953460891531693,3.1764937459918934,4.860830589370729,14.42931200716698,410.4857136932469,1,0,4,0.3907632930123597,0.8483148915866658,4,1
0.6664630475268357,9.226480965735897,4.026871237385774,6.53916840540353,664.6997604330252,0,1,446,0.30354605694991826,0.5190783421086581,7,0
0.7873870267523329,3.345167295530516,4.289625038817028,12.59118111990293,1465.8862915117077,1,0,368,0.30025540632628095,0.5191295834628495,1,1
0.45434542306765513,2.6720777717806703,4.404924361492884,13.202388885262607,950.8825134283629,1,1,392,0.8450592587908234,0.37270404869066226,8,1
0.6302472194561579,5.435360017326224,3.157035686382354,14.674720234527124,1193.5368571738754,0,0,135,0.7718784596213923,0.6919270675576058,4,1
0.24838360874320753,8.273257149221271,2.613074077300537,17.94260932621873,729.8105735059876,1,1,6,0.3035889564536498,0.47138263668974645,5,0
0.7054608302834863,1.2108382566079383,2.5046818597979215,8.651289985368628,844.810185653529,1,0,36,0.37580249508862906,0.4038763304303331,6,1
0.4276013337033373,9.441602954528214,3.3766232073850464,3.3286415332491415,700.5357571255618,0,1,483,0.7978744067548242,0.4586666861617134,8,0
0.4425455148147456,7.991714235575408,3.1036605704980404,6.378514308637788,1084.0893972867552,0,1,310,0.4196931182676913,0.4757652099448209,6,0
0.6493223245768817,1.976252504405209,2.655794312622964,8.643345103479717,1292.0594194416283,1,0,66,0.9852336601258818,0.6528584192836402,3,1
0.9362806214689267,7.177678019741995,2.948820731234167,14.277829386562262,810.308960514389,1,1,391,0.632456053296727,0.5701461255888935,4,1
0.06400634660862092,3.9725954818480607,2.8112472456698696,0.26244251123267004,773.214442090716,1,1,324,0.35360637632807057,0.35284319671537206,2,0
0.8247432373470076,4.142487845147923,4.787195951543426,6.315707668797579,576.4010539377557,0,0,4,0.8870467636101866,0.6752200080271027,0,1
0.2923831104121931,7.876242905900892,2.8506680336479224,15.596851620386335,347.93537201171733,1,0,272,0.45558043671778814,0.8514232161121353,2,0
0.4439194545063778,9.635291118211175,3.8441211599691982,13.417154066613907,1414.9468120251524,1,0,366,0.4310458840515023,0.7019646126257967,0,0
0.021913328775008956,1.4412275539025006,3.9827648877804114,14.634799471712103,542.511606151307,1,1,57,0.4619529867611988,0.9821781765762394,4,1
0.30104607783431303,4.322176321412431,3.8587236442715844,16.236215388783894,1220.9680490039996,0,1,446,0.8145577985784302,0.36940514570113,6,0
0.5026312426301305,4.913227759226175,2.74764108553997,15.664714377559246,1101.4858298024637,1,0,154,0.3385703597727585,0.8748066357306765,8,0
0.05617607734743901,3.887855806158977,3.296995904376378,13.643663323055561,1207.2846403893807,1,1,359,0.5054286242087505,0.6539848689281331,3,0
0.49109572938316515,3.759253412419006,2.628175831157883,8.79323064741181,1411.4753867209433,0,0,486,0.22466621822752836,0.6651166242816596,9,0
0.9271106288584273,0.7122329421036462,3.48917478524079,19.67196657756308,972.719064309256,0,1,112,0.8613012938796862,0.6633699542546838,9,1
0.10539321810780522,6.918278481513709,2.97149732817898,11.381463911801475,1357.1304807348624,1,0,459,0.47257501304560423,0.5277231795353469,0,0
0.7644407280755043,4.474901287776445,3.904081333210949,4.055384187376783,334.7762520772111,0,1,91,0.39853833584669957,0.5271885099681767,6,1
0.40967105337599263,2.1089792659104827,4.232020984622752,5.856257102095688,977.3976063395027,1,0,323,0.6639145939003994,0.742291154649733,2,1
0.655173714524338,8.197128322560271,3.8302996505117664,13.871249119409399,1181.1858580804578,1,0,243,0.7639935070011004,0.33133555976818146,0,1
0.26023659798522936,8.065095331885955,3.5855917415284893,18.49479130398927,480.29758304184367,0,0,283,0.8503168297463546,0.7121502317112625,3,0
0.1594922625413583,4.9666379552711595,3.468333552141731,3.5744025841179505,1137.055321808751,1,1,88,0.47822795639925436,0.8072135027476408,8,0
0.16046261427122643,3.1248164792480537,4.604229420242509,1.6469299149157268,1189.8675607627315,1,1,441,0.8498406801192557,0.5494284054327926,5,0
0.07049194564314465,6.453308712805234,3.048420162663175,17.630620960840123,1263.6631384230227,1,1,177,0.5719048002971665,0.4521498576217433,5,0
0.18564670490124302,3.0238909306185504,4.335545848822172,18.305559578256688,538.0360776343059,1,0,227,0.28091381403618,0.4493708389060331,6,1
0.6642193849889683,2.5128777171723784,4.393705811850298,5.527586906317989,1054.2492262356327,1,1,361,0.8770459861726234,0.35728775734119617,0,1
0.881690611843508,7.359043609458002,3.548000018176836,7.545714487424798,525.9545967736669,0,1,66,0.6381078256836915,0.3628035234444858,4,1
0.8141256855911618,0.5951873492653169,3.2432514980640983,13.203759949957167,1134.6565424978376,1,0,121,0.6819756575579083,0.4166815077362149,3,1
0.6851343098744841,1.128731016139021,3.676353715114938,6.5986004168494965,748.1631312039972,1,0,158,0.9499930157557883,0.31342103353716094,3,1
0.11043186341110267,0.2665241054311798,2.733034814731746,17.54317416540106,936.562124338108,0,0,356,0.6473211879514043,0.48636478526692895,6,0
0.28918744629594983,1.6988432274591763,2.614825080572725,2.1515740542772543,682.1759740027965,0,0,267,0.2044668245423912,0.5144812804735721,1,0
0.309806875322469,0.8761020853625028,2.7790079986297296,0.7596444192039042,326.776097701754,0,1,182,0.8964926728024822,0.9966548773492916,4,0
0.24995694639762123,9.958863204243203,2.9678625786555655,4.16972413485579,349.24134144750917,0,0,484,0.427800864258768,0.9941814163592877,6,0
0.5150056597097231,3.030337705550078,3.7604420508451075,5.7217555640993805,208.5964701669883,0,1,356,0.6014135366272031,0.43093419278595935,2,1
0.5355538148796726,1.6628265241586233,4.622841590402805,2.258531825777501,965.3017516103265,0,0,3,0.3639092820491362,0.4491225106678471,1,0
0.3568859751711102,2.561763328359996,3.0891058299992173,1.3138085868129346,1288.093757134283,0,1,477,0.43758685476397874,0.6443344593923027,0,0
0.353789158736436,9.37403060109332,4.837905026866945,15.112154270035965,129.1715567669133,0,0,120,0.7493190784536272,0.4041490336163971,4,0
0.8285555979060814,5.297570185639079,4.8872697723375085,3.2855313180451473,192.7353029236949,1,0,229,0.5436586808303312,0.6528275857107342,4,1
0.7892928483196856,3.775217343816998,4.897261512113014,18.27844398132608,740.4537892240744,1,0,297,0.7017045044651098,0.5795727933635519,3,1
0.30779583168074565,8.75923628751035,4.59390683669081,7.359993228961921,1132.809030635465,0,0,485,0.8588605530503608,0.5272360237349106,7,0
0.9137884438732593,4.070904651380518,3.4095626019943017,13.412116194426908,320.7907025967319,1,0,218,0.47265761774907616,0.8758236195668425,1,1
0.952815017002506,3.483083985585419,2.6817097775065575,4.508042295376004,480.3118473688714,1,1,181,0.6546720306608328,0.8796823899951403,3,1
0.32674254203004083,2.2313687209874087,3.922046829416237,4.806455369837337,424.80868179453,1,1,277,0.8220703146985091,0.9915226268886086,4,1
0.35442494879305486,3.902408874312233,3.896703609843084,11.494184057351507,658.6717061396157,1,1,256,0.7720985542154997,0.45616167985710754,8,1
0.5056341534219588,3.3035066889658755,4.624939417773989,11.212858502919723,414.9981478245996,1,1,303,0.6318747487854808,0.9217942480006223,2,1
0.9411208125336735,6.837578801121783,4.989977627365263,15.374584560241626,593.6381499626542,0,1,42,0.5067068085818841,0.6764921507717516,0,1
0.8763194331423115,3.037910505773126,3.7703932664003688,15.15626611388532,1119.9596381267218,0,0,357,0.526001584986414,0.7140216019326464,3,1
0.1025679625835898,5.856557514941103,3.3630100775994607,13.413755293273223,955.4129478358648,1,0,403,0.5465081695970124,0.9274052500327683,9,0
0.3927307432714162,0.8457432173133326,2.9647542788906676,8.98261131786982,213.65438754837004,0,1,17,0.4790764231569215,0.959841557464824,5,0
0.5533711897497718,2.074633735625841,2.511999562043427,17.812807725612345,992.8439327440047,1,1,197,0.7592605079117585,0.8087678803904461,6,1
0.50313247255154,4.192571661791218,3.772784231222198,12.451569804425976,767.9080401828988,1,1,176,0.3003322018174638,0.5434897023545867,3,1
0.19386306793689267,9.382102688305215,3.8887966667564893,19.803969809247143,1408.3918045899943,1,1,75,0.9739632965738214,0.6427675927679537,3,0
0.8588167711681547,3.8970694600138156,4.5623461995434935,16.387396358687173,505.02604394567453,0,1,400,0.8231884015772322,0.7305377048378769,5,1
0.6769407829968374,6.707926387758375,3.7614424197320018,0.8861962247665245,1116.632987578824,1,0,180,0.4385304417334191,0.8800480272902678,0,0
0.8379083748518036,2.6998547797297023,4.791170871665141,6.411878141606355,1123.2051522623979,1,1,149,0.23403805541650852,0.7605633937642888,4,1
0.8587642793494722,1.444929044537671,4.070208691428588,11.437514329419034,410.10109341286227,1,0,81,0.7690425379031409,0.5558133316813361,2,1
0.7483558536657398,0.7736586807844914,4.600840595552707,14.429390757429744,1364.5130749593106,0,1,9,0.7874872359758667,0.592516315952206,7,1
0.43921060124971734,3.193052285718964,2.8707543370193678,11.00672995523883,787.6564806014443,1,0,279,0.9708980884220613,0.3353063914274923,4,1
0.6105467550154245,1.7450780626096982,4.638340325755786,15.722608449243635,1050.4367136450232,0,1,211,0.40296444606013204,0.946987502305995,6,1
0.16036540611974315,1.9053023905580173,4.187859636109621,5.653113055146893,304.1977824369063,1,1,139,0.2661800721633791,0.36168330933064524,7,1
0.6736454174749077,7.6554412221921115,2.9255825810958265,3.678241024656501,460.92548378875694,1,0,259,0.9321078061747461,0.7059515534798813,7,0
0.17925325573928075,0.35521309525976735,2.974408895365027,1.078333675795402,920.549965112112,1,0,425,0.4069192276902202,0.9101563168671751,1,0
0.6939495905101568,5.666539232207258,4.816251547610554,11.46627489143044,546.6381757226893,0,0,381,0.7772251578591056,0.594605674660505,1,1
0.22959816075396866,3.9187215298159552,2.5805384011259322,13.771990413509904,799.5700859993628,1,1,388,0.24852771026214235,0.86008784125796,9,0
0.11755130015021997,5.164189999103764,3.6563373582392655,6.522994342387232,623.607279122605,1,1,409,0.8084678439809336,0.8626712557454066,4,1
0.16528449014295743,5.715736324703109,3.283688224835254,12.271683697117533,996.7753153016672,1,1,227,0.3016207177097123,0.3418922270103728,2,1
0.001992135219070268,3.2710034056813266,4.16269359999607,1.0431446170665848,782.0035078931325,1,1,442,0.7564690784332828,0.5885006080115052,9,1
0.7187396178535302,3.0920668298059963,4.59907346892248,1.9858669259360728,106.45391036243544,1,0,445,0.6258744382827239,0.7837178406809304,0,1
0.7324010490583791,7.387338123482077,3.400945303891424,14.035095445169967,1009.5531731235376,1,0,335,0.9643905043738084,0.595647456348218,7,1
0.5149333499132595,8.73851448358734,3.5672552183070927,7.361394104345975,690.9701798702545,0,0,4,0.22953411446187444,0.6816170737255492,5,0
0.1613628010553837,2.0872999980935734,4.9547944612535355,13.426680622060111,578.377676686312,1,0,409,0.4336389966400465,0.7161205332246481,2,1
0.08355433751068975,1.1566638532444597,4.4597912741980075,16.63442240559836,231.80545319651299,0,0,82,0.2556071338673951,0.40586056371186974,7,0
0.01912896643728701,8.998398902641854,4.743010327329479,17.052448749522338,408.51756679308806,1,0,5,0.9033581081917752,0.5883868443039708,0,0
0.1657481769652207,3.6289755437445073,3.5969055516290744,3.443352909289019,413.2812082131948,0,0,151,0.6751209229288861,0.3199242551784961,2,0
0.8908555349831467,5.602910428495579,3.085190509960288,9.72571144702693,1409.5172991666207,1,1,478,0.6279756898863191,0.4047382582367411,8,1
0.24153684170168177,3.7235228162960343,3.529658663466129,14.67853447264973,705.5181646451656,0,1,222,0.3051663136930478,0.658577844363549,5,0
0.35427132721721566,1.432862896191303,4.290229794578783,15.479611925338208,158.89218610123805,1,0,180,0.5912258058504407,0.7015101985571672,0,1
0.10534548448133318,5.975450120487736,2.7735760120899484,15.693519614577552,294.34335514064924,0,0,262,0.5189629241406524,0.4023640846141636,8,0
0.22236130474817029,5.346380347342371,3.1761727640412722,4.5633466876116895,210.6457460260769,1,1,265,0.4526014945112186,0.8289334891486944,6,1
0.5192245707802051,2.189336880073733,2.6165897511539757,3.850696354475467,924.4171462900958,0,0,166,0.8177511643988755,0.5610915215096949,0,0
0.6077526830956526,4.628316637592324,3.580869345845329,11.800249365473919,361.2700881935574,1,1,469,0.24902083186675583,0.9444549501793702,0,1
0.24535231416621106,8.01008553935333,4.568614339949033,14.821715954764393,797.9806963944864,1,1,77,0.7173485818897614,0.5713639063137845,4,1
0.05773215922511721,5.986175810457336,2.561659220745027,6.382790310683866,618.0868880179657,1,0,411,0.8583944249617694,0.40486768350282315,3,0
0.39103286912739865,1.1497898052565496,4.188308817017915,2.094103137248431,1225.426928001879,0,1,41,0.9258458262882596,0.8305793210765302,7,0
0.23420337092633414,5.5706106728455245,4.8312396862843485,14.33492765820155,548.6854921715071,0,1,61,0.7967332758043282,0.6974605603075301,1,0
0.21955392322980194,7.086835333037952,3.0923196537779556,5.99395662760009,741.5716753555316,0,1,380,0.42596454308657244,0.5706817177709089,5,0
0.9598628027134553,7.968493376651364,4.234087101819121,3.3272544862344366,1109.7997680369563,1,0,435,0.6804059684189627,0.5491700144025831,7,1
0.6163004859257241,6.365352270615815,4.937754752750501,2.954470567942633,706.691689702895,0,0,277,0.31312288873148425,0.4055382814900897,0,0
0.5568784431720959,1.6960500124996807,4.905695150381158,6.298190950534326,1210.5017504184648,1,1,312,0.2936484989958208,0.538584239226208,2,1
0.4157751035233219,7.159698012583576,3.087322982572858,11.85356131827491,1026.3580987313308,1,0,351,0.7108993137108117,0.32054089868483454,0,0
0.42894433343014426,6.837950091598861,2.7508276330301715,7.168044773876332,674.7407595254024,1,1,394,0.8808861236673622,0.6516813398530397,6,1
0.5409050038380808,0.43938345281820557,2.87070634473979,0.4132370318686318,805.5746959609078,1,1,397,0.25379850055969516,0.9277066192696151,0,1
0.6964298070361072,4.235127142384384,4.255089171205356,1.9381686935562215,1454.0848381790709,1,0,30,0.284802985706639,0.8567315573507288,8,0
0.7021460961818294,3.462912420231259,4.314397188633189,5.810064943972382,1026.2560951117493,1,1,491,0.6524858459434856,0.31996483804295,7,1
0.17169390770544957,6.760238229685706,4.185591404070498,13.194089642941837,1366.9933163612548,1,1,3,0.3745694888154722,0.9168822283877627,2,0
0.500112752076627,2.3181309606470233,3.3401959693555954,1.9703014693706766,350.2619048594901,0,1,108,0.6894544982221182,0.6166273802177873,3,1
0.41195809503410197,5.990544845147734,2.9244423493953056,11.213137070013637,776.5306187432127,0,1,405,0.37163506020427195,0.433624025790846,8,1
0.8705269662693842,9.149418425778888,3.951902729880633,2.397717416480085,1372.1263377830708,1,1,373,0.2931855794448476,0.8266883686507711,9,1
0.6314189212183764,8.018463247644355,3.7092011143946664,4.23230654698763,551.6568860179847,1,1,92,0.6364599857318619,0.5260114851239324,5,1
0.5325040664159818,9.230285814921997,4.322085367805759,3.443770551115255,1454.729877404989,0,1,98,0.8897561104260951,0.47732289619579693,4,0
0.11539464217891737,9.789358475940363,3.6034001967140536,1.3445727114162098,235.9084866631204,1,0,191,0.748097577720424,0.41292288474708333,4,0
0.6056378893234114,0.30456724466039514,3.346599236716171,13.426596347731806,1363.7396383850516,0,0,332,0.8549801100287717,0.6406353348301559,0,1
0.11720390568023342,6.3028645084992805,3.2336964433975357,9.268070947720691,723.2969708922021,1,1,211,0.41306813951203863,0.36537579968461165,0,0
0.33720657556575206,4.245826098037283,3.0286758001243665,16.621068817946764,203.24183119762495,1,0,82,0.9087829210376206,0.8499291903796506,2,1
0.14284196481433187,8.626574005284192,3.1643659404666535,1.9778167996463392,1331.3302296205225,0,1,206,0.5016313396610166,0.6294722036664877,1,0
0.6920736470243689,2.667784079689491,2.7370760971102532,2.894658666761445,452.71629737275885,0,1,114,0.8819581342855949,0.6128834917732441,9,1
0.2062521138361526,9.814088993327747,3.367142527322224,6.1291546270090125,131.15017569331528,1,1,473,0.5769404721189809,0.30129776953706466,0,0
0.391859373188026,6.214338101528724,2.5914245309073953,15.317319738776163,290.1299477968692,1,1,251,0.414286117888397,0.8725047022159929,4,1
0.8956747776187787,7.976666541842544,2.966034617915817,6.115176463113976,1022.7606386596663,0,0,467,0.4082070648214344,0.6449859413267776,2,0
0.2043163833989703,1.0388756176631295,4.3669261115485725,8.168374149973852,1468.9360847934727,0,1,60,0.6541343074917223,0.6079261638609434,6,0
0.5078050639587791,1.9978872706368775,3.3136724716915564,6.032071325943291,256.04699541692355,0,1,355,0.2632082161654767,0.8329694196990733,7,1
0.419271661166022,7.632355995735192,4.17059254244336,1.6044858360205994,746.7272673746668,1,0,389,0.944044955670807,0.3440289843705326,9,0
0.018124041045729733,0.41546791598537136,4.292210438993194,18.78867245792375,352.89117132654553,0,0,252,0.41717079655882855,0.5566763192666426,5,0
0.7927581135728128,8.205404261759071,3.952963356830284,10.970779841423777,1143.051147742229,1,0,78,0.4684998542766843,0.7030137702876295,4,1
0.06904590631459973,0.33670038318073225,4.896744353413496,15.756663763709934,265.2824596665398,0,0,195,0.3866412429929862,0.6224042939174314,9,1
0.4742550209769536,6.639764622800479,2.5535996665577834,13.16714184370592,435.7784478732454,0,0,261,0.20240636844857712,0.42714722291458207,4,0
0.5606782949389499,3.777920418271698,4.346631626470355,10.285085581239501,374.9683547086999,0,0,321,0.7540401894470383,0.5094935553762182,0,1
0.6284264566145871,6.192649556648152,4.89696660985102,1.7935651331876024,873.5276925137691,0,1,419,0.6724423208273789,0.510140390353343,5,1
0.6886316293078756,7.021107788493315,4.655679323382348,12.854670905406087,1322.4577288008852,1,1,497,0.8477156321576926,0.9943795619356588,5,1
0.2532723835227151,3.5562571480257814,2.919731729512533,3.1074071187366425,815.526281618986,1,0,398,0.2328086187607844,0.5283379831646542,2,0
0.009978776658449373,1.2580319914861884,3.31705076562933,8.287663387125532,181.54083388005975,0,0,331,0.9429245157866564,0.4436274437796093,3,0
0.723443662354912,0.8825295039330034,2.9311295996911637,12.582262869608607,888.7445028355638,1,1,295,0.46470955204829245,0.8758460071729024,3,1
0.5356565993475786,5.971573021112969,4.00327090953676,15.644580009442468,1216.529399045213,1,0,235,0.9304558900046351,0.594819878502526,5,1
0.8361177032072488,5.302422466594294,4.280469954948731,13.700903514172392,285.01867622605175,1,0,168,0.28570518565403163,0.6107045861409355,7,1
0.8213883629006943,7.473569889387099,3.2926844234076453,13.430670581092576,201.7957000824284,0,0,6,0.7951364651757129,0.6842223444470161,8,1
0.8433261677878832,5.1954079980385846,3.848766434960739,2.98084418350415,362.9308885805967,0,1,21,0.6634865851458613,0.7169824380837581,8,1
0.48509465997954015,4.339968742302616,4.227301425177988,6.922570801431758,1144.5208519502785,1,0,71,0.4865529722020672,0.7133889202872377,4,1
0.33362839583686565,4.101254346715063,3.553349541527621,0.858245453203883,928.3525873448021,0,1,499,0.26331391674641547,0.3241498056877307,7,0
0.79155820259137,0.4591796454571412,4.635038826138649,14.389537863529291,856.8325155464485,0,1,105,0.6837892078773924,0.8731897030285669,7,1
0.45129411302925493,3.4884605766272405,4.428874838219543,19.051719626348383,449.2718524844757,0,1,138,0.2211519064591305,0.4363969733523866,9,1
0.1834421964034345,9.764997543740044,2.661663859626427,5.282207803581516,565.1312333456033,0,0,385,0.6010256793168061,0.5046394894487025,3,0
0.8549740195614743,8.76084464702547,4.052813247727073,1.7539341832461863,1452.2390181206792,1,0,29,0.6833668606349239,0.4214006640144728,3,1
0.8825598767723473,3.4279050569353338,3.088313877399374,9.511401535073071,436.87531742114,1,1,323,0.7860189978300176,0.8369536602751144,2,1
0.4663097561401701,5.960394969650448,3.893795661668188,17.133964462551376,1362.303592557124,0,1,436,0.9930677073798768,0.7085605948377935,4,0
0.07569972730978747,8.50350810624784,4.892221106582415,11.039483905435594,912.7441062408312,1,0,88,0.4080749708062119,0.8287073069264359,7,0
0.38782608991693124,4.524488500150674,4.6976550113806255,0.9355430038022661,272.6150529197469,1,1,404,0.4579118570987801,0.7573788838005102,7,1
0.8035376594626034,0.3759870647514794,3.511291007787829,19.48544481055892,754.2373294170952,1,0,152,0.4729162774471936,0.3729110440935813,8,1
0.9017740285462287,0.9302025258226727,3.2287846458608835,16.572998199252012,1427.9682043052262,1,1,72,0.7852661694870682,0.5110498430957037,0,1
0.20347274249759584,5.201848669217325,3.0860143610206476,2.631881541030203,685.991837392302,1,0,327,0.945455414604891,0.6550856117130849,3,0
0.06697361202527152,9.700505881623608,3.8312871743913,18.435955130070177,1308.741190705107,0,0,388,0.979458999665247,0.5134615220019545,5,0
0.8773504531328387,6.993453513744905,2.785621133145141,9.013765772103772,459.0001725123908,1,1,237,0.9566490932465033,0.4451127330842815,4,1
0.3894049389788753,0.8949786760979814,3.8731875203206214,7.437959811498825,899.2910125205221,1,1,475,0.9035064061721947,0.9088683783466198,3,1
0.5417609642675633,2.0557365827602556,2.50333409872698,9.221066610543765,1281.3928814827632,0,0,321,0.9927818990565049,0.8234485726507632,2,1
0.9680658120507589,7.758966803525131,3.309624076864612,16.691439137418943,1388.9638176375738,0,1,340,0.5007565814675976,0.5416540423879236,1,1
0.06656472791422285,8.446109647571198,3.0498357845764534,13.189593565735716,780.152714011821,0,1,250,0.9586570559989651,0.835508653840229,8,0
0.6483180074520956,6.253406944648191,4.928046974901955,1.1849690479945507,995.5633430036006,1,1,304,0.8088159699167294,0.7392770329116596,9,1
0.07410542257486707,6.515347062372204,4.318105798924948,19.15208742232342,104.17218309526332,1,0,7,0.33476788762238263,0.30265001354267773,2,0
0.3754689284665004,0.47770701375716956,3.3741334511555943,2.955682669566355,454.5126305187455,0,1,481,0.23637215030176187,0.5661834182081444,3,1
0.8038145451934468,8.319596543898783,2.7321127163265513,14.911359034707022,490.19694524572407,1,1,470,0.3715871662962578,0.5033412494360313,0,1
0.4334722327556344,7.925097040074131,3.79200148672656,12.722730608562621,230.89021631620312,0,1,206,0.823000899430101,0.4525360351941278,0,1
0.9971823539029504,2.7385444122128026,3.0336197033151056,3.750560958931217,491.5730186997673,0,1,410,0.7053575049807075,0.47611257584959144,9,1
0.5590592849466022,7.145031855661969,3.841073864745894,3.4146415222609927,549.5708462813948,1,0,257,0.3794850058773482,0.9596553926028657,8,1
0.3211621526359535,2.305575142964982,4.588405885447232,17.40655187409384,1456.2724553954706,0,1,283,0.7935371635770874,0.640421947594076,3,1
0.22011132590475313,0.5952355783048273,4.039481380253464,8.393898469991942,1036.0433327851729,1,0,138,0.3130577915505624,0.8933961027568835,9,1
0.3505205342861618,2.1711381173856976,4.084471048862506,13.09153028348277,696.407111182882,0,0,45,0.8574731150869557,0.4499520065070878,3,1
0.3725332737595508,1.9505629921921352,3.8525757226570287,10.081420077133465,1483.276244973713,0,1,125,0.8353287807765857,0.4220826597521638,5,1
0.06871367772396098,3.5099303680015033,4.818164081578523,14.547070341519191,314.5252483284557,0,1,20,0.9780607765648388,0.9221527118197368,1,1
0.36957419942677316,4.3008050723194895,4.829756711051508,9.58484750078661,766.4716715026784,1,0,169,0.3202236517034545,0.6469932800477274,5,1
0.4642385197392249,5.183681136677539,3.7818080026838805,5.747598305111367,1005.8870898686691,0,1,31,0.9252903955316802,0.926606487718689,6,1
0.7227377522388047,4.872187979981616,3.264398717858761,7.2676674199299285,177.81288827770783,0,1,415,0.47288213097747084,0.34412019700989244,0,1
0.656729484721608,2.852611138459836,3.64896751469861,17.181553889006853,1103.7984013163664,0,0,454,0.5328478918362494,0.9415048655234153,7,1
0.7087656552291542,0.48587255202592977,2.9663947804890394,9.36069385845454,239.81429409078586,1,1,149,0.5747560503094156,0.5908117214395561,5,1
0.008363681876857099,6.129995897924077,4.090860788295223,4.268986644892186,296.39523203954775,1,1,205,0.7015232425620448,0.40875934119529345,8,1
0.21766739958053605,4.0782993325040735,3.750230839455583,18.692107761545063,323.5653174469177,1,1,332,0.9958106960944342,0.7783678826046359,3,1
0.6616842883998565,3.1269871423979874,2.7582511945332,15.93200912996754,1400.4457573177249,1,0,20,0.6799670424441866,0.8578318783059797,1,0
0.48398936817974714,8.696022219739021,2.9941194527990382,1.1133229211239826,1056.529763193435,1,1,405,0.9413726920323258,0.33316230930698026,8,1
0.005313475668345946,7.518084416421966,3.699079890498817,19.978859239610355,1017.5985015443457,0,0,289,0.4040225616677784,0.9910371820930803,7,0
0.8044946424318223,8.606102374049934,4.718972476797146,13.898533928802046,877.690895050989,0,0,137,0.5187293294521198,0.7879188211213262,1,1
0.7728095732903374,5.050831388182118,3.9159768015777434,3.2053319808117386,509.92839817314393,0,0,64,0.6035996235508647,0.524981394160491,7,1
0.5484191629935626,1.4831262708424193,4.2038375005211766,4.743353625971929,969.245586439092,0,1,64,0.4583215918293366,0.4059056569867734,7,1
0.06646332577627212,7.02297007398847,3.3475713743597746,13.848909624830938,674.2096078440957,1,1,87,0.9814936823714642,0.5747719902747503,4,0
0.7665150495325846,2.2195230433843176,3.9285284826105857,15.59522110558244,303.5826101296608,0,0,322,0.7805468431177818,0.4543959623910381,6,1
0.583713587731364,4.524050757098825,3.6184495565951686,4.780718862996123,1065.4362064588263,1,0,478,0.5831050817460481,0.645907256518667,6,1
0.7819599771579592,0.8370077316991074,4.147824781557902,5.139377077985417,281.4150351018918,1,1,42,0.8010437609678351,0.8473248959432291,3,1
0.7517469923958404,8.288022343745228,2.626438915197526,6.142413897441217,366.9360134296425,1,1,370,0.573953999266121,0.7620912722653872,5,1
0.8030020719578371,1.4342182822655056,3.733250540597398,11.960367296732734,1244.7790365866483,0,0,424,0.21378026189434085,0.6051544333472102,9,1
0.5180080664046248,9.050355569083235,3.239981562859917,3.4363235660255387,1024.1639345752155,1,1,140,0.6345547262482689,0.38326074720603465,5,0
0.140324518193515,8.66945990216326,3.315462653194773,2.08486397769555,983.3876158990994,0,0,373,0.7001481750089613,0.9700098456576047,5,0
0.6711574733796887,4.752911091504612,4.902293578895153,13.577281781710271,685.4838980798137,1,0,3,0.9849659349748494,0.48925936781534063,8,1
0.6204737850519706,7.494808402179109,2.9567370317784567,15.581958795863402,654.7927255351196,0,1,499,0.23263427860849417,0.4944841821125121,1,1
0.7422531871990872,6.270561723417903,3.278113131446492,10.018588088330109,1066.3676528595615,0,1,278,0.6096775659641072,0.7518515552869727,9,1
0.1698810060507353,8.0701412949099,3.774731439327179,7.2766542053677075,1136.007754052664,1,1,325,0.27852380536668947,0.8393567355029719,7,0
0.19497519990028922,4.4316899877019384,4.657567370374059,8.640854270529527,814.2984833100347,1,0,417,0.31919672125676835,0.9889069357221447,7,0
0.8904095172193285,7.900923145594631,3.541675208015926,7.768156677439038,1456.9769420879368,0,1,40,0.6883706711747808,0.9784149824394643,0,1
0.7499777984520708,4.7320768072384505,4.359663202220427,19.199698164753507,1437.9793824864207,0,1,401,0.3852541698131979,0.9396323669624564,1,1
0.9082284887003229,9.42146472085938,4.6409352455370065,15.361798104382805,677.401286017862,1,0,375,0.7993392890360196,0.6047194971683448,3,1
0.7587153211639207,4.966446588086447,3.2750408895546226,4.161744297002206,1248.8711559964152,1,0,483,0.6113589540762182,0.4166687618295136,4,1
0.5971553059903019,4.73366886495055,3.481875458846775,7.683783041079602,860.5749782377815,1,1,89,0.3745703081325898,0.7091298423006394,4,1
0.6541327370278737,7.893704243322426,3.3913905592208904,10.880245827262197,816.4582425800443,0,1,480,0.595033342080852,0.3120795538827376,5,1
0.88912792394001,8.251461379256211,4.582139521544803,12.25971724127377,176.9496859301126,1,0,255,0.20070538152649658,0.4373741872967754,6,1
0.5788067545119405,5.633993320347474,2.610867154884003,9.363677920575341,903.5645946556342,0,0,416,0.8901920349262729,0.3017705777563352,0,0
0.6323913243283874,1.962018572251739,3.2710527220717003,16.202532700239182,1360.8091027884304,1,1,408,0.21014270164461024,0.42637513880007716,6,1
0.15647671600360058,4.7840306633842795,4.198521393987825,15.352120389164634,1192.1873888731288,1,1,307,0.20560791399374603,0.6323299863773792,5,1
0.4739212201161027,9.687110528514848,3.9136087489133566,10.103158372563335,1200.8440025789669,1,0,144,0.6892031545437176,0.5753270177653911,4,0
0.716397111958099,7.579264691784015,3.5907233982342355,17.088587735634608,323.9006540068749,0,1,306,0.9788167406320663,0.5585075954486474,5,1
0.2709426983163654,8.149393518015495,3.849870568053461,15.021790608847718,601.8292259869891,0,0,386,0.8847467874831831,0.8816670047537036,7,0
0.20225418052453492,0.5216898884285532,2.9939614645707957,15.571636974412865,426.4868833103301,0,0,310,0.40161513007156135,0.7724974132519745,5,0
0.31382680822441555,4.785022733814768,3.576791554020026,19.128015588668333,542.2813954378903,0,1,469,0.35733344891814856,0.9555022340097741,4,1
0.24150062799283345,6.536887109844043,3.754257460440873,5.329338824184053,911.3550808912155,1,1,183,0.7008897445067643,0.6117387634743707,5,0
0.21491263703639585,8.334320299555133,4.752972804886504,5.352963247336984,610.697338718347,1,0,118,0.8581101976176619,0.49056077283316624,8,1
0.42485084286808694,0.6828818051111605,3.152087907009941,17.779045113812803,884.9769444499725,1,0,112,0.4896629367200238,0.38587917662334886,0,1
0.9078385138835341,8.553901079290355,4.669571255412332,15.44452746771359,713.9017475844079,0,0,290,0.5458836722936607,0.7704191769796022,2,1
0.5070596467387183,5.574329180070735,4.110603502064954,18.53091082871255,501.2617818296187,0,1,248,0.29239161094220095,0.8892187619301599,2,1
0.18792038081532303,2.1336769116453875,2.5508520776690027,1.2626032064890613,233.56480788722206,1,0,323,0.3222611370042874,0.4286175549832294,8,0
0.07697166938087407,3.3091011212070605,4.311578342248485,12.555141545231931,1348.5738402826958,1,0,442,0.6546812760208167,0.9151269211587754,2,0
0.6961561451379252,2.9629096071652956,2.588879693872638,2.892566762468949,115.92271240650814,0,0,91,0.2821249165987496,0.6683933411867331,5,0
0.38279876443638783,5.402418536027064,4.993452817034533,10.077943965851652,102.31348339875963,0,1,58,0.3616368998367208,0.4008564424986663,8,1
0.8218309465853593,0.706519663129092,4.6815917192279946,3.1149386370688847,1257.5168356689644,0,0,268,0.3877416192095073,0.7500043274312285,9,0
0.6595107686407702,1.7536543532992506,3.243359368850114,2.5615701796975854,1495.5353164561059,0,1,317,0.5551396265709043,0.6640369190760493,4,1
0.7962414505413685,8.164391825082667,3.143528075491764,0.24336690764066304,1117.9439587991187,1,1,93,0.236489571298909,0.3197284831189126,9,1
0.27194603941844875,1.4995191093187485,3.4536027052640224,12.604776247658087,121.38337328803863,0,0,253,0.5998167773543509,0.579470243308637,8,0
0.6923589224610581,2.4872834406896445,3.390417413286108,7.180452333801721,417.36631733591867,1,0,174,0.9429395251152652,0.8493515950600377,8,1
0.2640619846937188,4.643031934920742,3.4308445459634527,2.103765697579434,1460.5517803667458,1,0,459,0.2195709288952581,0.688796627395475,5,0
0.9390684794502916,5.267784703510639,3.295691365298701,6.456755554626197,1232.0459530433686,1,1,2,0.7047878921659723,0.49742878838377136,7,1
0.6363742815333744,7.683382700218755,4.0528335171208285,3.378881829031699,893.5197813265954,0,0,20,0.8686738921212338,0.9500492343677847,8,0
0.3245118001753421,4.583857781328641,2.91065915930156,18.833896630033188,431.6049932165026,1,1,103,0.44996867403934176,0.46644532663070193,8,1
0.26951186229227264,7.9406732861482805,4.614953231115033,6.400097715226963,120.11828829744857,1,1,320,0.3052148360153799,0.47691520485283123,7,1
0.1909265850716435,6.259793809045484,4.531006210078289,6.679070465787797,129.2060616923726,1,1,401,0.23467183008741044,0.5482475423961841,3,0
0.6946409588937278,1.30837744635346,3.691208019638176,16.79716006799171,956.7732089423173,0,1,268,0.715122447548642,0.9261765028792899,7,1
0.2187156129979273,1.7320480962498181,4.631824913196369,12.955115225720084,130.56462689339236,1,1,454,0.6417875041832547,0.6553377767978614,1,1
0.5953032659274891,4.482930509407755,3.1178626750757332,14.203432148060028,1491.0821986955218,1,1,332,0.3834359907135981,0.7775253414580802,2,1
0.26463502692535734,4.089516052272589,2.5439136392599173,12.720036079779211,356.73736689123336,1,0,208,0.8652938461053985,0.9833849207571963,8,1
0.6619689447938686,7.486733842445488,4.048019812574557,18.923925678971308,1094.9903066169882,0,0,364,0.7884050817218748,0.8483074078246551,9,0
0.8149397285405392,5.891223970014049,3.6447735174117883,4.140016631160903,317.0836099773788,0,1,95,0.42114302798942654,0.42082008305576524,3,1
0.7780252431446532,4.003704193822044,3.917911365739677,19.780784835115913,856.1307895368003,1,1,92,0.8026904182917072,0.8518477503279835,1,1
0.7608513309307817,1.8734507778137792,4.748348522546007,16.619123551130265,212.85580385270458,1,0,44,0.3959953708006181,0.8238360044582131,2,1
0.18772240569225207,2.4230036027898527,4.924813933914859,11.779451777526845,1173.4897943465405,0,0,61,0.7402139694930887,0.4628318961340579,6,0
0.08838494698451871,5.8399099809967785,4.086132849389008,13.247432487924979,918.8895326147615,0,0,29,0.29483603285910354,0.5277448816213312,8,0
0.6989488284873856,4.349700288017966,4.410138974631096,12.97651753001228,220.63337076198104,0,0,458,0.7537915706665659,0.7970897679041538,6,1
0.3683472137943513,5.246289586834587,2.7095210837179105,1.167924481183078,1288.0206648800076,1,1,269,0.39101953518580823,0.466875165847501,7,0
0.4323462264033473,1.87263886596189,2.901788962228764,4.360329970638772,865.8260606873828,0,0,436,0.6579754833933713,0.4457308083018335,2,0
0.031149092793391064,6.696481272976746,4.333012012382442,19.229417690494984,1390.2292340186452,0,1,9,0.337971093481506,0.7924309404912318,6,0
0.2595764492750492,8.554879660388476,3.578413640970005,10.687288577187585,1383.2727231493577,0,1,455,0.780773558054362,0.9164168449738344,0,0
0.03367640387446402,2.727807166511626,3.6149131760110143,7.567072065238241,1388.7109052812154,0,0,414,0.24870365951444137,0.352511677835484,5,0
0.8791857726012476,5.016839413151901,3.2715192040885914,15.2407692677815,208.89928028065515,1,0,5,0.33233422944217506,0.6121354146806789,2,1
0.24339668321853047,9.760167824404837,4.01839095869436,10.49037885311619,269.34086645633283,0,1,466,0.3473091838966692,0.7250226542303054,1,0
0.557337169573008,3.4657690573971314,2.9629126135405066,0.2632554286379518,1482.7881336026771,1,1,374,0.23307486868319885,0.7733937500824475,3,0
0.03897932066113041,6.03145418025286,4.067290698284739,14.724751934302358,782.6411499581884,0,1,18,0.7960100129281966,0.9973371386623802,8,0
0.6668473913056581,1.0839178619623948,2.934497142838099,14.644351201057226,433.4996739608067,1,1,11,0.9847620037919462,0.7778843722217045,5,1
0.32302734575409386,6.1389470242985436,2.659565086774284,3.302974242199488,1177.530283898121,1,0,372,0.8227182307293459,0.7341078790980078,8,0
0.8979191869576658,1.0783913783852557,3.3258942217476526,19.133201768484266,469.9993096974748,1,0,191,0.8885055696979165,0.9928139066163013,7,1
0.8881181889340358,9.600507266173455,3.0778508550246193,4.478162630822286,1118.1019632260993,1,0,102,0.20480612827062172,0.34246769826472867,4,1
0.3252906183617478,7.213493990308653,4.722479096390831,9.154987347643985,1272.2000889896656,0,0,369,0.29429597101967464,0.3521058273071688,7,0
0.9009608956904679,7.923965923729924,2.6373836346715667,2.2947192252182935,1197.9687282133928,1,0,249,0.64721627143589,0.6924777684968589,1,0
0.9961576734987788,7.100222735562042,2.9415342314353072,12.065646389011768,483.66693147710953,1,1,243,0.9822951078353339,0.5510652300447136,7,1
0.8254156641239481,5.979344553549365,3.8717990139576237,7.50902240114425,662.2660037109318,1,1,337,0.728570344838563,0.36768825962293916,0,1
0.844871347755229,4.609145254637953,3.702667977118684,7.06346924419411,678.5514045265869,1,0,438,0.49930935499046214,0.5145142272649534,2,1
0.2490087361090899,8.612059121658412,2.614630045936754,16.539537544418945,787.7820853462606,1,0,194,0.3169194443851674,0.7720481411853508,6,0
0.5767023988577563,9.576989541922018,2.518131070037861,0.19123425700956487,334.32199215619045,0,1,264,0.32226855550612066,0.9164304745806411,3,1
0.06725591396736785,5.090554494459997,4.970169854902874,15.95893541784845,733.4580705800794,1,1,133,0.49020256185342703,0.36602713365958794,6,1
0.09491793682166971,9.329043481721568,4.147086750897095,11.428971314961574,815.0961867216716,1,0,384,0.771048157875206,0.6781015437388729,0,0
0.9988926120332906,5.916662517887472,3.413515327253892,19.721970269603982,844.3925952134734,1,0,425,0.22545543281992853,0.5072808953574953,6,1
0.32663924942591094,5.476165031585046,3.6760806191581032,11.78886441208498,1247.8606019782414,1,1,487,0.8817420731693109,0.7671283143056644,2,1
0.7481839120488464,4.653930782962496,3.1663753011357176,1.1075826829591584,824.2682978712933,1,0,348,0.9532411485518446,0.6846160461202548,1,1
0.8066650530268165,2.251020062995175,3.362184459233024,1.0129065288745265,423.09749151914525,0,0,438,0.911053168424665,0.9486977042155256,8,0
0.8580232710072292,0.23645267601698006,4.122611168170534,17.66305972743664,1028.380233541862,0,1,176,0.9304215275175145,0.32637872086492165,1,1
0.9976282974021565,2.5667610231894007,4.707029497168427,16.82428291022106,1216.2398017212752,0,1,354,0.212271423534611,0.6290260924580989,2,1
0.24149648525686784,5.195287081714939,2.960325057702962,6.917801511640464,547.1203330135664,1,1,98,0.9822338527599166,0.43493168874549626,2,1
0.04035082685969971,3.9236075321455752,4.600903763463297,12.360649683622745,1003.4283006246472,1,0,29,0.4930856919122791,0.6757471960649719,3,0
0.411191517994586,4.595155234425811,2.8038915737956724,9.791827141112005,305.7131943244177,0,1,290,0.8954248946921399,0.89750554084679,6,1
0.13008066982894695,9.810352551727686,3.037480558970978,19.343281102721043,578.6968264092897,1,0,62,0.3494470965596913,0.937921569450241,6,0
0.022425889162055124,3.6326692325594108,2.592938220124115,18.99921801753783,1372.913501369488,0,1,486,0.5572205941297895,0.5787621642520413,8,0
0.3604268271414861,4.631392805729058,2.8520296552324984,19.67678017081549,1375.8314284275991,1,0,405,0.23533151089918133,0.868246366286078,9,1
0.7837382510752364,1.5084524032576319,4.793257863660126,17.328975612685284,905.4544102402891,1,0,426,0.2320607974742618,0.4963556523078538,7,1
0.5661806912250709,0.6699857778824789,3.6485968665459465,18.191031815502026,1083.2920452111493,1,1,27,0.9546208806157106,0.30441346242342643,5,1
0.31277798921035405,7.799013243006448,2.694164654445884,4.345575575342728,1295.6215812883179,0,0,145,0.8484852900232314,0.8986673402660781,5,0
0.6543420054927197,5.792695115705391,4.899317095097404,16.62013577979549,1441.9744594376773,0,0,287,0.6238608355310347,0.38358856968463023,4,1
0.23201818030881072,7.654907099230172,4.697480769396625,14.177142264085493,785.8410164056772,0,1,68,0.6203665388516303,0.3123277863540639,1,0
0.014381446072085025,1.668655429088206,4.386706302170353,19.255730176561404,886.206031276448,0,0,437,0.7990036947809491,0.547658364357564,5,0
0.7643533864364274,5.803921957590371,4.833681979868895,11.425236568852387,681.8981933069623,0,1,251,0.4733350252563921,0.5655659927374701,5,1
0.6237430848640091,2.6856962485454807,3.0503235520894103,1.703343334211127,200.77471187900025,0,0,161,0.8094954206895617,0.35405411954059074,4,1
0.76230262450096,2.4350058056201958,4.590923232525216,11.94797782374306,691.9248614283458,1,1,414,0.588006703994618,0.8699278525391296,5,1
0.03893801668766561,0.31295493771925553,4.224977990885765,13.731618560425755,1206.878275136308,0,1,109,0.710333922329172,0.5839149111458334,4,0
0.8371196278306522,1.4773390909769046,4.674398123919221,4.406420574248566,1226.83969718814,0,0,352,0.9718635600825183,0.642946529638716,3,1
0.6195262000363033,3.230827492697015,4.492278914356574,7.882267670254568,1349.3279604306197,0,1,131,0.5770524460162092,0.48523768756698216,2,1
0.5633953507126401,1.3454118537912028,3.3662376579420625,11.9700682810336,172.0533872463567,0,1,397,0.5347237277971602,0.6580547266426184,0,1
0.6246140481145316,9.861412716027187,4.435996342543139,7.482114746330111,838.0164254128874,1,0,270,0.9245993391530869,0.8367119734321335,3,0
0.8644332468683641,3.224599955534717,3.156140757462226,7.498954344773279,250.39428311190676,0,1,187,0.9220643959330752,0.9343279008503618,8,1
0.5869365065589071,1.477174677682816,3.321480407570137,2.661732783455948,381.03905643204064,0,1,19,0.9939349615065407,0.9793707205146045,6,1
0.5809503798881793,2.151006665713986,2.7697642930574404,18.81493446155332,1360.303103332849,0,1,275,0.6406903994466473,0.5987067472209547,6,1
0.9906791570657658,5.95949163774647,4.837691539951171,15.00988768990193,795.5077618015741,0,1,176,0.4754092328212822,0.9930237011379213,6,1
0.756730167068568,0.8276265338749274,3.2275084085007038,0.02486877732204018,1161.9628892552591,1,0,98,0.3923120505421629,0.5064689982058769,3,1
0.4422938054511353,8.651854475383338,3.8015561629286294,15.312265680443303,190.13774830015313,1,1,246,0.22727708556132944,0.3048831546995421,6,1
0.7073970000329277,9.622696856524044,3.4783320911654814,14.795899853157175,683.5571054947928,1,1,323,0.7813828993687084,0.8373319307283442,1,1
0.3892304716917885,2.618124722540333,4.899820301458754,0.19461920311045988,1043.9363929300728,0,1,17,0.3867809389883574,0.42490495397883904,7,0
0.228875462483499,4.610933632190422,3.337622927346206,7.392085952275291,286.76907378949863,0,0,407,0.6853127081805259,0.336718386686704,9,0
0.5968518768877594,0.4169176200890713,4.446364553556723,12.134953806510612,556.1450307479564,0,0,410,0.9332738922915165,0.946806245818389,7,1
0.9281820981139515,6.478960202326771,4.63854038657795,9.055013037160718,190.36692703343653,1,1,288,0.9601708859156215,0.8542675813478908,8,1
0.9291395200154627,4.256475368915371,3.5890162437024147,15.559722374410146,1011.8759172173146,1,1,124,0.20352810718424827,0.37186536107677937,4,1
0.3419052781054903,2.8465729677952463,3.445429536132328,8.50916665268868,1459.247762681366,0,0,319,0.45366002510108516,0.8438371066690331,9,0
0.527677466221695,2.2270036840427636,4.36936455233157,3.077259389076741,1257.8636875999616,0,1,152,0.8699024235721815,0.8907997881988974,7,1
0.2116358985698612,6.609426161055853,4.782239950765585,19.528312485476572,1464.4723635305918,0,1,68,0.6291561642812282,0.9337111656277997,1,0
0.9956311094988834,4.278926904116682,4.387329332680595,4.840799855520932,1283.8467131377552,1,1,145,0.8460069867857223,0.6805858472264519,9,1
0.9811179078679357,1.960661032493138,3.067815913979664,14.353846210826646,1297.27412867577,0,1,44,0.8826586262703504,0.7923884493696671,9,1
0.6495089297074473,6.953268998570876,4.720769368594263,2.863126233281439,908.0480735198796,1,0,365,0.5541009759530582,0.8335674952727077,7,0
0.8044140596774734,5.737708373759599,3.4689541685920826,6.580252275678653,825.553235978494,1,0,19,0.48718635041982844,0.7820472546092747,9,1
0.7151001612837,8.614986138309062,3.9405735294448356,8.840552168608475,668.7559729989587,1,0,290,0.5643466128404204,0.7527835342139155,8,1
0.5931582190394682,1.3512638089896305,4.578589048231778,3.844640090541278,1245.332853064232,1,0,246,0.7222361620994131,0.6832914769445185,5,1
0.053347996988897695,7.899532699055671,2.9709869185012305,8.99919152737219,354.8946571892344,0,0,389,0.4937273223094547,0.6354368179368985,5,0
0.45476434255266107,6.800464510809139,4.461275339193882,3.143256459835,178.71488215387046,1,1,346,0.8199906309582021,0.9972875136953814,3,1
0.6747863021674105,1.3271071809153587,3.990406994776694,11.180130779717803,1427.051351758545,0,0,475,0.923194234948018,0.5362925462955095,7,1
0.6775316138836847,7.009243152742863,4.73335410456902,13.27426505040388,105.28945928486789,1,1,202,0.4258489617269812,0.36178813931118403,6,1
0.3731226184223836,4.5271634310223385,2.9299260046088573,1.2486856805602153,1467.5610506261926,0,0,8,0.9719917153393915,0.8355258755025392,8,0
0.9416919866580306,9.460850898447262,3.551705592602321,17.42264242164336,1120.394717823272,1,1,179,0.6981801973802485,0.44967706450864586,0,1
0.167357032236781,1.5877912360554134,4.582107732167094,3.7028177008407104,559.8984875769587,1,0,155,0.9025350169757929,0.6728853517330939,9,1
0.5003594462155606,6.499767229994233,2.5480792586419003,4.5072485064064765,1076.9477803208345,1,0,18,0.2831331482176844,0.3670610616203995,7,0
0.6908839765508228,3.9434044455368706,2.780503416914107,13.22699680166126,1245.0252200591783,0,1,102,0.401199309644991,0.7334987025717534,7,1
0.6971358058918092,9.576783771790602,4.976413031891837,9.375021208688281,443.50687838101027,1,1,245,0.4568152635460738,0.9608051827322555,8,1
0.6486389567688156,3.4337539738447096,3.2009854464758765,9.987911983421313,1179.2539565914146,1,1,84,0.44225772093961063,0.8058932988248704,6,1
0.27528821345186016,9.629421913019641,4.938857984309884,2.5630996912626536,1226.1174750115363,1,0,318,0.33748892527882546,0.4501743447586294,8,0
0.15620656868662197,9.034561340787342,2.9563288775216847,16.114716437528166,449.0964821754836,1,0,350,0.894560758019866,0.9797966317022024,9,0
0.6359403268267109,2.8497557060444323,3.402736107518339,12.3410849220842,158.69689612917693,0,1,233,0.5348897130316401,0.5149608517171838,7,1
0.5993021161394377,8.074709412898992,4.382173611258926,2.7076408661891205,385.7711983813367,0,0,134,0.9705041699734305,0.605630490543948,8,0
0.17935601028924097,9.956921177674358,4.144446018095446,7.47998734051192,380.9049724451522,0,1,36,0.6667778934321178,0.6486819142609606,8,0
0.7051391455705633,2.6760974212785675,3.952805999822639,16.208198654700603,191.33663584567645,0,0,344,0.3107157085158905,0.9935031203614308,0,1
0.4551719917336564,4.480416259368533,3.824747939512519,11.367100919732414,1116.4103385172743,1,1,91,0.6367237678671658,0.34822398050342823,2,1
0.6677605916031529,5.297771218354245,4.60860110916185,2.1729755826586095,631.9648942417715,1,1,291,0.9948361181793939,0.7877098061048989,5,1
0.8373670797701507,3.0903251308778708,3.0873714070834817,7.455540915785734,1338.1406344354016,1,0,16,0.6521373496794198,0.5533516129849151,6,1
0.16972842857692316,0.34959542853109166,3.6061773174837963,4.853887969114692,453.03954793126036,0,1,89,0.2014954761036501,0.35482772337170754,3,0
0.01914486799683668,2.3572665931357615,2.888630730391143,10.349311073074528,734.5250311398983,1,0,347,0.9464639228723353,0.9545221603429994,9,0
0.7791025863957868,2.962981466549233,3.989853989326761,16.86722257743979,994.624400497468,0,0,164,0.3879155249025515,0.7129008234001457,1,1
0.6096974251526159,4.547277072918234,3.1263610606783003,8.725342696088397,1328.4509295404891,0,0,464,0.7508232424551653,0.827462605312143,3,0
0.6996395696221217,1.8768042884513385,3.3346051608584646,8.666840607366462,834.4695422671248,0,1,443,0.6120641239643542,0.4682698048998958,5,1
0.8381549749886426,8.757892695578391,3.67812679155882,18.107018046540738,622.9344789373359,1,1,252,0.46034700547270896,0.8330786458405965,3,1
0.8028109348245005,7.108129100767094,2.56692646425782,11.523708250145448,1313.8211098608124,1,1,304,0.42611161894111094,0.8799328080162516,9,1
0.9609201469288247,1.0349646800846874,2.729844839802094,11.323821747948138,534.3449945626548,1,0,80,0.9430078900056837,0.6015805780501333,1,1
0.5359350788521182,6.570906021171329,4.214823051770549,5.238197837507787,211.19317948560703,0,0,480,0.9295407167358698,0.7003695309235758,8,1
0.48849563265990537,6.605833468775081,3.572424951793768,12.154454956742526,723.058950514336,1,1,183,0.6105078720430234,0.9803107744506883,0,1
0.4018871998907301,9.570967501707552,4.661975554999739,11.518209348347927,1199.1306290971886,1,0,289,0.4067961564281114,0.8927107491954311,9,1
0.15369104284420454,0.22960453929038024,4.236680009110499,7.937029406837279,143.09316445493232,0,0,248,0.2818736257375982,0.611395042747715,6,1
0.5726072328820224,2.629738008096911,2.520252354118306,19.81391131798361,920.2351429854289,1,0,214,0.32526110628726845,0.765201701129092,8,1
0.2770125243259788,9.292356497878092,4.041780826917837,17.637819298961734,932.2496679381305,1,1,157,0.6178013805924836,0.8489620337617592,2,1
0.9213075122129755,9.334912370903174,2.734312165149291,14.991725801536312,1399.9584687983343,0,1,410,0.4462639684632073,0.31703017440477393,5,1
0.5831908042770976,7.261746909832247,4.452332949476236,10.74691176826001,501.05074400303056,0,1,178,0.23365451380796537,0.7118561906376892,8,1
0.5928401805081102,7.704480546265892,4.978769220696255,9.241196037892605,490.37125849497465,1,0,392,0.5641339082488801,0.9891700293888959,8,1
0.35492466087701,1.0965329877105419,3.8279969856037788,3.6979479044639874,716.6771118755494,0,0,19,0.796951433971451,0.963026454878432,3,1
0.05198935197770749,5.23598318082669,4.206948750485326,6.114749480292474,599.6808620601212,1,1,470,0.91335609276799,0.8827082763337111,7,0
0.03174376537298862,2.4695133146321946,3.0932854022368788,15.479215996464204,1130.8842077650575,1,1,430,0.6682272365464714,0.3743498651914797,7,1
0.4233351441531975,1.9759368274134492,3.593994359384484,9.074979078751028,998.4529079841694,0,1,146,0.7786336990739569,0.9958290167613062,6,1
0.08456537809723785,8.140972331408658,4.640238330590959,17.645390331390026,1162.4894530687727,0,0,484,0.49125637669194594,0.7266767071965644,5,0
0.6068469555401391,1.523373739469365,2.918557369365628,2.9582227269105754,1248.0585076781647,0,1,492,0.5969905433735516,0.4560357746006433,2,0
0.8809730056396574,4.792786042564575,3.163839014034405,10.16694192027273,1392.1735858278068,0,1,67,0.7837014852080235,0.7719880827300216,3,1
0.8829148165187222,9.398066747943124,3.6135841882150754,12.939313680426174,703.3114244985067,1,1,76,0.7821265818978356,0.8995664934557768,8,1
0.6590454101322324,2.021154144540357,4.280622229610035,10.33696912615852,1478.5763452601693,0,0,101,0.5396210116556033,0.3786294325933451,9,1
0.211231831472931,9.7843355526347,3.4397098869891845,17.784537831699744,401.92513876511384,0,1,139,0.6349338732466583,0.9415067003025972,6,0
0.8629968313588721,9.944022260458379,4.81933069945751,19.791265636582796,1100.1112267262602,0,0,380,0.9390842716407757,0.9441429969932966,7,1
0.8860934353132082,5.645048115887549,2.7361426281717978,2.316693166827395,847.6130442300649,0,1,72,0.705598083954587,0.30942508436192245,5,0
0.1966535849529587,1.8673988537361477,3.427010493862119,2.59909808153842,1243.6608325588368,1,0,206,0.7140597005492717,0.930223385164376,0,0
0.7374260857706773,3.297827901820778,4.272385308571055,2.6064822712024216,767.4787288489964,0,1,212,0.8276962339082881,0.9627725427681093,8,1
0.28651954892712295,4.360029760230045,3.064966914153731,13.62354192141055,1197.5140895074037,0,1,78,0.2921783170527783,0.32638425788624165,2,0
0.8026403123529297,3.231377398710585,4.141032835574182,7.453521909916758,1402.2362005067494,1,0,112,0.618307433318982,0.5059164264556355,2,1
0.9972378999036027,2.950228682789855,2.9105423955683647,14.666293225318121,1125.2119725961222,0,1,252,0.9675453890167856,0.5611752547712885,8,1
0.030026005329392813,9.727851150320303,2.639950712154216,8.109429457739575,1186.5320007056541,1,1,132,0.48932831374087915,0.5442233304464731,3,0
0.8973658657909319,1.7029753086743074,2.8025392918716223,12.552134426641272,194.04560377219858,1,1,196,0.43594091713767286,0.8313022660891323,7,1
0.622630533598658,7.386613505425251,4.824961957835336,15.39716011357787,386.9407271251929,1,1,24,0.6809663724838062,0.5506731214567069,3,1
0.9733826191648212,0.20402083650391376,3.8793772073488784,10.964318213098412,1464.0252367050311,1,0,471,0.37689553965224276,0.9696051669263195,1,1
0.4650095175264276,6.042590160143294,4.4908644386991226,10.790071809000121,1070.461805302352,0,0,100,0.6447561252189191,0.9964948377133165,4,0
0.8473879305713737,9.176241438749713,3.331636252262628,1.7646865057126893,886.0286242354065,1,0,244,0.32452160868611246,0.5217732094943726,2,0
0.06239406859827723,3.021754122113547,3.981646619713617,8.215634858188697,613.7669227550301,0,0,30,0.6638347685583246,0.6561605272445548,3,0
0.3352790500782957,2.0181545575256483,3.737380334262479,10.915543064498753,162.1446016896851,1,0,429,0.681903346916142,0.6903940882100053,2,1
0.06701653775120997,6.586461989808585,4.864344898505735,9.2396165133282,616.790271149789,1,0,289,0.5347203832098103,0.7055819809769432,0,0
0.9753431334790705,7.183493791524254,4.3689365901352755,18.01564000376851,798.4780226054063,0,0,255,0.5061971403509509,0.5619462959367096,3,1
0.8169739072718367,6.9426990857294175,4.326356578741448,18.13061264238979,396.0433131416414,0,0,424,0.3963666227203595,0.41619545137118075,8,1
0.8525474212459705,3.329305424209466,2.615883173585699,16.438347611775235,342.39150778336557,1,1,205,0.4647378462668755,0.33819237921178935,6,1
0.9379652314338942,2.671583541161443,3.874174172509228,7.5059615074624,811.7831719005236,0,1,474,0.5986767737530907,0.3744440659548825,5,1
0.08510348611978535,9.568004239628033,3.667478634754537,14.345983033750686,920.2659298785615,1,0,494,0.39812712082328083,0.9309038663156888,9,0
0.38559759251333336,9.24833518104531,4.8196056665154865,7.905769221392196,435.88508639633477,0,0,67,0.82626757069749,0.49626250463435495,8,0
0.07103488904400213,4.681702776949639,3.1433549704738306,4.651871979515181,922.3452642386983,1,0,214,0.7672281930606173,0.35377608824773116,3,0
0.21079310155002862,8.49269988831286,3.1745836332277357,6.858052871017632,1360.475949424013,0,1,121,0.4154446937167964,0.736470789681047,5,0
0.22936577703767236,4.632770080816101,3.5283656222037507,1.4192926657107097,762.4425612298953,0,0,421,0.2779481304812384,0.35271500588289967,2,0
0.4691072110475787,4.359012377110602,3.10842428351594,6.6355501800929435,1300.346237422054,1,0,45,0.20014403118717025,0.34903705776831695,2,0
0.2685621674536426,1.7362768864730878,2.8229597945218736,9.214844345223431,1398.1800223466457,1,0,68,0.6773750819051911,0.735099354109855,9,0
0.10097810681776109,4.378779353621335,4.643537116627002,19.1096178956166,229.35164051191998,1,0,26,0.3690909971629191,0.7139766709389714,9,0
0.1674910890941077,5.466685998278109,3.8956913110097897,6.268211724392499,234.13621151951577,0,1,170,0.21006597608123131,0.3290341008649721,7,0
0.14727556355209093,0.42054240880112737,4.653406797391417,18.049070784110413,766.461856042642,0,0,244,0.4872682164736182,0.6223344841058641,4,0
0.9730767979122983,4.552307450718984,4.577836913509239,4.577165516469941,923.3434220447837,1,1,461,0.9695987698539468,0.6050378155342242,7,1
0.7592925069184736,7.857290940272963,3.2051058869741778,3.8193779551849882,696.2368502510409,0,1,454,0.751954246103854,0.6826823907917885,8,1
0.967761465269562,6.864451352467845,3.869343610810685,10.379909128643298,557.0310785845043,1,1,493,0.8862109623379666,0.8164912973057512,1,1
0.43974048650790853,6.4245384908665635,2.708044256850176,13.45022738594812,997.3917625766182,0,0,300,0.3157912786085841,0.4979600332935359,6,0
0.2783684816626566,9.113643198684585,4.7881297100768965,0.8866450160456285,102.91411728988837,0,1,273,0.2586305236955491,0.6029461985086672,1,0
0.7982931972091867,0.37671369628725415,3.5106567876628825,4.4213173009443345,1455.3025932092394,0,0,287,0.20922381080777797,0.8549198790526755,6,0
0.3262539180411468,5.659066344683895,3.4841904597225533,9.113673330026328,424.910723463231,1,0,248,0.9645298320155897,0.9457894733223979,2,1
0.2993833737053483,7.91601871441513,3.256888426544883,6.620086719663629,1383.93827601621,0,0,1,0.4401621882828388,0.9239260811349146,7,0
0.2325059922078312,5.50508675047242,3.6516593617767596,14.252421586966438,252.6206423483084,0,0,424,0.5676039538726865,0.6343416664658292,3,0
0.12967897822423535,3.374176415287716,3.12939846636362,10.223211920826337,433.3220548624016,0,0,490,0.5156188988814197,0.6646060579014713,8,0
0.25646306101676597,1.535255537901383,3.437130681992011,3.207182112078004,428.82318152250053,0,0,19,0.7843655483142875,0.6703738095065115,3,0
0.3553197484738877,8.898118103798675,4.499867621462204,17.88930758630181,1494.6140658809047,1,0,476,0.44797190556219446,0.9081008987952393,1,1
0.6739942081457304,4.81347144539851,4.585638758962929,5.8581135096671915,106.44076401623819,0,0,441,0.6283623060912413,0.8879576548566006,3,1
0.06256484221945158,8.805528930459873,3.26045619407129,14.62262217928847,995.4934930248941,0,1,490,0.9964658119643741,0.5180727699817416,4,0
0.21050693966534295,5.94135079984505,3.6725360763819697,15.598315582108198,1317.561213485194,0,0,473,0.555250841075389,0.41399478259542466,7,0
0.8090236402916764,6.807082742827008,4.684549440700131,19.263154005122043,1041.1831156346313,0,1,293,0.6410172325598045,0.5652821930444711,2,1
0.14692192358377076,8.08175931290881,2.631683329574243,9.970149330482027,607.8273455037219,1,0,256,0.6020224498486703,0.5018844682745808,8,0
0.34264514652252154,6.659724337081317,4.722862404989463,12.316710309288643,1441.633107784109,0,1,452,0.8425489265088257,0.9655465073704366,8,1
0.8646589218581401,4.10093743865359,3.0479608641308293,6.697525869590675,1350.9290564246573,0,1,437,0.41347172322686004,0.48614097560705605,9,1
0.15492531114344266,5.23360716250078,4.19634811053594,13.56358586824133,707.5368883493248,0,0,248,0.3363504129142376,0.4268446772088549,2,0
0.0827368356181899,8.069846141823623,3.9563792409615006,9.267669717326395,902.6598896556288,0,1,397,0.8032745266118897,0.9296353437914509,7,0
0.48453799508001083,3.8617729044552456,3.8823518704731304,8.753047294488445,1454.526862927337,1,0,152,0.5324945490949233,0.36053502304924967,5,1
0.3024195112785364,4.003590276331272,4.648400561882053,17.109350582322108,1475.5845066970583,0,1,495,0.9309808071813499,0.4821862359985221,5,1
0.5634083644838541,1.1377631373684114,2.7539303591116533,1.0033768699737733,729.7525860051331,0,0,136,0.7153274286347182,0.6073778358004118,1,0
0.8038048904834751,9.162927465173128,3.36757006331409,17.63924855663737,1286.290039400324,1,1,221,0.651474489369394,0.7165751647117774,7,1
0.13714848815274316,1.0921558864653291,3.8456318658619137,17.04139675657114,522.7723177355108,0,1,210,0.25636564386070176,0.5293710274613144,6,0
0.580699084554285,6.552449938995848,4.5282221348651,10.127325071235783,620.5380221029305,1,0,188,0.7843295241102384,0.6473637978447035,1,1
0.5055087603898639,4.249305892267418,3.0411077085291787,9.804057084112564,330.7506361863168,0,1,435,0.7488322924103665,0.4391818305014245,3,1
0.14407878601319957,4.175070024503335,4.50732460343569,7.236147360709804,392.8584298874224,0,0,231,0.712057539589724,0.7019918841578398,4,0
0.6239984855289824,6.8596079984123035,3.4990962062348396,19.883475833634687,1019.6226231631025,0,0,135,0.41432761885655245,0.5854717657957615,8,0
0.27364041786077165,0.8575185797728115,2.9722846410842383,2.2233866550768244,815.0942652099133,0,1,15,0.9573914573395557,0.8944817810879151,9,0
0.4878343185440125,6.01831667292406,4.397466101108707,11.80430471257214,423.58460487584404,0,1,113,0.4573241016262561,0.5910138933720566,1,1
0.08227232427706188,7.765911502529078,2.7272472536863694,13.63363180224834,664.0734629063136,0,1,263,0.32178476540314743,0.6106707925174352,6,0
0.45958405721362305,8.316485027288623,3.7869184351886074,18.686600164338888,622.4568438091544,0,0,278,0.9897609239480112,0.7145224925396887,4,0
0.3064634680428203,1.871197816058998,2.659689459654721,15.604069937135229,1482.304286349468,0,0,72,0.7969970232990145,0.386219002853859,1,0
0.8223812111853543,8.994706690766103,3.3910446378944687,12.876944056230936,1294.992172095931,0,0,223,0.531829505860945,0.40975662369439675,9,1
0.05697872699736828,6.630231700104934,4.002691997515981,2.3362463362424535,643.152866737354,0,0,484,0.9487331447109655,0.8531664230590683,2,0
0.41860727491832994,8.842177048042691,3.8902888537180327,7.474670336629348,1379.4832104544462,0,1,33,0.27289389949295784,0.4913931453976829,4,0
0.458431424131438,4.955751027679944,3.5116385447616665,2.776832850959705,579.6895482794396,0,0,244,0.27012897314124623,0.7792878502499192,9,0
0.7250060762991187,5.511926781952581,3.5726199849302893,17.624254649310274,1035.0621178288034,1,0,237,0.7459608149028685,0.36819887898404147,0,1
0.574287575090211,9.206575114880977,3.0669238833769166,14.99242311127286,1453.3099953549574,0,1,17,0.3423776387030748,0.8752926622226092,6,0
0.667212337194181,9.019113524875783,3.6397064710602574,15.150735735944584,646.3904095839732,1,1,364,0.9337116121546274,0.99175967764327,0,1
0.7770492856517561,4.59197655901622,4.883137139302086,13.045130355470882,1051.8389511469072,1,1,43,0.8722873394390966,0.561583661645449,5,1
0.8622029736581888,2.8892437900296817,4.626132294459476,10.140870738734193,514.2933354876865,0,0,142,0.4450937792809492,0.6538710713404277,5,1
0.3138754967224705,4.053070258729789,2.8630821726908593,2.999421189269944,472.83724183716447,1,1,14,0.9110716658154963,0.6098983858878615,0,1
0.538022705363903,4.000090419591547,2.574451968302302,6.593897734101035,903.8193330041727,0,1,92,0.23431014960586272,0.9259314240473164,6,1
0.8401080784391999,3.011295374831381,4.833810781791577,2.7383158495378113,1470.9704372465055,0,0,382,0.6389102821899951,0.3069538263878157,7,1
0.9894511309650564,2.832080122463073,3.816874374701869,14.498262857046864,734.3873882082379,1,0,376,0.9484502189670667,0.7574215248146852,2,1
0.8895193110437631,8.63841677750125,3.844594557873269,3.2045755204401005,1412.6917584432128,1,0,278,0.8843063831485585,0.756657790962473,9,1
0.3714672626243768,0.8846468227096846,4.451794989266306,14.042271003433711,1380.1089283426663,1,0,214,0.484858659040796,0.5676695058085671,0,1
0.19516651721865041,6.840589584576024,3.2867224346783166,13.845107791918094,455.2676572829927,0,1,448,0.34629634818770794,0.45353354948191016,1,0
0.4893925374065887,1.8936365042732326,3.7047689220900053,9.186089579825778,662.5471699180583,1,0,248,0.3684324707229957,0.467777876990525,0,1
0.7416414518360422,3.57615775526182,4.921657282866844,2.704573082361046,1000.6234698918563,1,1,469,0.6116063024627243,0.8603248848497238,8,1
0.4925690707532976,0.8031217345214012,4.180371717331018,6.296016522680734,825.2642381759483,1,1,70,0.6774183550691792,0.3462721674624713,3,1
0.4831808633136685,2.8457416411835283,2.8843625799894648,6.401862181511029,234.34194180844406,0,0,108,0.22625145329890917,0.6946769023920512,6,1
0.8382304210818006,7.730526496948974,2.8330668699608834,14.007702662865869,1491.1772421780215,0,0,287,0.5308412473879105,0.5147884220847858,4,0
0.36140377906718635,8.873150180563135,3.0106618958325138,2.2748603882744867,1153.715601695792,1,0,475,0.8643096925151237,0.48567346872782424,8,0
0.8597946748116456,2.3709660886431974,4.4167791860517935,16.581372924321816,712.7716535145964,1,0,369,0.5554631601886377,0.6540163658717251,8,1
0.40680480095172356,4.742768824737435,3.23844250960154,15.220145803718278,965.4359695328078,1,1,159,0.33534031275952836,0.9285030543958368,5,1
0.3282331056783394,4.809175669784623,2.5534721166876997,3.7261383634854783,222.60194417272217,1,0,288,0.9638882344152775,0.7326643433261315,4,1
0.453989911199699,8.761037996445395,4.860435908764154,14.383287635577789,793.4223151654539,1,0,170,0.4130204319411734,0.8520274394287264,9,1
0.7624469586748684,7.675430718182894,2.9242835409872767,13.370263629356437,1403.165382144483,1,1,12,0.8387426125072486,0.7204786454840166,0,1
0.12600202786399428,5.228156740006889,2.5238954653701713,14.962416002218525,1355.2413412769697,1,1,371,0.35503533307114793,0.7884010459109184,3,0
0.19641921587201738,6.7733225646233794,3.0928290059583077,3.7785711089738894,572.3331836764039,0,1,219,0.538538183377272,0.6026853541553069,4,0
0.951444825663092,8.504079528311795,3.087571967795334,3.1518064431293724,843.9150093498744,1,0,392,0.5923380318198495,0.9481871446457286,8,1
0.17549162738135737,0.29348174945034045,3.5550131271143077,4.729679718455085,1076.3369337227055,1,1,445,0.6005082367585957,0.6513573143074126,1,1
0.5677273179310546,4.148322304290477,4.8009745787500915,7.317434062979514,576.0129736710675,0,1,184,0.613179094480564,0.6862422684587342,1,1
0.5793144666619379,9.09098303931537,4.697962294447745,15.873299620716024,190.83090533151386,1,1,431,0.37995803255180916,0.6674758522783947,2,1
0.4896244620502448,7.455067702270724,3.64223638745607,14.758478749577,807.6183194049266,0,0,426,0.6127324175686681,0.5213323141154429,2,0
0.6447452485768186,5.519845468473932,3.5272497624795163,18.50903184557066,942.290030152671,1,1,322,0.5853702031022034,0.46186690491942994,6,1
0.22982672579761843,5.390516364944308,3.887522716187128,1.172591181972309,108.17824017011435,0,0,208,0.3669755977010106,0.3516844748808885,0,0
0.5526622677767482,3.6081469565234907,3.108635029929414,0.23112562028371197,233.80552295394287,1,1,481,0.9905532476029688,0.802722487401784,1,1
0.37217325524689715,5.301101229686843,2.630462479915907,13.982776594015982,390.2069010318132,1,1,287,0.8924507142292402,0.5024926842192595,0,1
0.661667259629189,6.622755354741843,4.848060340428017,5.585749915883314,587.2732017873078,0,1,328,0.9100610808179865,0.572438574236925,8,1
0.14122354337314946,4.299957776602173,2.9667474621929317,6.681577910676351,857.4717119628125,0,1,360,0.7484568403063159,0.9439497139083488,9,0
0.5708774168394762,7.198700834643305,2.996001823114291,10.936040518290245,511.3800862635314,0,1,495,0.32791762455340523,0.6965131445883115,8,1
0.1852703553833237,8.640075827151781,3.681150822134869,2.04826246253597,486.6573401691052,1,1,443,0.654473651119799,0.36795464473275674,2,0
0.2786430631150364,1.7159115122116395,3.729033362100827,12.853888330960995,1317.0890813383146,1,0,384,0.8571517053019089,0.8597283389766948,2,1
0.21870980032358323,4.62516082361076,2.546085524251855,6.502948924623004,303.0708971219968,1,0,440,0.23098919095093004,0.4792914193766188,0,0
0.1828377798688171,4.198596894593795,2.869886846934927,12.654302486019834,793.6441864413043,1,0,368,0.5966744826300958,0.6868940898523277,4,0
0.825710951560667,6.937155079687336,3.445387046401854,16.680138261467718,1433.9546037105904,1,1,105,0.5168983039959345,0.6569870324047934,2,1
0.28570756766089034,2.648701159527708,4.209326733776347,3.4222266667485934,975.0185487624642,0,0,211,0.36969978372744294,0.46665518964631647,1,0
0.9271237818644493,6.474458966532308,3.0710461420798394,18.617461858290405,1104.087671852214,1,1,324,0.5026000030122542,0.3810397243562067,2,1
0.9699265253451909,8.799394568968582,3.5575361156044067,10.613762821248876,703.73178794685,0,0,231,0.9867980086955623,0.4478831245464776,7,1
0.5712604699370973,4.297689677977503,3.893362661791167,18.45855530347937,127.9050339676074,0,1,492,0.7785946610894221,0.36813645969477593,7,1
0.1430011226657264,9.127953859796357,4.72148123655823,4.154601644035562,1004.5825157140875,1,0,212,0.43962966401195314,0.49293961326647084,0,0
0.37454824337958126,9.933004641548088,3.3151762558178084,12.091253292084751,984.6939939993737,1,1,324,0.6842840411846637,0.9981082575162252,1,0
0.797732263348214,1.2397020894899304,2.8338956646587086,8.077742346472094,254.59869104866632,0,1,195,0.39732499222854384,0.5814645856689677,0,1
0.36739072869707046,2.483921242251615,3.7231805647440206,15.484443823120264,747.0235990744841,1,0,248,0.6886751272194191,0.9047218739345071,7,0
0.08701721830278875,9.513721564524513,4.366804004210155,12.118178864265927,1381.4605225319106,0,1,316,0.9169333515879454,0.684424384490343,0,0
0.5567849109281879,9.59161132751759,2.7746493926318334,9.89030913916637,387.1187647607652,1,0,263,0.645501439954042,0.7666081555336131,5,0
0.8451208514960348,1.1575312987902333,3.561708729242401,18.259708128620172,745.5382564877544,0,0,216,0.7866719803621463,0.40944357882538934,9,1
0.7959263871435024,0.3469853036959395,2.5444628531562086,7.542341283433604,745.5444592807286,1,0,262,0.5626711989730375,0.4923641071953828,7,1
0.17512314013035324,1.778780227912938,2.583897954118128,4.39960409796363,1235.0660554066937,1,0,420,0.6192991341311973,0.6573103961202478,7,0
0.6727646144124667,9.960925277146034,3.707383408041664,12.162023737041833,1254.4062184612224,1,1,169,0.7560600630039029,0.9168004039587885,6,1
0.2205042634356471,1.9639962427847313,3.2454932453773235,12.480568743456274,1162.9771875287486,0,0,415,0.8499240040411178,0.3300216251194581,7,0
0.21820753455217223,5.124966545875828,4.6127682475135305,8.781892431437509,611.6358228635831,1,1,400,0.7275611092203598,0.6548439716960046,7,0
0.8740717733051852,8.514493719019008,4.005385765316136,9.732200873787647,200.85169502592817,0,1,155,0.9819935951120744,0.33570854875590095,9,1
0.24966895274023015,0.39993578474442215,3.634832404357476,19.191068285998,589.2761681136197,1,1,69,0.8558580702386263,0.6197758735144978,2,1
0.2632473465180112,6.123992026132903,3.519838427635741,14.653713827936025,1051.7076817798754,1,0,233,0.8217281636863001,0.7402077115328458,1,0
0.0006533907612995549,2.9148493989223185,3.7431137004739083,2.21203502965154,1083.845204284707,0,1,431,0.8760812631848205,0.8213062339998152,3,0
0.8706690341255177,8.65088218110937,2.6010970780316534,4.242601417412219,1451.0002932674067,0,1,53,0.4249687483394793,0.3969724036824387,4,0
0.7925948132091347,2.9779192627879763,4.731983391051649,19.511532688711178,735.0977240211919,0,0,169,0.5456377231587046,0.4166026984229436,1,1
0.627328935090678,6.930206058762708,4.995757889334896,14.529311075870625,985.4098161164064,1,1,35,0.6515703347156726,0.6290454451842533,7,1
0.7502657639388423,6.8073523979844905,2.9537178121467464,18.300902522893065,854.8672190115444,1,1,321,0.5699090547541485,0.9986255205853518,7,1
0.1520485674244918,2.3706367788244727,2.8009574119365492,6.077229279774441,310.86598415853234,1,1,414,0.8779662545792639,0.5492327849597344,3,0
0.45832359458757543,0.5410321587098312,2.858943658621488,14.837337201731845,745.6834609849905,1,1,448,0.22165481414338561,0.5992691991540371,4,1
0.3512193873487809,4.210645823096894,4.152567645585918,14.28005417047023,862.7692165645919,1,1,258,0.3673403337862567,0.602712719970186,4,1
0.09377652625701649,3.0340928892655232,4.153602096126937,5.893799708787501,1431.049448459162,1,0,250,0.9053652328014838,0.3564905749499668,4,0
0.4861304852149241,8.127981946214344,4.619810405696027,11.016326509014107,613.1546761725385,1,0,12,0.24728011014157378,0.8419205017029967,8,1
0.9207396503426354,8.043569046862384,4.379565971065633,12.548302225405905,1472.138744351169,0,0,158,0.3815906428870385,0.47717106709827517,8,1
0.04005911905069448,4.67883473148773,3.6242241834233493,9.622636216549301,859.2201036337182,1,0,28,0.48100026430118903,0.7925669398180439,3,0
0.2914609134937939,6.143819808167546,4.032138403913297,16.543574133160256,439.45694062428055,0,0,56,0.8005924486493528,0.6325629151849135,0,0
0.20754093620570346,6.121743256671867,4.22071167592002,16.65738083595979,368.3301418221309,1,1,491,0.6481445569334787,0.7282458195535688,7,1
0.23814665366569632,8.306149854590709,3.7818411757130628,17.012010966031134,298.37288416432443,0,0,160,0.9636837622242649,0.3377801455464974,0,0
0.9084345518793753,4.365023658407336,3.6891274611290914,16.068471381963256,734.1060188028342,0,1,436,0.3823000120583788,0.9229759790915963,6,1
0.4680690542342901,2.8993774619469894,4.112743614106633,9.761669543942892,130.69700170449252,0,1,265,0.8976963239909836,0.4706997385937993,3,1
0.4662994129398188,2.7973421977773656,3.8936863724391344,7.628765962980144,723.0633966408116,1,0,229,0.42633079179939903,0.7690667712505859,0,1
0.7605756424552823,5.4546843369656015,4.109855763339776,16.627525674287412,1483.7665690183248,0,0,318,0.3963986073012482,0.8586133784463132,3,0
0.1544922040049258,4.601652386775684,4.03213693490841,9.804029171125336,1038.1495140111733,0,1,328,0.5987001584794807,0.6780271020982379,6,0
0.4872653541000508,4.513183555652375,4.297991401284136,4.927427972559637,1163.7005696805666,0,1,192,0.256963604205195,0.5361338154550369,7,0
0.4299852141210597,1.093145923079131,4.10700877195719,10.146870646444325,266.60754700556754,0,0,107,0.5074456103946265,0.9845323621367537,1,1
0.5969106905466561,7.242316658763918,3.799356216093168,2.8369964383848423,762.341206086127,1,0,356,0.484540774487795,0.4949077992894869,8,1
0.9995577032504386,2.2946195422227254,4.204492028210966,13.832589811975977,500.71234143599946,1,1,351,0.32808124456141885,0.9640636359862893,4,1
0.7694488940820471,2.1301455760454697,3.62370491296357,6.718425632478127,1351.736539184641,1,1,352,0.8886358762199285,0.4093568935793122,7,1
0.3978657030174272,4.2450315387184565,3.1041780649315025,5.213175968949086,353.8094608194775,1,0,257,0.5087117149675067,0.5724554920656404,1,1
0.827553052274047,2.432227747854454,2.5035455503347888,19.1301749246949,742.2266579914387,0,0,109,0.985536143610946,0.3969469089031116,1,1
0.17070836331248018,5.921811019618551,3.899910367864608,15.537619915166152,923.2668056838928,1,0,129,0.9197663592302194,0.3015683311515872,3,0
0.030463686308960125,3.8403407254778212,3.976638066521603,15.741390054478632,819.6575282099457,0,1,122,0.3558485596559404,0.48218097827753237,3,0
0.20444837246427305,4.5993348814093435,4.930122411939285,12.474439385583668,1262.3409391585703,1,1,452,0.6040977378703507,0.3610472806432683,2,1
0.34041155611425966,5.464259351719483,3.403695835235689,16.78345621020594,424.0344398474965,0,1,457,0.6814433106932423,0.990441866163243,4,1
0.5105807574595599,2.1946481203216877,3.4853331070707796,15.183249623267624,628.3475545931677,0,1,115,0.8551684023548969,0.8331573225662618,1,1
0.6151291405411998,1.726365904082192,3.0044989533554753,11.975474082672331,1208.9180152035335,0,0,229,0.9085141997211159,0.30259335742540616,0,0
0.9106057172144217,8.828134648161326,2.6763357380933046,19.222488037034346,839.2999764315267,0,0,292,0.6992144169243919,0.45655260937651443,3,1
0.5098540095504577,4.4504922877479265,4.432011232154352,3.8318989936884607,662.9643399071402,1,1,385,0.2281073625137723,0.7690869688986018,5,1
0.5012756446257294,4.238517374398884,3.1242026608483124,18.86759437989502,141.2195206427641,1,1,232,0.5850211596145034,0.5789864792153281,5,1
0.05024300982298213,0.5489990726738465,4.022262152575095,8.028763239977298,1154.7395936218531,0,0,316,0.9078428289490659,0.8822897941309591,1,0
0.03491155265622381,5.080167765356454,4.219432588863704,10.567979668029732,1461.0549091534645,0,1,233,0.771271682035408,0.6534025448630121,5,0
0.5511599619163721,5.630863271787802,3.678091718229119,2.454786390886179,968.4018132839141,1,0,295,0.8961135531275664,0.7575559938127003,3,1
0.4381786132483445,5.676640535355732,4.69088028256798,10.802148778435818,1299.1577089643124,1,0,190,0.7392638317781659,0.7179261783161364,9,1
0.8391803949802986,7.128905459364267,3.609487102449322,12.224135037163869,823.6260404728965,1,1,24,0.23522800785197814,0.746718230436544,0,1
0.16067958471184518,1.9393219829119155,3.2122715576044127,19.95403083617048,424.3533515927104,0,1,378,0.9744053249652886,0.46106919767902604,0,1
0.024971662117049598,2.671786715460065,4.740038807404056,19.50384822143053,120.21894592920366,0,0,165,0.9344148324557431,0.5613026074443341,1,0
0.44903876793012587,8.145158559258045,4.653910710624891,19.327945837485746,1014.7575746259848,0,0,292,0.30126363193009864,0.33544047700514396,3,0
0.23747855675225749,9.482272045065262,2.9100998676910326,6.967761202041148,790.3523875475424,0,1,209,0.29015293347499904,0.7113455602817461,7,0
0.04961437333883745,1.5321409241997423,2.5649025458848023,19.825329974900868,1194.937405922642,1,1,26,0.6312628003816161,0.621480923453043,2,0
0.724598286847629,5.076965634151139,2.7249638908740517,9.109563031902217,1072.5553844094266,0,1,339,0.8056406676455066,0.8325013043133505,4,1
0.11159299995724747,2.2989272768479516,3.2163684963845425,17.03672517523801,1483.1333154891906,1,0,177,0.5057385695506029,0.44446772523514944,2,0
0.6083195000077717,0.7887170498788281,4.930649504354276,4.32639938037944,814.4376167768556,0,1,417,0.3091057308345937,0.6057684812474613,7,1
0.28104975016688916,3.3899327136361275,3.8962903829020625,10.116663593132047,698.0447055422131,1,0,43,0.6084448790250836,0.4265218031401703,3,0
0.17349605035502202,1.608138726805285,3.433154330073172,19.320241922552107,501.43556521501296,0,0,71,0.470052908975178,0.7297854576739093,7,0
0.37975152291931746,7.1573441196556145,4.7217902365318665,18.940627938468552,767.6058085077842,1,1,387,0.48141756444105976,0.8936211795580165,7,1
0.8014457762229537,5.430509053980156,3.6328408286962492,13.674697556428534,1322.020069372091,1,0,221,0.7159884294723058,0.8358102739142894,8,1
0.3920935769045727,1.6095778157050467,3.2880965710025527,15.956286451061196,159.41561610843777,0,1,435,0.9084864793836032,0.9609385808416211,1,1
0.7507696492110557,0.2905675663740408,4.853048821864144,3.528533932048028,1469.0600662006643,1,1,310,0.6468733846845154,0.9802080473045136,9,1
0.1254862967991507,8.119939080437284,4.623794165481695,14.433170989683148,1490.6300720309173,1,1,227,0.7500820086637086,0.8404237073073935,6,0
0.7727714196650791,1.9267051804096258,4.609170938548602,12.361016166707445,936.9499300230624,1,1,328,0.7279575932169933,0.500764259766181,9,1
0.23693332490664865,6.140923093763507,3.7807118576255325,1.8310347150249218,564.1618851735619,0,1,232,0.6409169540455439,0.45348296405072275,0,0
0.6773931298888728,3.501834748152107,4.473595997038638,2.263180131793525,412.2685556508333,0,0,267,0.44860651646650407,0.6132843241842605,3,1
0.5657815548409963,5.937762195487349,2.9483833981613796,2.1688723550252376,487.0865539588303,0,1,397,0.502235347928191,0.9957185862039843,3,0
0.9291447172116873,3.293405544426776,3.933057393890609,14.487138696596713,170.14759710696057,0,0,253,0.45256303879233295,0.5888676145720086,3,1
0.38732251797531403,1.0520076947840908,4.959614807118864,2.834304164951449,765.1553418767023,1,1,162,0.933998477185644,0.4393478874005881,6,1
0.06616518883444045,2.384910083865986,3.2273960762949043,9.354645422289408,180.25397921016815,1,1,5,0.8612949364083546,0.9610400144482687,4,1
0.019155485551252904,2.042973951494941,4.485880823119188,7.139636117555154,1105.8639006862954,0,1,46,0.6634778982809766,0.5701425843172159,4,0
0.8268585609727531,4.39458965390851,3.7261960180201683,11.010082815404356,620.7012377459956,1,1,406,0.9297947767793606,0.7836292210593416,2,1
0.5247356376614322,6.651181077576343,2.5995142080552185,14.129529744388057,379.11062444602845,0,0,370,0.9091269545183824,0.8517070850302106,9,1
0.7752440518349493,2.7852995344743046,4.407548494539169,13.694450744426641,862.7949809704537,0,1,67,0.9421555198014682,0.8902091314416738,4,1
0.2344256000115147,0.31828536594605594,2.921422860980282,10.310398318287533,1463.2630301402191,1,1,253,0.3774190861244264,0.8748962709859531,4,1
0.34508374551323373,5.285586169794618,4.078683917831875,9.28669747220771,1073.1834686257857,0,1,448,0.7740024302111157,0.885372804099986,7,0
0.03010387221131894,6.1364429957179265,2.714160485117432,7.956311902445174,788.4455901458243,1,0,58,0.6873795999388015,0.7673573993045165,1,0
0.9614923245741122,9.636130841217735,4.8671684937399124,17.238198966087587,1187.6800189563087,0,1,392,0.7870645102676856,0.5826817484907219,7,1
0.6678679067008134,5.97681387031382,3.229309717950902,6.6170360974529,1132.4670606585842,0,0,118,0.4107034911346298,0.767100797844686,3,0
0.9332050877593062,4.817491081905791,3.066161729193487,5.1873164233498965,1348.4296454809112,0,1,185,0.7558472571506383,0.8857140338419391,8,0
0.2654964074290723,5.819335933797498,2.8228410101658357,14.866309873105426,386.5365266315265,1,1,47,0.5278628122035096,0.5454497252370947,7,0
0.6114636112256608,9.293426172647864,4.86500548334762,7.195269233934529,1302.4286067622247,0,1,190,0.8672734370450403,0.507555593204428,4,0
0.6784999682926378,8.318105826896133,4.279759356103263,16.93997199514537,521.4365218583785,1,1,264,0.8362925801294185,0.5405950519736145,4,1
0.31754970025758844,3.365191586965319,4.354152221795221,6.5577743727428945,1417.398498955136,0,1,171,0.3690860886871337,0.6858983772205578,8,0
0.8481092350156301,2.5250927638399454,3.7485114034506113,14.038896491491764,493.4912085254293,0,1,45,0.3470842211226424,0.33671071236976113,4,1
0.9471614629002478,2.773809401187522,3.6868194631762083,0.9021801257067219,1397.5879604277466,1,1,142,0.7741853770278928,0.8452795733117879,8,1
0.8848551176960043,5.1433261892090885,2.7750531074786915,7.7112576022064,1449.307000249712,1,0,245,0.6403799157825284,0.3971963709151413,5,1
0.7390669759393725,7.491684622040063,3.899602738959979,6.86460349935103,303.68790043981994,1,1,215,0.6457647285456392,0.39298705974886916,0,1
0.27746467972495403,5.131548230393029,3.117291237771976,16.33357478551847,1464.2998365678961,1,1,436,0.8020122587674836,0.4383613975492735,7,1
0.28161604210563174,0.8644046791155033,4.942863332001014,19.3411080645662,220.0121558009952,1,0,175,0.883976634417432,0.7038492044807487,0,1
0.9633603204460379,7.291090864311814,4.491452350037868,9.217625533859229,405.9949012575307,1,1,327,0.39117112048697344,0.4998978630627692,1,1
0.010284495935692028,8.098507260975348,3.532480150482219,16.49672554307516,721.8362932219263,0,1,475,0.6444316374324401,0.5576632302905866,5,0
0.7160499732421445,3.037079078173253,2.8783531467288324,13.993894019147302,1491.036311996394,1,0,383,0.8631637675936619,0.9521543776846895,4,1
0.7062461625552622,6.7084322449768345,4.46332922784696,19.347719753273864,783.9882716315311,0,1,425,0.8982353369560021,0.8930415259838895,1,1
0.6226895409497974,4.380600630333055,2.80513441770329,16.222170286856496,870.5732204498802,0,1,365,0.4299275106708133,0.8965333731733476,5,1
0.9901088460868658,8.91336968612894,2.9733343837426762,1.5495613192746105,1072.194929333108,0,0,144,0.28332308527801003,0.7043492833281915,6,0
0.31187943576372523,8.483210469975251,3.0288012943605684,14.265634447644723,1455.610981582132,1,0,34,0.38625860310222393,0.9065263031033364,2,0
0.3399718637932482,5.349233583434494,3.892226595682736,10.709994308447472,1196.691960173942,0,1,414,0.9563996112116218,0.8449960777383874,7,0
0.07893940294655555,6.976754348973227,4.467641634975916,0.3287211586465433,413.81560619317804,0,0,131,0.5699837699481713,0.9672657620377436,3,0
0.44279813654373745,8.85682707001662,3.2857871968117305,5.026259174508874,524.1873029300966,0,0,303,0.5348590324448199,0.34505788351534084,9,0
0.2610485262348481,5.0580266987671,2.7116745356882235,18.43510490053786,236.67953545193416,1,0,397,0.21046747898736815,0.320108993557753,8,0
0.3433867021776442,3.2698572567904556,3.661346158811048,18.52122745573506,1002.2333098306358,0,1,152,0.2408117463370809,0.4225209585067238,6,0
0.8345717902556277,7.585928151513897,4.370275602899839,15.977009204012688,353.0364291549102,1,1,301,0.734956743579779,0.9503593743555829,2,1
0.9354845135274957,2.3566492968899797,3.0541596077184705,19.635592065559788,460.366843871112,0,0,47,0.6718616549799972,0.7238955741679721,4,1
0.18573307200518563,4.007605250459212,3.0498113700984355,16.1309044924841,1343.359117252528,1,0,167,0.660422638796323,0.5982787623866965,8,1
0.37250893155346587,8.684126923646577,4.868067568366778,0.20408374570490384,557.4579454648213,1,0,177,0.28825830081957726,0.6588977430333062,8,0
0.9286305621153941,7.299338934639288,4.885384317797945,5.756686806030236,893.3054056958339,0,0,262,0.48164893565228284,0.8807232117593691,7,1
0.06180846068922263,4.1573478514254925,4.97616433015394,0.6124836447552573,656.5924123048478,0,1,94,0.8498865109121183,0.9503769970627467,7,0
0.09236052811137851,2.304496123601903,4.519149003936951,1.8821593747511889,203.643802368279,1,1,315,0.3399289791333098,0.8107891840176369,8,0
0.16279098920622936,3.6884902301559186,2.9704604229198637,4.376816339015521,608.0093618553872,1,1,290,0.9061498007859492,0.8318934830561073,4,1
0.5952128341268748,2.984220662428844,3.029953801998153,10.07117092651045,671.2954842503032,1,1,229,0.29718264027912256,0.5242646309146866,8,1
0.15047227100599747,1.9256750218497685,3.35056310380598,16.950640069240354,1353.9815426761254,0,0,190,0.33531946409919056,0.6269246366921775,5,0
0.9680763814507335,7.484662552943436,3.2953313283337273,17.239335123142162,554.2309151048753,0,1,403,0.5821999689229829,0.9196471354298161,5,1
0.44671452725852034,2.670284891131681,4.891319372695023,12.32403717114593,630.937567666895,0,0,143,0.9562399235588299,0.8501538770508041,9,1
0.5015179603501664,4.650841207644086,4.472684957204234,18.5635187813247,1196.0554761412682,0,0,405,0.46363814251633895,0.7789896429229433,5,0
0.2466586158054065,3.981422578993869,4.310021980403885,10.001246531804162,1162.539311696237,0,0,163,0.7265743948464392,0.34567278512168426,6,0
0.4709602524347335,9.824358310629183,2.9649080601453295,17.78072088266403,1217.5993873078871,1,0,18,0.6709370047912611,0.32765505361776837,8,0
0.6619136326370115,4.032703992652562,4.773813898405824,9.081305126640242,1435.2790361064056,1,1,385,0.31969810920044606,0.3912876601797965,2,1
0.7511771369540428,0.983828331408197,4.569675948765434,5.5445001484376455,1213.7804977526978,1,0,67,0.3985335211153307,0.7069737694384833,5,1
0.753868082709913,1.0802923752064235,2.9091046033198094,18.328258362008555,670.6514845050473,1,0,97,0.9441222181150577,0.6754707931388049,9,1
0.5778911126940883,5.989386469260036,4.677925829902431,7.758701513577386,1250.1119236573286,1,0,6,0.3478636989224796,0.9598835785829376,4,0
0.9043597749938572,6.073762807035004,3.1806188409261784,10.068082176889233,812.1444849259137,1,0,302,0.7560079118040905,0.7863317480303774,3,1
0.8174078473061094,4.303838106730019,2.702174364580265,6.577212650613545,488.7996455259914,0,1,176,0.9717555860802436,0.5057808321417983,7,1
0.7570481146986254,4.432068184657892,4.142055766285525,13.256752005814596,524.0838953834173,1,0,205,0.29560479376182247,0.4130474056709881,2,1
0.05560552168046062,0.7285393118405379,4.134511648460826,19.90062450012071,413.3793439887577,0,1,298,0.5193455921498515,0.8946732675298674,1,1
0.006877962219649314,5.262155801814771,2.737330023914045,0.5102709772953928,302.99014094765477,0,0,287,0.3791457155541898,0.6217368725823169,3,0
0.21244727719547296,5.1464468587274474,3.297129522341456,17.996960120142028,358.2865765951105,0,1,400,0.3772492139236343,0.757428648186194,2,0
0.6635235939134523,1.6655833218580565,4.982036155638847,0.07852113978530806,188.4492699353471,0,0,228,0.2951886751997447,0.6956005246135619,6,1
0.4111974888825458,1.2176259838870902,4.196066667521842,7.284557622924222,1343.8312109053409,1,0,383,0.7196409471931726,0.3752194422956445,3,1
0.40240625929931173,1.4110104078750068,4.325187916508323,3.372136125790286,1403.4109335087726,1,1,118,0.7970748079285694,0.3399408685772789,9,1
0.8845868882296137,1.1900768156143335,3.032293214010764,15.146835613451026,921.4785494914537,0,1,269,0.741435128018445,0.5639127328014895,8,1
0.8955628481318387,6.175140316260247,2.696955177509786,1.0122168151434696,1276.685379252159,0,1,80,0.9397251660953223,0.5530852082820024,4,0
0.9091752640535857,2.1255299935486027,3.192254224352344,11.069699071686559,356.999543714406,1,0,159,0.31654304697444335,0.7716586790782344,2,1
0.3138780765150273,2.664015491437142,3.12224596298298,5.898522676906253,1362.3433553177792,1,1,187,0.45587629870800495,0.7425402863708132,1,1
0.6910558127392618,1.9010070126841094,3.0863602518701327,2.6734049772940427,808.9061834827116,1,1,187,0.4756582477619648,0.978258649924796,5,1
0.27163318127436964,9.58678598359533,2.981885804717599,15.436364242052816,194.03098964777712,0,0,307,0.38566568307752375,0.9006696519401001,5,0
0.19060983307444979,8.575251138887987,3.936889226638511,4.348336685105134,297.83784229182424,1,1,193,0.31376395532557333,0.6476077680427015,0,0
0.18463245734736922,2.458849406044905,3.3202586896045543,4.473504241098778,532.5670451015441,1,0,486,0.589362780741011,0.6500177467938868,6,0
0.34210762086359403,3.410149680436835,4.550862537618826,5.50153570275846,160.98061249665201,0,0,259,0.8675517024379429,0.771890460378886,4,0
0.4299576197798217,2.2569498545889726,2.95986854461846,11.735335276560548,533.0107292244211,0,1,487,0.9636317804826546,0.37986340794129286,6,1
0.8309491710550684,5.020384402716073,3.6615676771713614,13.193318633814965,183.9026063664485,1,0,477,0.3034725057747982,0.9999233952419746,3,1
0.1198910934727121,0.39218321824768526,2.5341445910652,0.35205047402689926,430.43864726995525,0,0,477,0.8585257824581889,0.6631656708705367,4,0
0.7349258473948942,6.779406487188599,3.7042058061379803,4.837392722275807,471.93765819901824,0,0,190,0.8596648983722199,0.9369334117362789,6,1
0.5314549141893053,5.326949868212888,2.639595552191186,8.619416850105656,1492.1165669135114,0,0,288,0.5111824972420536,0.9771494342565454,5,0
0.2879453426759925,9.006661497350812,4.944308779681609,6.639539043224662,429.76534326913026,0,1,105,0.28802369931636335,0.7071499179315858,0,0
0.4928195845328246,1.8110483064184586,4.476480321626032,17.683413170217722,434.86102851401245,0,1,128,0.9920064054055184,0.3723440532673427,0,1
0.29994206977702265,8.08027061139909,3.7252786915911384,15.754174617728376,1061.504555701739,1,0,96,0.724474424423055,0.7013420658939797,1,0
0.596081955238306,7.961217941773815,2.7164683954483757,12.517804310776551,1303.1004699230327,1,1,483,0.9857565560332644,0.7183497060161907,2,1
0.4338439228552442,1.446375654325492,3.981113601976036,6.760848319940795,641.8775776429211,1,0,496,0.5869244125477269,0.8524351957413316,0,1
0.16440552907887873,4.10588039661245,4.396909376754694,14.013446896923195,1325.8652279169694,1,1,63,0.516154399949383,0.3337604868964343,9,1
0.11658307455569672,1.8674958832162656,2.976793132511863,16.87276025691589,576.19882904686,1,1,127,0.3977483807763631,0.6264207570365656,1,1
0.5466956820721302,2.69626090448398,3.9205208519687273,11.896607547179734,375.82223146102706,0,0,222,0.9868576014176156,0.9459391808357691,1,1
0.9024130332861034,2.779812513339335,4.535527245957169,15.689229337867584,561.4943540588129,1,0,292,0.40260581556981895,0.9939093550750573,6,1
0.34395768655768555,5.651116661452574,4.420619444115791,14.982099227994956,953.0989234991893,1,0,461,0.2190102049744403,0.43396787513146634,5,0
0.7330001072226232,4.231827131252563,4.507480044667883,11.434746223206444,614.0004230369033,0,0,381,0.6099747308707824,0.9094192949145246,8,1
0.658661354939767,9.487781479261793,4.698308562174299,6.24366433643022,1042.0513255850042,1,1,325,0.5016403944407324,0.4023753931414509,9,1
0.931554914309481,1.4384273910806504,4.844205255398675,14.915643160025436,431.7102311914754,1,0,390,0.40910600274341163,0.8888221041975279,4,1
0.8209810172991409,9.742182921531947,3.51380288800884,4.135927327152129,1081.3900515848081,1,1,103,0.7076864931849387,0.4940944092273645,2,1
0.566605258905463,2.460258674099787,3.9219227563071932,15.589766929430676,586.4137085478533,1,1,151,0.4914148919182578,0.9717376862343996,0,1
0.6570304982341073,7.774164576542161,4.476648815114027,16.09093384285066,738.2157202427082,0,0,113,0.5218007106534983,0.7868477256304459,0,1
0.8983864665840349,3.52190527649365,4.242849534864458,16.442897591407462,880.8431966200543,0,1,451,0.21843648311523545,0.5793774209728316,1,1
0.3995187845869348,1.6021976750896763,4.988800570660947,9.458319419569152,1060.7150044603911,0,0,54,0.6712567428424461,0.49668133093571637,2,0
0.32679470585777737,8.60731401541315,2.5341941277616105,3.8496153554084334,434.19916858822717,0,0,120,0.29765682387763426,0.46466626923211174,9,0
0.010811083635196339,3.2268368125173397,3.3878330382894766,1.9944720013213746,1270.3237523751347,1,1,216,0.37104388711633746,0.7765546288997096,9,0
0.8265510741914642,6.656782961423054,3.2025698156755062,14.867225009758485,1110.5798496573357,1,0,122,0.7736942564901106,0.927053701803817,4,1
0.8009807004033649,5.751148113848941,3.1557896254138367,17.725227690596263,427.73708663359923,1,0,2,0.45059418094712883,0.8284593787300405,6,1
0.10445451810015138,4.823211832030569,3.0563244562472143,13.016767176738133,1464.9643876440746,1,0,91,0.33056815795070477,0.8843540766115796,3,0
0.5768573811327002,5.059030831955684,4.272809602038072,2.883201207767392,1030.7157874426418,1,1,406,0.6619393176499846,0.846968637344176,9,1
0.4639816981668874,7.375931558104419,2.7118986831883047,18.69792897035148,733.3976410533878,1,1,163,0.3719235959503525,0.9854033665486135,5,1
0.11870909550911146,1.0601745584097177,4.354022084858346,19.78204029078639,320.53825577492285,1,0,440,0.41678257116696404,0.8304634487784273,5,1
0.9805682270607236,6.748170487187471,4.233564605040684,8.667572198698439,846.509403231384,0,0,118,0.697071447982299,0.44715996292919163,1,1
0.21469588746335544,8.978958593706071,3.127010331252241,11.896505785475425,330.68624155796545,0,1,431,0.7918894250911319,0.8541189258321604,5,0
0.06723418009056115,0.7663243307946688,3.132084457912903,15.544570400033155,701.2883501769812,0,1,396,0.7917277481564617,0.5254485526893606,4,1
0.5948473795019096,1.5784027244899341,4.072151463361255,14.727795801000894,672.1975318353263,0,0,60,0.5857947294966643,0.9970599038640007,5,0
0.7388666771330327,7.222992979679908,4.405427763709195,19.355743838668985,1107.9155020864441,0,1,213,0.5634375288075484,0.5636708340701025,3,1
0.03244344604718696,4.485360152797253,4.691214032718413,2.2976618215757783,369.3364537139497,0,0,472,0.830116147385006,0.5049556290930609,0,0
0.6587176387270222,4.154776483974146,4.630348909636189,11.614497322856113,1250.619896819184,0,0,246,0.3544277800900137,0.46745118985623807,8,1
0.5322918759514544,1.5422730185335114,4.912207485409633,13.838628393461843,556.5852578226321,1,0,234,0.3217619580227674,0.7609602564408589,2,1
0.10326500887504841,5.166346399034324,3.953462238341278,17.801968483753402,721.5840777562851,1,1,407,0.7317560528236078,0.3764547618712718,0,1
0.17252387694636206,1.440144049724497,4.771638903350899,17.482192554363014,1181.2773657753796,1,1,426,0.5276055475114043,0.9674919172130803,3,1
0.5679742973160805,4.8708804718432965,4.521283183151027,19.559995871225798,975.5493595989207,1,1,356,0.7679987684561447,0.5060188750501959,6,1
0.2963576135132884,7.683429929824237,4.736669060785034,10.241569078753582,531.2354925227123,0,0,371,0.4052801787705888,0.5067804277269305,3,0
0.9383157286513161,2.7309907072942026,2.5290665032134165,16.615217336264532,640.6840943642334,0,1,288,0.4598975048534135,0.33224626699494136,3,1
0.8187402294840508,4.911704448161328,4.9147574796645275,8.545634162546554,528.1015395854542,0,1,77,0.9173421193483124,0.4722122625115019,8,1
0.983567206513663,9.92175650008899,3.6838254071161955,8.446277557120645,932.67823418802,0,0,23,0.5373252214572706,0.5932855489733664,5,0
0.259670838950414,6.929174148869566,4.495457473937107,5.06696728945718,565.6743464895756,1,1,405,0.6727627757763075,0.5587244731569545,8,1
0.969723632797977,8.445296358790946,2.8180102983444524,16.364745740384596,1115.9767726963971,1,0,307,0.2853457552946476,0.4911139450053541,1,1
0.43123386979155787,4.265506544293349,3.4898527395349355,19.716302116270313,911.7020220172166,1,0,498,0.343063337754207,0.32852068648743876,6,1
0.3475187953137546,7.725037046633383,3.1786516575524772,5.126834566945158,303.98925644651257,1,1,100,0.2287101830581154,0.5104069615239497,6,0
0.05034952696935324,0.596989894824954,3.2291469262523425,1.1226317604214464,534.3760661518354,0,1,371,0.5394966494093333,0.844831656784184,7,0
0.05276525785960262,1.4045295889140008,2.8081390498772043,16.310848748380145,410.02641867421806,0,0,250,0.9911360035960193,0.6071545997166299,9,0
0.6920112559466547,2.190091810616609,4.514409581357517,12.404601050695124,646.4384975720794,1,1,122,0.8990985221211729,0.5035427433190995,8,1
0.4579289944340279,4.1391288612291515,2.5231057864526956,19.193976011020087,822.3777206931084,1,1,214,0.7063271319524056,0.5133544939035705,7,1
0.2265216260361057,8.48829980759248,3.2812636424630064,5.044784381539045,809.4680001977538,1,1,261,0.888877193565973,0.6881063035457305,1,0
0.6139703063252326,3.5934072977217193,2.9360263580410377,1.4205531600256216,1156.3331471886047,1,0,402,0.6753354850819384,0.5116048744173523,2,0
0.2528581182501112,6.615287696451537,3.972597351520851,9.84884521733003,364.84060904239306,1,0,331,0.49501510426731016,0.7415581239063362,1,1
0.5776317543444226,7.151280089074138,3.1356310065363595,1.7093204593029498,1425.0619610164256,1,1,345,0.33883712088089224,0.9926181596075805,0,0
0.35920874698269034,5.944587070065746,3.147496136320249,5.235800022054149,579.983149635036,0,0,412,0.7224389934081794,0.32882347842766396,6,0
0.823552226611819,3.7009712880673353,3.7208453599882967,2.5195572163833657,520.348385682594,0,1,122,0.35444102111259634,0.4181157289881581,7,1
0.8206961607667793,5.855122748792734,4.131722598352314,4.4826435932015745,1059.2500094523077,1,1,251,0.5339427337600482,0.42537528170231687,4,1
0.4773503981224013,3.5542028093395133,2.803261761412909,2.122893056427837,1227.7232801562875,0,1,319,0.8606414737242105,0.6129492225524105,9,1
0.3508191093350156,1.0219626378097184,2.9387786311637405,19.07811998854571,629.8604707391148,0,1,397,0.30338344204938283,0.3289930984373621,8,1
0.36255979655909454,9.929478986222941,3.117936861486294,5.57125426899471,1145.585764851568,0,0,336,0.3032171352454361,0.6342651044197616,3,0
0.8057145256682179,1.446388045598607,4.934370535294901,8.877951719851309,1337.2303385904765,1,1,157,0.3795219324732779,0.9502473306536596,0,1
0.328179482797612,0.909014161593362,3.4928812498573008,17.972236152684445,1173.5251312897403,0,0,326,0.6415338456978392,0.3080948620848914,3,1
0.20905937370684602,8.809601342230128,3.997475226577566,13.546431759229487,147.8750797991662,0,0,148,0.4013787826079305,0.5554572070296266,4,0
0.08468834187530683,3.1579796767503727,3.1038570317899445,12.360749611235487,1258.3164759126635,0,1,64,0.6025583498040006,0.8326256404776753,7,0
0.4666931208844084,6.572910345920375,3.7261488128937197,14.111263807216742,1184.2733418361142,0,1,368,0.44158608884774975,0.4081461502336705,4,1
0.4821320989198419,3.4242561506898825,2.685297935964895,16.576445142107637,1037.0063334144604,0,0,357,0.6049937639267244,0.3542913017685795,9,1
0.8409087104029072,4.036251853785817,2.5868553648058175,17.553385357035218,1164.0313867230648,0,1,3,0.4221051592013842,0.741544976083847,8,1
0.22123869644606398,2.7687071257646063,3.6718338170536504,12.85279341330053,1471.1955541647144,0,1,173,0.9840099004868523,0.30696563633465535,5,0
0.3809912736683999,3.5618312567715003,3.49664821879603,17.800145493881153,703.5580429456895,1,0,135,0.5941743209135742,0.8612393438188011,7,1
0.8084057388936909,4.224863925748123,2.8422007992295693,10.707950548509537,194.11252893643695,0,0,401,0.7949147472865921,0.3467969274962691,2,1
0.8236236107489735,7.260077477104961,4.219003572301834,5.545817125368469,745.2459574788033,0,0,243,0.7604372471185641,0.6670479815942525,2,1
0.3846110759787682,5.21305470350096,4.982258727248161,17.60153417767689,165.0071175474671,0,1,59,0.592447499851489,0.818089397159409,8,1
0.4591240232866809,9.446939128138373,3.489117052991781,10.829456548261742,511.9505713238456,1,1,44,0.3910896493343402,0.4694076921225342,5,1
0.3032858908492829,0.61042785962,4.061396589793486,18.122751751344687,921.6317085154626,0,0,71,0.6085746223302919,0.37247811334591624,3,0
0.9325548784193121,5.130069561793877,4.907439855911214,0.8033562790116244,533.4720500966189,1,0,94,0.7447772989763477,0.4229359364929893,7,1
0.11864376574158031,5.925402930550838,4.578837431117188,7.950315030824711,1059.553344273354,0,1,30,0.5679354164505694,0.898278500354506,3,0
0.93374942300147,9.217930463527884,3.6588805582567145,18.956100367249363,1250.7808587600096,1,0,155,0.2655400858901933,0.7940462041564167,3,1
0.6838664518353432,0.6817535314899904,4.343723711149798,4.993001855166055,688.6148509913517,1,0,375,0.21438658364646718,0.4386686344505684,6,1
0.5315721526867312,5.820295932365117,2.82033760062631,18.830724920769853,1360.193131810205,1,1,239,0.4623014467742708,0.8012845579916961,6,1
0.032659060784495875,8.565573299573979,3.7802596386594978,19.078049222584998,211.7745038905603,0,0,63,0.32017914087464955,0.7960327191460808,7,0
0.4755961918220083,2.5708917355685186,3.1976506929498414,17.64284628451722,1276.1584298806297,1,1,420,0.9249521967407965,0.9984075686741722,9,1
0.4077481050027323,8.787665015534587,2.902909219740403,11.273360901865974,1260.0024036150185,0,0,322,0.34066613606793994,0.5740892164681387,6,0
0.16121881197512256,0.3866254108880599,3.565702265636337,12.93878898161277,550.7914548574709,0,1,108,0.5154261712092529,0.9053974458999396,7,1
0.6564096035006569,7.378055365510552,2.827536386084036,17.392339968997383,518.201261974461,0,1,462,0.7696620096571851,0.6125098801809705,7,1
0.9711509073682858,9.3445095674528,4.247462770436214,15.517941647783688,527.1329736149177,1,0,67,0.8523373280128488,0.9284321565318767,6,1
0.5621888110645251,6.64053708407261,3.640600110133339,12.60187698910823,1235.9511972821754,0,0,34,0.5821705225425047,0.3641203493692645,0,0
0.7147532764439458,4.502486591008391,3.8278615814116597,19.645188157414054,1264.314882654273,1,0,250,0.3449080076867137,0.4227188410876709,3,1
0.06845045256601678,0.6398339614326367,2.8659398466703925,13.713532726673883,561.6114423587346,0,1,353,0.41671617886068246,0.8949680541466829,2,0
0.41766699581699473,9.217115370561762,2.849429152733736,19.509639848955224,929.6264864222466,0,0,35,0.5351747581129178,0.8735102268737764,8,0
0.11635848516449587,4.808902982377433,3.95853858815031,1.1477694921418147,294.5065212166363,0,1,440,0.4916756714604664,0.5138036542998912,9,0
0.6127958355365104,0.48416809449229053,4.962524369573616,2.779207414844249,756.290233593431,0,0,453,0.4789382057357252,0.7177588226934181,7,1
0.9384821582141546,6.960246499021867,2.7406264580943143,9.029176920009812,1498.3099911977536,0,1,131,0.30548304140533145,0.5678898054714252,8,1
0.6617777324716385,4.9220050850473305,3.214328571414453,7.6975892176863026,322.37480678874556,0,0,304,0.9306482017367599,0.30722214451246493,4,0
0.07680304831442153,1.4185841109356252,4.6736477913447185,15.654696827140555,1426.5876959440825,0,1,221,0.22380528513417206,0.3182728885969889,4,0
0.35466620498508283,2.2998637312405443,2.6806800306380922,3.212280529384075,1253.9566107510109,1,1,166,0.552001702300601,0.3379794558371035,9,0
0.5506633794408515,0.8320086684672936,4.689714303417379,19.521903582229772,1461.100511324778,0,1,273,0.9842571940024694,0.7158505080279051,4,1
0.4032077561332522,5.828076689144021,3.8107149584368782,6.301317505218281,351.41026485474623,0,1,59,0.7277791510592817,0.4954594147138695,1,1
0.8336440104751723,6.295888896669691,3.520666934816065,8.578474154803189,398.92588662070995,1,1,341,0.48432853098646667,0.40076380882042334,6,1
0.8146710047099892,5.156274523883355,3.2742014108786397,5.494900648800458,123.61405442880215,1,1,393,0.31687806756253595,0.9587917759107212,7,1
0.6118310201032214,8.207600903425625,3.242792895319605,11.587272346530945,1114.5825380818478,1,0,112,0.9710980845166088,0.3849230669568511,4,1
0.37345794513270525,8.637886448818533,3.264506456123697,1.172574008451679,1001.7325708106599,0,1,220,0.21118908949851978,0.7717872014974143,7,0
0.25533637376324414,6.233119087494641,4.71200770240049,2.9935501114089758,349.29161365462494,1,0,278,0.7451100564905149,0.9259121279758611,5,0
0.10587431821312931,0.32501350113281935,4.309488075436963,14.915954068374484,1207.6029517589006,0,0,67,0.904109977156262,0.4146807670669148,3,0
0.35489768348655404,7.01325062632781,4.1743075195778765,3.730011668096078,518.8737085844156,1,0,314,0.22012839190899378,0.4503107775601006,6,0
0.4131725172077195,4.296392325819446,4.496872872380002,4.710289031133257,288.99379706288926,0,0,466,0.7801398912724009,0.7016694735031699,7,0
0.6758229251040736,5.742463335618593,3.1427866575103627,15.859644714496755,691.5877310270874,1,0,345,0.999070209003788,0.6559140804651584,8,1
0.6581598242975735,6.560989899785068,4.045107030204389,1.866023567145072,227.35778779759852,0,0,262,0.7117139748586796,0.6647191918203872,4,0
0.07010813964125695,3.6323188204053527,3.6501655973948774,8.749476455416819,468.5411187825453,0,0,268,0.531743158274719,0.688274665812662,8,0
0.3952593154311578,9.187565350683583,4.456104088000483,0.46126773994453973,619.8667017982847,0,1,130,0.8995205754850255,0.9649320411727309,7,0
0.18177886721736192,1.5129536941478559,3.273140276183214,6.936147986358076,1292.6098443198098,1,0,423,0.6433433971381026,0.33768662937686494,0,0
0.1568127053168057,6.780815711354167,4.107946542174739,13.979628052215089,1209.56823781051,1,0,266,0.7995526774319521,0.8323139644863733,7,0
0.8273021497372459,0.2427238835744882,4.705531029543284,1.8020655943445663,719.8560000508655,1,1,207,0.670223193454804,0.46275449568471333,7,1
0.04191521671625753,9.261580832970772,3.505376190487322,17.766692535575203,1114.4050808533425,1,1,211,0.23063287399035942,0.5615743691206674,6,0
0.41918287590212133,1.3025405057332966,2.6665552184186536,18.18998085881432,896.109490650607,1,0,50,0.3705159905642781,0.3625037860755448,0,1
0.1682036557665182,1.1298654554462315,3.790127055854482,2.099807502502702,577.1785971092953,0,1,470,0.2630108591893997,0.6119387384074805,5,0
0.879330215678474,3.463474803911994,3.364931219517565,19.814648727515532,1116.2240808933987,1,0,406,0.2853502099065784,0.862953476592585,1,1
0.5570405132750351,3.8609496031829904,4.180563451367938,5.950591067909778,1056.8988162529292,0,1,287,0.2123243948704576,0.36911823697306845,5,1
0.23138063637684803,2.3001407087642107,4.877582311871516,1.682033422632121,966.7322190710428,0,0,424,0.5369319832113224,0.4929225187542093,1,0
0.5024272871663764,5.934192277085822,3.7140207949921176,0.10134228994524541,965.1377294605508,0,1,41,0.3429213054033321,0.5611431960739175,1,0
0.7314863597031158,4.540558160811243,3.6654755753888346,8.170457915277252,1056.1747892577673,0,0,246,0.8845572163951774,0.3727294421613496,6,1
0.9581180089194338,0.5349207726026568,4.136462000478651,12.596199714122353,638.3637176995535,1,1,421,0.8000300300325283,0.8336217669838535,9,1
0.22044600424541894,3.3325902101019467,2.758743758983919,6.643584998066265,1316.7061410947833,1,0,194,0.6585415958523968,0.8508629197521977,0,0
0.8861817721293451,8.142242553017072,3.1337654723125365,16.734347309492456,327.23098369504515,1,1,243,0.5912170762803164,0.8851264984459775,4,1
0.9343041141674903,6.9590750416463125,4.797448313750996,14.332125511301001,1337.4396485348157,1,1,199,0.40469491246078065,0.7087273433644228,0,1
0.9164205445320662,7.303734365082829,4.174856533409415,7.003230639360654,579.1945802447922,1,1,357,0.5799611726999885,0.6550671745980631,8,1
0.6354143568619098,7.041545856018532,2.5336101099585404,14.686193332172092,275.04426185207154,1,1,120,0.7129834206915286,0.4837867118298694,4,1
0.6298206544347077,3.2475356095537267,3.0115636813975497,18.809754739384996,940.0383637507819,0,1,487,0.8257830881542205,0.7586105771033833,4,1
0.4032106331838228,1.1767064363524038,4.207093165072248,1.8619199708603418,626.3813366985673,1,0,333,0.26534565300767476,0.6111944399588805,3,0
0.7523978823037879,2.870178403524341,4.410998006406436,6.122079203152337,1241.699617944927,0,0,327,0.76677175099644,0.9795434842541717,2,1
0.5312940183509319,8.35149594181456,4.599648931685104,9.266518782333865,703.0996559402743,0,0,202,0.7941839014090284,0.9777256478821195,7,0
0.6774380712282945,9.808613818274097,3.230442008455112,9.959802555095372,1035.9875357869537,0,1,105,0.6471777607398852,0.9336435922722939,6,0
0.42845790384879545,5.039700744467302,4.827571490693907,10.843912897721474,531.5611853067558,0,1,249,0.371455356562561,0.5520623966100324,8,1
0.7314964640431391,0.2950634782458138,3.882367233944731,6.01253813077297,393.2333250354761,1,1,374,0.63134767000094,0.5575807187478413,5,1
0.8244715176045491,1.5724391589154445,4.241347555969732,13.345192919646982,643.2686433283534,1,0,425,0.6021639054522483,0.8968712148306011,0,1
0.14643625660281612,3.356389638099405,3.99184715694977,12.901690070596594,949.5309684434069,0,0,426,0.580568077109437,0.8103944522190263,4,0
0.832929715574228,5.870136416210908,2.8068501366865513,11.556430125432279,1019.7254348958926,1,0,288,0.5685119323737473,0.7930526788726306,4,1
0.5402965317903072,0.935917728892077,4.907786648462199,2.2752344342175324,909.4893314172257,0,1,78,0.2886604530332158,0.49572770775888103,6,1
0.8446659090902243,9.444901527356839,2.8071889497353815,9.539357821918891,1483.2780060737525,0,1,164,0.34631398788589185,0.8833440280881331,9,1
0.4313017063410146,3.7778199981871277,3.137204891027959,7.124537749787512,1067.5262610932314,0,1,333,0.2778656707610739,0.7055944005840602,0,1
0.37904048538303503,9.143325335663265,4.534069700557451,9.820769396762453,1404.1274786356848,0,0,118,0.3939822621343876,0.6128059019670011,0,0
0.9150607325172224,7.849113667018814,4.046492403752754,18.43732871030052,265.1064728532443,1,1,473,0.4107814261845384,0.905795486875653,5,1
0.2511692675484013,7.603285270652695,4.595372913440892,9.610626863168166,185.92210173887042,0,1,56,0.3960606891944363,0.5759468346474799,5,0
0.8442123252861431,6.145851881865874,3.7893404709351124,0.2796158367902368,535.3925828167351,1,1,447,0.3687432545484828,0.7577480683074358,8,1
0.4840205725094041,6.342481407108078,3.442483088416587,8.776734761682619,291.2245137269935,0,0,447,0.7883376363878312,0.6261336274028972,2,1
0.5140954425512597,6.452431705119232,4.804613748869462,16.41296360098764,836.2159395195747,1,0,187,0.8548523196784943,0.7149164643197393,4,1
0.308468281489484,6.361469592850705,2.5906307937869872,15.601218464363365,826.5737549325902,1,0,51,0.4616873732580559,0.328382530153935,4,0
0.5730422006190157,5.626536667703941,4.640325550882615,10.26780147056362,905.0660330215302,1,1,71,0.44410311334755914,0.6227806142234689,0,1
0.3252111962762113,9.866857381132311,3.0770444629694538,4.995380257186306,1143.319033163502,0,1,240,0.8752258798020065,0.689543915247742,5,0
0.03926941424165231,7.3764475607718225,4.62184081938492,9.301773258290902,1459.8615802972479,0,0,323,0.6991391213326328,0.6449035343247241,3,0
0.27199860534435605,7.814074606246709,2.847991533542214,11.274044388363833,1329.5621680148051,1,1,99,0.43475065983124606,0.8931872607547731,5,1
0.006379043406590679,8.750135587820006,3.9505474092263513,19.997428765482677,265.7141354058142,1,1,337,0.7708898340692658,0.5177867823542716,7,0
0.9783547870568566,2.313269674713322,4.72026979752868,12.883561803387547,573.9191642789201,0,1,154,0.4756742481865339,0.9188535717031783,7,1
0.9657472098197475,1.0212807591315958,3.6838491172472265,13.88529860125227,458.15223506725863,1,0,58,0.6692444914737385,0.5824233789348232,2,1
0.39515529747230504,4.932365478666267,4.366416684508483,9.829082871361038,347.5443008917099,1,0,274,0.9941072239902413,0.7861687125824594,8,1
0.728370854339646,5.237990817068877,4.511679044638896,7.089791015650597,862.6148273180983,1,0,258,0.44127550017282663,0.3607059096051084,3,1
0.345806098410425,8.325981443509193,4.341235521791948,16.25905967294412,874.5701628458228,0,1,200,0.9444208005666666,0.44010785849817585,0,1
0.671093157085976,4.5490790769668905,4.813324342186496,9.898646486784724,418.1427590432859,0,0,294,0.45652193142775854,0.8328162077988903,8,1
0.8054300430459791,5.794359650334266,3.6170855762998215,19.893802599290503,1096.6561504293597,0,0,321,0.6322293634998588,0.30863007987704827,4,1
0.9467562446922407,5.365295197431892,2.9328135979128893,9.142411485360881,1126.0800188373073,0,0,328,0.5679870316792319,0.9779694174029694,7,1
0.400212275849672,0.5743872808224324,2.6195276592561996,1.3600056729515475,129.37199276750664,0,0,439,0.826527649875149,0.4334402307442506,6,0
0.7832979829560477,6.229105986649757,3.1161496740937626,13.651562741801655,654.0607852112432,0,0,389,0.24887415958559586,0.9309127903715861,4,1
0.2659284506321188,8.314824200587672,2.857993759700605,0.9328290185162214,1346.1968976822695,1,1,485,0.7016978432549312,0.6611615197584,7,0
0.9903323037936483,1.7435053711428776,3.894871853586201,5.010031937694066,828.4460515413735,1,1,283,0.8085335554790583,0.695202756827991,0,1
0.025769598764351143,6.024450992480639,2.96236334302933,7.074765055598067,586.678922014592,1,1,175,0.5777158811056955,0.3588922515797175,3,0
0.603528806501121,6.017383335574862,2.597334268223428,14.789671712426554,455.14661223318217,1,1,97,0.2842340852302443,0.5556531279101575,4,1
0.6595059816513271,1.8090126477523156,2.58997457217167,9.884718528152256,440.69632788559517,1,1,348,0.3958440107878505,0.409353202546351,3,1
0.6880455570741288,1.409943022561213,4.578923745912154,0.5729186262051322,239.6752473911289,1,1,431,0.7437378960806911,0.66815204605266,5,1
0.12038757878908901,9.80450904116955,3.978624828607562,12.336997025518443,1244.116986730329,0,0,450,0.9163499084002522,0.6855125019703646,8,0
0.9385297834731304,4.058447862599769,3.3952132547334455,8.228724748533248,221.3203675518397,1,1,181,0.537286885600391,0.7967668647090171,0,1
0.1811832790500828,2.4287329414905874,4.735570106850617,18.43669019934214,509.2126722065421,1,1,381,0.6483296280626074,0.9147947105462282,9,1
0.6227534032398411,1.8789805356528746,2.675491528519284,9.991246222804708,163.94603399289448,0,1,271,0.3827080293814897,0.6277258713889025,1,1
0.22267607912308496,6.742496793115704,4.950805181819565,14.17950291878678,1193.9411976131807,0,1,491,0.5297706512294972,0.46335225905642463,0,0
0.3072164170212709,6.172563913807333,4.0407294756361525,4.377369846590938,154.99715511750665,1,1,34,0.4694318462163932,0.5335001630091546,6,1
0.5464585417281244,6.506810805276692,2.958660634922121,15.219471290633065,531.6215454154917,1,1,330,0.724420438377219,0.892962869057256,1,1
0.4171934185645765,1.0624590696122322,4.197672747442422,14.419106209673448,902.6163181213296,1,1,362,0.9877591613400889,0.402104439555133,8,1
0.1602256009765063,8.956638918284682,4.408453149458906,18.081634170826163,673.3859044108214,0,1,86,0.850642761588549,0.7390792548370777,7,0
0.1709364024208483,4.014810688728674,3.5733569584269365,0.6764328343839843,495.1794941487406,0,0,157,0.3537316679409481,0.3091601186899671,9,0
0.41814478816279965,3.2710201830175083,4.654081515613869,8.950013952349023,485.2647013985583,0,1,431,0.6621428746454134,0.4719685299179699,0,1
0.7572829782755007,4.731142183027845,2.876831018241176,13.583108054792604,1216.906428408749,0,1,324,0.2531293719587213,0.7139859482510216,2,1
0.8979646468477885,4.022647444326757,3.197093958944021,1.9032780016043005,1463.5693331221432,1,1,115,0.39753238947410846,0.6194884280018695,5,1
0.08412766225938284,8.663054630763629,2.7337309039599744,8.212081342978248,587.2574986283107,1,1,7,0.33777414084831237,0.6454846431702619,2,0
0.39310390755940106,9.306757556939342,3.0271946015183806,18.842932061323907,154.80371905262314,1,1,106,0.4684364301115704,0.7623934353217241,8,1
0.10024556372287663,3.1738415212061413,3.0968220297778624,8.718689817822565,151.1920890727518,0,0,106,0.7430511752353708,0.4642102170929972,9,0
0.016592480632597884,8.666570913107558,4.794082977304275,19.70809566961263,1162.8987812950054,0,0,113,0.5995146535334615,0.49656345822855164,9,0
0.6617186826439566,7.858926669424059,2.6952742218778907,1.1367812215963924,873.3177502527777,1,0,434,0.9463274078633741,0.7791207451994924,1,0
0.6024494419665878,9.321915188978666,3.5685378004692736,14.356595522817825,1197.0297203842626,1,0,9,0.37019907187880696,0.6768039852807082,5,0
0.1630191138148862,2.608353059421701,3.8309967180672824,11.62032472496539,1076.4958144040047,1,0,283,0.49136731700315217,0.3102107769811793,1,0
0.2338128330930641,5.8541996711855955,4.746732634505403,10.010793542642508,1370.508888971555,0,1,419,0.4638820614339756,0.7692294566998088,2,1
0.02370775364451838,2.8905369304563577,4.9942405466530335,19.416948029700187,1340.154007465273,1,0,59,0.38877090076794396,0.7340644285265947,9,1
0.8349472056944037,8.276126006746868,4.383470287299589,2.5930080098225727,1203.6583538696484,0,0,265,0.9945366153009958,0.35502530165879165,8,0
0.9746905960485515,0.25217706759642977,4.926977476422573,17.91997903361827,765.2648240590012,1,0,397,0.5097804363544436,0.8232636463886902,8,1
0.1354595367946908,5.735227796286683,4.467752831339684,13.824808222732205,531.3769706453934,1,0,101,0.9524071843996789,0.6654710212629495,1,0
0.23147521376529812,3.524193626464797,4.908006602428541,5.1799214659926545,809.8375024224958,0,1,62,0.5123787790823916,0.44332309876987175,7,1
0.868409523946934,3.362300329362639,4.268176814861138,18.03338291264587,802.900250247753,0,1,484,0.3632733429925288,0.6915494576814991,2,1
0.9264637979561848,6.520081973876187,2.699408563627678,8.585898357220266,954.3857684450727,0,0,174,0.29536506454616895,0.7168209599197022,1,1
0.41962738280681033,8.54454760327714,3.504800467481691,16.28454656146142,360.5365948960657,1,1,196,0.8844505545404042,0.944083110433166,9,1
0.050622472269074126,6.170114835654598,4.116493209506176,7.776730340947999,1017.8678326229842,0,1,311,0.2256781123880626,0.8195010978858193,7,0
0.0393918336928194,8.56109519073788,3.3767962736356276,17.01861654866482,739.2412938881421,1,1,389,0.9715156706714252,0.5113470481438395,2,0
0.5739498660690104,2.793051696434094,3.1834597952844463,12.732582368900973,968.2867647172028,0,1,221,0.5345529694284388,0.3826930772949348,7,1
0.392895108893179,5.291118176696815,3.943498167832727,2.820932671674543,435.4467520873639,1,0,402,0.3978994808674857,0.8972288504565464,5,1
0.028652427577654516,4.615258082857346,4.833754691756088,12.993263269390551,708.1528514282969,0,1,435,0.6939569057722901,0.892247381512812,0,0
0.5832523923125568,0.31412001513034293,2.587454683790384,3.8268952540374523,394.2817002335284,0,1,189,0.3063303934689491,0.42271701030677006,1,1
0.011302536589022472,5.656759002779253,4.423078008853594,8.238452557883253,1325.4272194595223,1,0,127,0.25771645885308464,0.34349182963852065,1,0
0.787371958149273,6.6829383766325146,4.306818195111568,3.4059116850406745,783.1454630581526,0,0,432,0.8622266815276536,0.7983052548712273,6,0
0.3064328227033716,6.000761163306887,4.909883563470718,0.4403223133423717,414.973981803337,1,1,333,0.5397366197002614,0.8058072815855388,5,0
0.0402580030092321,7.415543008077531,4.826778055831359,4.23773078899915,157.6921740381648,1,0,394,0.6146039296836256,0.42400062759376533,1,0
0.5883522209831533,5.799127378840156,4.405581405110482,10.727440474482515,1046.0341305149586,1,0,45,0.3413568071000519,0.7677483016902187,0,1
0.3976844144330547,0.854152497537418,3.8010219117064965,9.631219355546921,400.502599585658,0,0,68,0.24913939562155385,0.49524662128785013,4,0
0.9738004133571495,1.341166136030172,3.0106688830837998,10.029941910721274,1485.4150692462897,1,0,300,0.4942209061214774,0.4824319195781628,1,1
0.5441986625037022,6.045450859930734,3.863089295813936,4.953737568932026,847.1805227812403,0,1,350,0.6049170019040715,0.5271625538632397,9,1
0.2752391810370083,2.894796081341674,4.413379984799135,13.703224012283723,504.56779474724493,0,0,363,0.8123444975024223,0.6642774565617979,9,1
0.7094388646339748,0.9805222645407052,4.739173031594733,14.085265736406916,1020.7484073096824,1,1,57,0.6008416001883707,0.8631177463300359,5,1
0.27149200254271133,4.410106885795758,4.474280023026372,7.159356511193311,485.30789281331977,0,0,415,0.8260056141487224,0.6490506256227383,1,0
0.9042432914075651,5.632361461219823,2.988167337977635,17.623401769483486,1248.3840114736452,1,1,215,0.2923462237394511,0.5086298869368521,8,1
0.37472197050737643,3.421710685826145,3.9992157855701485,12.880464332710957,531.5304713019186,1,0,114,0.25117021763516134,0.9187820090982945,4,1
0.5498685627762052,7.260250281812625,3.3304336488283925,14.260785505172635,1483.5468253542729,1,0,9,0.32708877131476133,0.33856297020965526,6,0
0.05057310382422886,6.508951959392198,2.5230141684766076,5.546798358778789,947.202699623411,1,0,396,0.8176097015109829,0.8579640387286562,3,0
0.4261212379522308,3.4616199386983855,3.000552339471665,0.01223270311174085,1282.1756085197287,1,1,366,0.8074641846709611,0.8490672305452989,1,1
0.832363539660995,7.597750783303894,2.783051624833623,17.30751224204219,201.9416574097911,1,1,499,0.3130942436085132,0.47748276710804016,2,1
0.8056488053633419,6.557211416823748,4.606797808848672,16.44848769159617,587.6191843406634,0,0,268,0.2247909266005438,0.43880662776419577,4,1
0.22431855885352625,6.446964711435441,3.14626563036953,2.463837760856604,1132.4819206326094,0,0,291,0.7482255489697323,0.912290393046918,0,0
0.22607907101056268,5.6235914677132675,3.2117449222188887,7.48210269912613,1017.0826242768157,0,0,85,0.8842254265943821,0.6912099054922269,3,0
0.8173053122132368,0.3116187472678174,4.899841429497211,13.226786167771651,371.94037000726087,0,1,383,0.8032861564081457,0.33220795034199024,3,1
0.9303984201693255,7.025770398073514,3.4477168076221303,13.042217144374565,598.6841027135938,0,1,456,0.36223918449206255,0.9235827615269998,1,1
0.09536092127300355,3.885209552869734,2.5239641003609865,17.20700669617113,468.8207704825573,1,1,377,0.6670143177802685,0.5443041890489716,8,1
0.45005863942622526,9.437575159554825,3.2096153708653414,2.805363232708571,958.7182376665802,0,1,146,0.805892576500433,0.5395095876670184,5,0
0.33745427896422897,8.216250756556612,2.7982489515045312,8.598794955702376,582.395521242285,1,0,499,0.40466296363763166,0.7503015560119113,8,0
0.8706884554574393,5.95940580140686,2.757021404339635,1.9444883585284956,532.6759388004898,0,1,117,0.6221766410955625,0.7629176599590031,5,1
0.08352491468001877,2.671383421828841,2.693718225339374,7.791904968772563,390.3291726108784,0,1,134,0.45156832317901624,0.5473212845798903,1,0
0.2111259425580374,2.1964304541211326,3.9831486754384433,0.30214891175408765,672.6379692805076,1,0,14,0.38046033386161693,0.4002952495278165,0,0
0.7524683375864943,3.535771409239982,2.9733693090746467,17.965461302202538,373.703626275175,0,0,336,0.9756714614166822,0.6865888343587706,3,1
0.051293848981215584,4.870365847084182,3.403106985102526,10.54087993657362,1447.5974223286853,0,1,301,0.9300655683095411,0.737625415272668,0,0
0.49253538071428926,3.101441998381682,4.655044290325042,16.996045216047072,316.30253609342475,0,1,205,0.5565341847611897,0.9021556555412815,7,1
0.44210703467972,5.246309054846332,3.5608453494906893,1.1980940200672752,1378.6266009422868,1,0,232,0.30942244885118114,0.6391079911555461,0,0
0.33440117898874866,1.8206301700292222,4.789228375129094,4.549162209458412,699.8623374192148,0,1,303,0.7823258426565189,0.7519872556977553,4,1
0.3945723153189238,9.7815855656899,3.7448451334890156,5.187599904423612,629.0123881864109,1,0,65,0.4045609041025762,0.33808617947111264,8,0
0.5299405869302329,1.25766063865694,3.497091537099389,7.733829892775761,423.84772126678837,0,1,461,0.3348142446704756,0.9261660301443133,0,1
0.16136735838838312,9.333052568612846,4.375972317726754,16.05732744795092,990.0588681145267,1,1,3,0.5052232141905477,0.5290510692446915,3,0
0.5719958782835928,9.15306451174641,2.6829377469200053,7.731157474629853,1059.739221015171,0,1,2,0.6238798473333913,0.7425547870396183,7,0
0.8054323292999863,5.348532721831081,2.7236959574560435,4.09307059292654,754.5993471533844,1,0,258,0.2779522638563317,0.941236141919269,7,1
0.760160929790159,7.304120663993627,4.129934284807401,1.2998052067753685,177.98965397079377,1,1,202,0.6573971784388213,0.8673680490552809,0,1
0.15389990469377368,4.473273320131361,3.7173517830981204,1.5898349670537493,1385.91421096397,0,0,324,0.21227869981009723,0.7463927002345059,7,0
0.1492494697414739,6.374338859915895,4.476038125798025,15.200944119219548,1472.4607860269334,0,0,239,0.9134952484744694,0.7925254796490596,2,0
0.2681743677449133,3.5376441867269635,4.790677093358829,8.89605982073266,703.4607812965689,0,1,92,0.9365933514230933,0.9446335811754834,6,1
0.3610747263410372,3.1513583938973646,3.4709171941788686,14.523622440000306,959.125130373058,1,1,283,0.7864566188094813,0.8684652261027563,9,1
0.4084555814084826,5.866651904461235,3.9910250664616154,13.64574243527395,730.4180767412454,0,1,22,0.5732395268593421,0.7269013423760098,0,0
0.6796972168333453,5.081670807003008,3.7517415694882748,2.707249235205156,550.6315112405689,1,0,285,0.403917016450649,0.7610918943467384,4,0
0.056680432165835404,5.879456417669815,4.9540266391060825,2.857758683845344,208.2463100009307,0,1,317,0.7952896725691172,0.40308789691564834,3,0
0.034672704226066386,3.0092736966128255,4.577711018391488,15.106840308682678,738.4948225562184,0,0,86,0.9454377615616509,0.6291173758394197,3,0
0.391910562943909,3.796186751806554,4.779344270693384,14.425365869708344,1245.7383789032322,1,0,50,0.32682696391795163,0.5106983533785665,4,1
0.6971636921379805,1.0222000141633112,3.1358502189440105,7.560615337486207,123.84404552320501,0,1,296,0.5726575914381584,0.6023794441499415,2,1
0.19343534295648257,0.7123084482676161,4.431316057906486,1.5484452666568016,914.9507564523112,0,1,469,0.45220930882874255,0.7635728114715293,6,0
0.6415044812562517,2.68387987079556,3.1636830624941226,0.241960433969044,1333.0809522173645,0,1,319,0.48539343123672796,0.4044057655212289,1,1
0.25982813794029946,0.9276192214393484,3.021856333570975,5.763138989234897,404.5692020201012,1,1,42,0.5246062250583461,0.31216317456287984,0,1
0.8860861088135163,1.2169921446204588,4.8606653991388775,0.18444547174453874,356.55821056468704,1,0,203,0.9614370754970707,0.5778470822629107,5,1
0.8956899442666165,8.166698372860584,2.5482610417946665,4.601452422074068,1181.1872759827204,1,1,346,0.40690973429447497,0.52552902014164,0,1
0.2972872042813265,0.5809622307635551,4.913471759158574,8.390014804226771,457.12100356701063,1,0,57,0.5941406712748054,0.5943024417911951,6,0
0.2299937539632405,6.65763938056048,2.8731547424720154,2.428315306239084,368.77797458490784,0,1,58,0.9611899773294323,0.9518546442582865,7,0
0.41130397206623126,2.8710659383909256,4.548595204483171,2.085555156630925,629.1849507969291,0,0,167,0.5808455121746539,0.7949588708503905,1,0
0.24053158518014872,8.74114767093964,3.1898063826702576,17.92874871437473,649.5028171783051,0,0,173,0.8908796175371627,0.5292211422194121,3,0
0.6723838432917036,4.952924388859496,3.3767558185768185,11.709400580457785,1323.7414882231924,1,0,317,0.24701181946022477,0.42549517556569216,6,1
0.8260646845482855,3.1946493014126927,3.0418942783049623,18.689113735255628,965.8208607071476,0,0,432,0.9624243347705888,0.7329348059798555,5,1
0.673092130911217,5.272861569756459,3.963785106202699,6.916523275713584,668.346038875425,1,1,371,0.35002491762084076,0.7603033760566522,1,1
0.8243504472493495,3.943188586643635,3.370238868769685,13.542898746583262,848.1431500000735,0,1,206,0.9839480277850274,0.6385358787144845,3,1
0.39699216220747413,5.7301504337643365,4.143482598736658,4.093833492435808,1435.5513266553837,1,1,110,0.34046149220683875,0.44893254223551204,2,1
0.15631697070886086,1.3224221095982127,2.539118294855165,12.366806345598825,258.5005472538535,1,1,22,0.5554927582359794,0.3199886825855712,8,0
0.7379509473975921,9.970506927563001,2.660937208787599,2.5917146001996882,390.801730414568,0,0,427,0.4468915932580356,0.48596248822709076,5,0
0.3604745051415539,4.370447601427832,2.7491528818281217,0.04161278352571518,1447.5401892211773,1,1,232,0.5465851368760353,0.6200193495031288,1,1
0.6712708252291325,3.6126602691322134,3.5474842132755775,18.63063602819158,1440.2547879380857,1,0,427,0.40041979194042043,0.8515540005097444,1,1
0.27064394198176567,7.160056513499397,4.53699043164994,11.097887523504186,348.0315897706817,0,0,274,0.9722539299421136,0.8976276801916205,2,0
0.08122963480667267,3.7662141836542586,4.720444775945957,18.53881325564079,303.15234397541747,1,0,171,0.44457998725847336,0.589054191766875,4,0
0.9925817954877634,8.366088189281825,3.112026850152252,6.67663047404144,689.5191880740678,1,0,10,0.7226199296513784,0.8572868382784693,5,1
0.15620150793059928,4.651853098732168,3.9359243105975352,6.555721383235136,169.60560948315674,0,0,59,0.3099579916790308,0.995346976485807,4,0
0.988420993963481,7.251672450001263,4.420912481731501,8.013100035460635,1016.8649451991961,1,0,421,0.8595099878799071,0.8016272623965606,0,1
0.9772799325664473,1.2530415211304882,3.2220735747990217,14.120819679163365,208.49443032643904,1,0,231,0.6340063548076107,0.8100193221209848,0,1
0.7938181039080396,8.491968018440096,3.522519341840683,11.316172683723485,181.24147793199302,1,0,234,0.9835568996250528,0.9366755510848817,6,1
0.6594229620819976,7.410036270425477,3.809935506714285,18.507098141982357,779.2617106923889,0,0,2,0.5387217734667482,0.5367008898918368,9,0
0.5778070502510847,2.274824428927264,2.8371871160201194,0.5088180226487871,1440.9012905541422,0,0,143,0.35635829998132834,0.30784377514022987,6,0
0.8661015453778347,1.6238028955087092,2.564955734314451,14.163918759450729,697.5143104884235,0,0,479,0.4768151995527869,0.9908840901729894,9,1
0.28943952161948794,3.2996650175111193,2.882014523295708,6.6065537873310864,599.0736221247715,0,1,229,0.7895724848747954,0.6433276543697166,5,1
0.46768121248487704,9.765491743112662,4.067134053133834,3.6046730363692236,1497.1394017032003,1,0,8,0.7272852167967008,0.8499743152136288,8,0
0.6193899693665019,2.716949430757175,2.6840456538342043,10.20791245040198,844.7565450908568,0,1,296,0.8226779260941801,0.8687437963265068,1,1
0.4111904758694911,4.670046647677006,2.9742409121253206,10.10127568359992,625.3379696463479,0,0,293,0.2587762337633673,0.5782616739560202,0,1
0.427486454090268,0.4941982120298959,3.3446347142382593,2.740220573768568,640.2051386782425,0,0,324,0.6642950202758292,0.6788911327056227,5,0
0.3302846675020844,4.092829789749079,2.694675160765916,4.037921122657798,372.94329444691465,0,0,192,0.9457349416290437,0.6779408682438743,5,0
0.564231816684536,5.7989361512444075,2.9792481779040862,8.163293298031098,817.1122804265545,1,0,290,0.2863215355852619,0.4541512065409753,8,1
0.850574528015116,9.540621202578057,4.778174472458778,8.176228247846307,714.3970394352082,1,0,126,0.2754682071303831,0.3823472537260054,9,1
0.20152837800631285,5.264013240412632,2.548247830567462,6.351162792393694,479.11341488637873,0,1,418,0.7732834916156113,0.6805006134598377,0,0
0.9344330387534414,8.22725179654134,4.133579810435905,2.9709030301996187,324.7561212424637,1,1,459,0.45214596467536156,0.38410025879602366,0,1
0.6890876537482297,5.561850897175226,3.4610223272879623,0.08747358201959043,535.7344161345752,0,0,483,0.7268633682887256,0.5422621067016592,9,0
0.8232732126800302,0.5996931316680775,4.181621848580928,19.40470124856041,812.1566587628209,0,0,468,0.636307610440288,0.43025833214865694,5,1
0.5561906926300116,3.287081096859786,3.9717293009085113,18.869984594078538,181.66658119872233,1,0,47,0.9888533266719246,0.7948412757979446,4,1
0.7795167014240635,5.840385176744813,3.0587468858866105,9.673007583522704,315.2416400175384,1,1,106,0.9112451335638994,0.9104061974499913,5,1
0.01620039733946721,9.515820866125019,4.618023718933472,19.901035065500114,1426.7201737567334,1,1,263,0.7424582252493694,0.7045402268965261,5,0
0.8183804247795352,8.619477525562086,3.729850956523392,13.473086615644865,859.9974914438745,1,0,252,0.4093397008825204,0.5871090650201183,3,1
0.04013885908536652,2.437885018952707,4.55634004728368,1.3771507521508308,188.82902512405303,1,0,26,0.4095265297203756,0.9976498485749177,9,0
0.8899133763628625,2.357076334187803,3.515031340470548,2.3543639816525475,1070.3228622774022,1,0,8,0.9057950404551567,0.31484639467257747,7,1
0.9919627472386433,2.171495077716228,4.9617138847880975,18.322216877392755,186.52401811064863,0,1,219,0.6682728522203144,0.5130387589427459,4,1
0.2940674621767778,9.24048918376453,4.42622339625324,12.60104404299257,1134.423917864922,1,0,157,0.831425425641682,0.4950712068529003,5,1
0.21031855628579366,8.556128300396862,4.914875512781434,16.863672533147025,1149.9478104080376,0,0,13,0.5598913652294641,0.5493425186405437,1,0
0.7653633638580407,7.793857636078899,3.785816197274647,17.965392992676886,1011.5105660489537,0,0,406,0.2824589093212213,0.4614170188109519,0,1
0.2530263409202532,4.04880411939743,3.6842278307267513,8.958840225647721,1125.0863624670897,0,1,28,0.46614916659170086,0.4849839848020191,7,0
0.8655623831722035,5.142930902127915,4.3886345233131445,0.9705190315338608,223.15209341828086,0,0,25,0.3289193554306905,0.4803739769421291,5,0
0.10284259215747671,4.750451098992498,4.700728157533575,3.7656069779464407,1117.4927732973747,0,0,213,0.8254662531404018,0.6540208355267014,8,0
0.12595519637935826,2.6833014540818523,4.910364489663895,1.331438946048702,291.3636476134361,1,0,142,0.7604095917256721,0.5737386939241018,4,1
0.9791515551006156,5.149274852257917,3.3113797650812495,3.7747969139701465,575.3082701805813,1,1,114,0.27073033791043255,0.7474960713894359,7,1
0.6738388982700046,0.49886616895699376,4.496761434606597,8.210658529117536,1419.843354900886,0,1,328,0.6971083190095017,0.6600808119073798,6,1
0.8468872244289528,1.4917416602751,3.0266139940888417,2.3639362102997086,804.0256687227961,0,0,217,0.8993084055958365,0.4283952966588114,9,1
0.324329377351518,8.888578042455675,3.863935866863613,3.3346649561068653,1454.3970049162194,1,1,80,0.7578914363199734,0.8670314852541554,0,0
0.6764837495206044,7.566461716907948,2.949620371022998,8.916435641433583,224.49144244143258,0,0,200,0.6088895303875371,0.63053663883839,6,0
0.5942418273085972,4.344110408779054,3.3684934043758474,6.803419007769791,768.5792393884522,1,1,66,0.44949062795110983,0.40726206253418795,3,1
0.603150120122947,5.268073550381997,4.828395918016148,9.35316248376082,187.3632483876189,1,0,248,0.9096773996687164,0.41681589005006353,5,1
0.6825324595377216,3.825989082407779,2.8652267494327153,8.583440555181241,982.2943673589987,1,0,143,0.5382439057128159,0.857877887335269,8,1
0.5753591731290986,7.459642698174591,4.081002237837991,12.88956051959767,210.18980191592294,0,0,140,0.8843148641870284,0.7920952289561702,8,1
0.42906236930266595,7.885034356474381,3.982385682318508,18.74379097751709,345.51492355652823,0,1,345,0.8263998705745577,0.6545695667778326,8,1
0.27592269438054684,7.68019486399096,2.8018458817724663,2.1572867688848496,462.3624340969927,0,1,464,0.8529815722246878,0.5142570568266327,4,0
0.768581330913202,7.281594903377607,3.3149476094220303,1.9852029861838982,1148.2413923302765,0,1,95,0.991838016129317,0.6223654257579532,3,1
0.2262724300031862,2.2041425191893995,3.9074537612881644,17.05612222181804,329.54696634530467,0,0,407,0.7990068126983716,0.7455384759966304,5,0
0.6923543061544142,3.5121057965566926,2.967946522471226,10.127934093049182,1285.284874610295,0,1,117,0.22723274857491874,0.9154976222006601,9,1
0.23333282264932664,4.804485262840015,4.501559141032038,15.328100471368844,284.66551436312125,0,0,317,0.36434714798459594,0.6891075073751101,4,0
0.6253301699544539,3.4417713159910255,4.930391273836875,4.308438072145629,149.34222869821886,0,1,184,0.22815612026013163,0.49371470634162506,9,1
0.7470782671290289,7.598413961551625,3.0368984999061803,16.577251463351036,653.0635865575349,1,0,291,0.3519308559533525,0.32991794028543503,4,1
0.2187138889065392,3.427664537649556,2.9672799119764397,18.47693248385392,1471.2182987598133,0,0,443,0.24915160854889065,0.4228185391417184,7,0
0.05994330086130828,1.5546744504963041,3.6373376794936116,12.709660310929765,254.47911890428813,1,0,244,0.6012936329490024,0.755124334463724,9,0
0.13097374299417408,4.11059643007338,4.369413192850081,2.1175804294760447,242.40582165548065,1,0,469,0.22256497050646226,0.41230587677691033,4,0
0.6059969672710255,9.803161441267328,3.2040015255881285,17.905896283126776,1151.6331151138734,1,1,379,0.5780632796922076,0.6370776872004156,0,1
0.8494464062257355,2.4136378467490442,2.549699771743201,15.849754547401426,537.0263715909914,0,0,200,0.9190727256960096,0.7892685108334697,4,1
0.04499682123542437,6.199154857643646,3.853051570082235,15.017555530289798,1104.1942641160038,0,1,277,0.7988608100598475,0.5157574309821775,4,0
0.7341512590416462,4.443135888429122,4.891501419418269,0.7345637781183112,380.0148252207087,0,0,360,0.9551647389214049,0.7683741228651002,4,1
0.3413186459500521,0.8960407629634011,3.4781921385173638,15.979250505139424,744.100791877428,1,0,369,0.3813174190052164,0.706750443153473,2,1
0.4785283699195225,4.981190738780984,3.5503363854577508,2.75902020936714,471.40582884848504,0,0,109,0.624868653124235,0.6072573748498769,8,0
0.9288595498455656,7.081210420753463,4.9222542927850945,4.447723523937768,732.1395008307217,0,1,211,0.4548635625326711,0.9280718352189827,4,1
0.33197150473584547,5.229555763112624,4.236519029066821,11.54269669738515,1176.7359296194254,1,0,258,0.5950558365536273,0.7844412232992106,1,0
0.46533693393948605,8.746639424716495,4.297929807105313,5.2996154583376605,1166.8139166687263,0,0,163,0.6456606636674308,0.5524179232068026,4,0
0.013682414760681105,3.03158276324431,3.906755013427669,13.226964126238395,822.0812027432131,1,0,96,0.22894890438069215,0.8629851734678791,8,0
0.08159872000483837,1.0452418787788562,4.936523027158104,12.161408953981631,1399.7205812094714,1,0,209,0.3866049081719865,0.8166715499187702,7,1
0.258591591134784,9.37834299424846,4.2221662110638905,2.1629919602652525,469.2977434275836,1,1,35,0.763818223395198,0.8541787758557149,5,0
0.027852240821074403,3.906324225376547,4.737581879012923,13.120291591830126,436.43589156692633,0,0,265,0.8183424196322397,0.748669188128696,8,0
0.631375326048251,5.848774404245607,4.248447164333053,18.4790981964986,959.3289616456073,1,0,99,0.6555610939900026,0.5655594310876491,6,1
0.4263983568016225,7.961630636075921,4.33778956210099,3.2221981037166625,969.8158479035047,1,0,20,0.4166632223589414,0.5440049609229883,1,0
0.548145202728022,3.37827390598069,3.2260273053556165,11.941240418857749,165.1560553909636,0,1,216,0.524067293378192,0.7579059525314851,0,1
0.17464718589632955,7.21841247414059,3.2586967450345474,6.837307438733882,950.8887973416566,1,1,432,0.2768294495051077,0.3916300055768308,2,0
0.2959320294366161,1.5271047282147148,4.457461623940073,9.19223343547208,624.2106202886201,0,0,103,0.9625436934340734,0.8739400453490029,3,1
0.6638244748527251,3.0546787226139522,3.241765722924749,5.740003581579398,1146.4195354487827,0,1,370,0.8949419769682305,0.5592347687986512,8,0
0.9653027236303998,1.6181642341378952,3.906925177003829,7.082612726953905,1231.3479303633821,1,0,392,0.25248187752597073,0.7412603925558843,4,1
0.0504167736022092,8.150059472333307,3.123380777266755,0.5782364653311456,873.0153473658512,0,1,111,0.33319253252666436,0.6493447404533926,1,0
0.8903843208552661,2.381962505222497,4.542458452022673,19.631034758344413,102.38704410317112,0,0,218,0.6648755529510029,0.6635285444172576,9,1
0.5768812013112085,7.2305548429710615,2.776253378069225,12.495998441454965,990.9121342332988,0,0,119,0.3859440593033727,0.8166043023409428,4,0
0.5639195667556237,9.444324293007394,4.573616599404161,10.014111809877706,1148.433791532308,0,1,248,0.9475205584113027,0.7386690375699928,1,0
0.5002785352077603,5.372167648874996,4.006824501269005,7.674306990006534,448.5765727241199,1,0,334,0.8044724646968597,0.4752162918419994,8,1
0.06939408590418339,5.49228608415474,2.967273837067693,10.787491176480552,750.5044015971043,0,0,435,0.41863321032886625,0.35195815199661645,5,0
0.08987685173616067,4.718128967358559,3.8550884637652953,7.602119974316079,1452.0172727765037,0,1,95,0.20488112895238092,0.8881638471557036,4,0
0.6009120056590861,3.3937234052576994,3.206247092118351,7.198158549873465,517.3617747517449,0,0,431,0.8395579129623798,0.9194258523263004,1,0
0.3409585714355583,4.861419303064189,3.3086683368262415,9.278930834440262,412.4145514584371,0,0,187,0.5392717676808525,0.4151475730421231,6,0
0.9172680665776807,6.107513816214243,3.378820103992201,5.519660673423816,395.1967066692142,1,0,363,0.7139021694862218,0.5166339468436727,6,1
0.40659053735947226,9.862717407272461,2.6582981174308022,3.600997999335709,882.3211680955948,1,1,374,0.429579860337038,0.4976396673522126,1,0
0.14328145870264108,9.390092681318597,4.964904211003543,11.13211796360587,1429.701941831209,0,1,433,0.3142986074865368,0.9562139925181083,9,0
0.714718833502036,8.649098991272593,2.5788365703280602,16.855308723006022,952.1661808804965,1,0,422,0.7402492734285966,0.44334416735148185,5,0
0.29335342144100984,8.913479249907612,4.156242182960696,3.056563554517846,524.6523683327239,0,1,143,0.5602596705173273,0.41657746246988236,9,0
0.5254703073558932,4.784921996262021,3.4280691193935766,0.654686812084373,993.9976892944358,1,0,27,0.3881357608559848,0.4272869848237393,9,1
0.69783278550517,6.642954406339156,4.115025727366747,4.936234903080723,974.7792166369024,0,1,498,0.3101023996529626,0.8109084232656367,2,0
0.9002641112020704,8.971653884774899,3.390620632718959,19.594412869076216,935.6951900215159,0,1,5,0.6643836755533068,0.9216138909725327,7,1
0.7921911948016761,4.05091749691526,4.184376615647147,16.575161474866785,323.1966896436228,1,1,316,0.7804399521660594,0.5753571874432877,4,1
0.6763610678727241,9.625272287785593,4.323088773670902,11.917321070571932,988.3935190829918,1,0,261,0.42710956969849223,0.3952559330564497,7,1
0.6796331823951436,4.274703408277994,4.226381600999112,18.58497830486272,702.2302335202995,1,1,229,0.7881140282776993,0.710005398185838,6,1
0.9459246440320865,6.090610120853514,2.7849049533953805,8.905582336744892,126.02888207224672,1,0,121,0.34649775898621754,0.4469544708302833,7,1
0.29582409749653604,7.156086190069246,4.142233086636711,19.66561205150348,855.6702820064932,1,0,494,0.47073255287608745,0.3449060131556644,0,0
0.0011120941961874076,9.515801728144195,3.1999688736352434,5.926040902385681,1484.9734433057847,0,1,193,0.7959058294399644,0.9203619648677333,5,0
0.2719545593981987,2.5972394857122074,2.5720034264233336,4.806114990318782,589.6354271815769,0,0,104,0.7281148157176636,0.9095888934335732,2,0
0.217891379626744,7.512083586738695,3.537076679722385,12.76096402294022,1451.7829056461214,0,1,423,0.41641890152313005,0.9831371121814916,4,0
0.6618345851139982,5.303992744212006,3.5838577570095027,7.563079359007208,234.68803832763237,0,0,198,0.29770800123754654,0.631803328434293,1,1
0.633711599765529,2.831859978082283,3.6679353333811164,12.527310839525157,1125.4301622142286,1,0,474,0.23397873995779356,0.5058008387472954,3,1
0.5934613827047238,7.810747030004628,4.2620604134767905,6.099910366053716,260.06199252796944,1,0,61,0.8703321439354286,0.8388486218992817,5,1
0.0162434432094537,5.611778345703697,3.272109522856148,12.358365136759822,483.0002029773838,0,1,283,0.26011355965428806,0.4263464524587389,0,0
0.7287780544506475,6.677543442366823,3.2882012827598066,5.514925211700728,899.1771694509741,0,0,79,0.29187612176511024,0.4703044537713964,1,0
0.3235304124854915,3.3644304720634306,2.6513806406031515,1.0194413763777987,929.8915715674484,1,1,174,0.39016850422026694,0.4789778383451665,1,0
0.6650559890066311,4.91648472791053,4.21705303998074,18.242718038463668,1185.2958441278397,1,0,8,0.5565357633918784,0.9661335869385259,8,1
0.5565784285021533,6.250071659683058,3.9195652284989597,17.664104037469244,961.435970118415,1,0,179,0.8318296641891969,0.8108760431817517,4,1
0.3427309254279072,4.168125979844471,3.37356278173447,19.41596298545344,931.060586132785,1,0,270,0.39798426075288484,0.39358635480750737,4,0
0.13457626710410775,2.144050890507473,4.262972447293387,14.330543524428094,1377.2943217847937,1,0,161,0.6348065986878015,0.3649921146867347,5,1
0.09441889766048095,9.624076824689979,3.843394373067193,13.654423554706058,733.02505309282,0,1,275,0.2722980176400345,0.8899703975091582,9,0
0.8315183331122236,5.2123818924176515,3.6731123646763493,11.180061401496616,415.3720901730771,0,0,205,0.5716088041092198,0.861592026131333,2,1
0.918397542081558,7.392419628819466,3.7783113591528164,2.5188483270504536,326.5040190330824,0,0,59,0.3421111947018466,0.7696962046058486,8,1
0.6497880467642996,4.2282624968493705,4.090870313167642,3.784706218985401,659.9924355332997,0,0,185,0.3689532471124521,0.43727045667763126,2,1
0.10343411486048337,3.6802912874520204,4.150006511436499,5.789393773450724,1097.853857271174,1,0,74,0.49346274728714357,0.6361984772224898,3,1
0.4020272168882407,4.190210124977825,3.222394547851793,17.803127251467888,159.56087890186126,0,1,93,0.8090781589606859,0.7219081618200917,8,0
0.7289392001051572,4.210127109099369,2.851858408477883,3.4593904920615026,280.6747411131686,0,0,66,0.7951891439201877,0.9524962687882461,9,0
0.7798208840100681,5.532965136231145,2.891585452976297,18.457463489757814,248.55884414509518,0,1,1,0.5319783811882561,0.4185966181381874,7,1
0.1182186222910886,5.5260047258173595,4.098477214757504,10.455714661028344,919.3502142720423,0,0,177,0.2949369233539269,0.6608127650022795,5,0
3.071884538241587e-05,5.072107395652143,4.682183214417815,14.311392709461444,440.0105107437728,0,1,141,0.4245532960191571,0.4104261472148184,7,0
0.712137045880605,1.5209006921908934,3.5237406958638795,2.2048897336113304,332.7631996219551,1,1,439,0.6042846212241106,0.6106945384019066,0,1
0.35659617598620563,5.061539689305206,2.923800400823656,5.380670975518218,929.8790076402313,0,0,476,0.8955294229560986,0.440094482241646,3,0
0.25448133161826025,1.8572182241223847,4.391506245734637,19.170372163628528,1165.833881633331,0,1,452,0.9746036918506644,0.8853303458206478,9,1
0.01289746978952544,1.4361307056984987,4.581223686048622,5.322998938594628,565.0168830337301,1,0,43,0.7099767480191308,0.478315394346259,3,0
0.5402994067614997,9.339928029943444,4.701456107802416,5.930434407822922,909.4864479472346,1,0,173,0.48054919239792104,0.5919733013708169,1,1
0.8511507354259817,6.128510128847502,4.017078572284333,3.9519476968215894,237.37417847924428,1,1,389,0.7547627629555029,0.5854513567444946,1,1
0.9576316462725879,6.663002569620927,4.6518213984702115,2.58147330613659,1409.2674426405981,1,0,391,0.4689841086564789,0.906406472015231,9,1
0.5657449506132892,4.137577969266966,2.5385373961210194,4.665152829079959,571.6546594406819,0,0,294,0.7003787627332851,0.8304582253125821,8,0
0.5144613277398942,9.10801274076567,2.7680895044238087,12.846537839015967,1496.5079704429018,1,1,230,0.3950132573565413,0.3403028423105588,5,0
0.0850563854892411,6.451718797880722,2.7314401676302467,9.10735467007127,1470.022858189695,0,0,235,0.4135909609851024,0.346961220017715,6,0
0.5488728015425998,7.7378647213311575,4.281511710636833,11.075116726757972,1190.352829070136,1,0,92,0.2601804712328985,0.6858380715914929,3,0
0.3799790789653946,3.811912196471596,2.6739544588589474,2.4472965753204856,128.0939335697534,0,1,486,0.53611292177054,0.5994033191504553,2,0
0.6071352808835769,9.60811643202743,3.7409109311657676,16.042328943258003,860.8648885381086,1,1,43,0.6945396160765342,0.4929089543757894,2,1
0.3887263478765467,8.240520643551488,3.6817672465907227,15.68189401159696,221.5709886160161,1,0,26,0.8310359550484969,0.8548346567451837,4,1
0.24029912345036675,8.568694937542528,3.276758808895602,0.4317982228535078,1353.1932363461226,0,0,271,0.848278835870155,0.3900446203292996,5,0
0.0949652752283765,1.887503820772392,4.676012924855249,7.670301890206099,1205.490753706364,0,1,474,0.993955559605731,0.9818398390091063,1,0
0.31491844458889573,2.8554394371379517,2.92608300469999,1.3754120394229563,1461.2765272339561,1,0,38,0.27020458066956954,0.3168717547265127,6,0
0.09664483428775228,2.9991406768990556,3.3811569609980996,15.842115588299162,951.7361344097136,0,1,487,0.594509414756663,0.3827615072275905,6,0
0.17689695082398393,2.854910387819338,4.435428750057323,14.745393662514088,831.0419262780732,0,0,384,0.6170996603219308,0.5179216579930963,0,0
0.9873361585795459,8.582999988622023,2.5760557859832107,18.039761885863122,826.5633983221427,0,1,492,0.843626741102314,0.6564043666788522,6,1
0.4441035569066186,0.5124709930442026,4.182376000615921,4.728079179062292,641.0277242360828,0,0,434,0.41308681247107765,0.45129531093552666,3,1
0.5318717665050166,0.9457798920115883,4.5409943159039265,9.125917662555977,756.1660941207973,1,0,446,0.25549785595157365,0.8153506041978185,3,1
0.8736185287372153,2.8843657321730567,4.830669597095418,3.689757543287955,989.5776163894905,0,1,288,0.45100704821473575,0.5502793323981928,2,1
0.9955689004906878,2.158755151564548,4.690741601228712,7.42469868948239,1406.126650578788,1,0,247,0.9871422632514089,0.32697683337785627,8,1
0.5827144493446815,2.4722242160519143,3.298460292084213,10.444865031337681,934.2380735584435,0,1,49,0.9195529582596691,0.9144053772084508,2,1
0.8124738210441717,8.01984325468234,3.9659103533073816,1.0666157967717793,1299.9623192443141,1,1,358,0.5161975687573213,0.9607059711602439,3,1
0.32694102433667527,5.71864062014206,2.6932337328761644,14.297408213547705,1307.8918758235009,1,1,437,0.9010175989960485,0.7329945357059309,2,1
0.3057439574472911,0.2565524806710864,3.1446750088700215,10.865867207421505,826.3657461875629,1,0,282,0.22620358729332699,0.8645754719992835,7,0
0.4027037209945602,4.407363103901114,2.7355559468687685,16.579180344213466,586.4574980966702,1,0,208,0.45136326197136045,0.38477807708531125,7,1
0.6725072626736491,4.197272283133517,3.2879682253849096,5.435610023823944,995.4034226649135,0,1,123,0.7814494783900356,0.48817419725066524,9,1
0.6821916892550988,1.3166636405565266,4.687968033646822,18.06642210538509,724.2282786807798,0,1,462,0.37716180081347117,0.5276621813747286,7,1
0.3152394346494508,6.826189528294281,3.3679170991857315,19.97388506060887,214.01721425070605,1,1,341,0.35871276118984535,0.9725272168639474,4,1
0.1332099241366287,7.080552446119014,3.904745257503566,18.38596876755349,628.9327406054072,0,0,248,0.8894460367714987,0.6585558479351572,6,0
0.6323962564655086,7.264753546710558,3.583452120287352,15.557849516663083,1491.7009932690548,0,1,402,0.6927631688613951,0.305189491169772,2,0
0.12832586218876452,7.3390152664742025,3.647291310746838,16.247376057475616,167.9166180368021,1,1,283,0.9912181746496287,0.5661300760090668,7,1
0.5784925082293301,0.20051770393650867,4.923930129591396,11.47488485089173,1075.3336766612974,0,0,150,0.3077357410233188,0.3054254206059035,9,1
0.693422128056309,9.548423877697877,3.2403861706596446,3.80307725825221,1277.664187099746,0,1,63,0.48490272578651733,0.46646401833071205,1,0
0.7006114963944516,8.179245917135699,4.0683111738079285,13.540813702954345,1008.2162648655302,0,0,483,0.4489706974429476,0.6182900469988242,7,0
0.7534721106595967,9.059020626574997,3.5501566739486177,14.25506004119863,897.647523628606,0,1,240,0.9041057901751277,0.5263751387945856,5,1
0.8728594215656645,0.35330429401285457,2.6528654526192157,19.707702805358114,1090.5761837702605,1,1,166,0.40423721603440854,0.32291394859961947,1,1
0.49995899196478844,9.351816198700245,3.72332707906059,10.826026325126437,701.0798322195179,1,1,239,0.48276879813933604,0.3814350056861456,5,1
0.7302491895295712,8.135927581143426,4.533358322612771,5.427380300501127,227.90643223242745,0,0,48,0.314267100540342,0.685620592855913,9,0
0.6191727353658367,8.404747600995247,2.746882421704221,13.673450434790135,1447.3204560247343,1,0,186,0.8203207861193498,0.7869234330691397,1,0
0.18663993979768256,1.1142163702752914,2.6739796184907725,19.587516393329093,705.2210779778745,1,0,147,0.39016262716708233,0.5831843085630318,2,0
0.025689644869408168,7.440024683402258,2.8840788009831666,3.54427816538188,1031.5449320352245,1,1,188,0.25465621778577563,0.8120372224974348,4,0
0.28454138567693377,9.607183558492492,4.411000278473265,6.519958370712054,843.8346116450133,1,1,110,0.5480869861527173,0.41433302196060057,0,0
0.4430337063376194,6.849763945897975,4.309988460361845,10.837619075453622,176.54230076857638,0,1,383,0.5131664991692277,0.38544056346538025,8,1
0.6171059444286563,5.791501765321144,3.9125444222652765,3.4042926976400967,1433.8452413895538,0,1,264,0.34208736344430046,0.887617601160293,9,1
0.8499593305032054,9.46717084194017,3.670566010231581,0.44441279039876713,1209.5521165600526,0,0,278,0.30687804791681245,0.5374493439445397,2,0
0.19624571670616564,4.540783792997473,4.720814536756555,6.739662448825012,308.73705225715287,1,1,236,0.9172457707066086,0.602573545361097,0,1
0.1255497898984771,6.073076949842692,4.416744559583706,17.307416030021162,1474.3084268035734,0,1,390,0.2542755892409845,0.9633071216221074,5,0
0.9634799474743275,4.868115276244789,4.529855628254513,0.8693679864742965,1131.661921040391,0,0,158,0.279448765357056,0.5968786295559765,0,1
0.10804455937640711,9.341892969330932,4.533155753376636,8.57858118033835,761.2503105996324,0,1,59,0.3960378249107248,0.302443074096333,2,0
0.47849107010718916,0.9456303223019713,4.106792886863895,15.244015458521648,955.9180791834025,1,0,498,0.9622713517252017,0.956580357684885,6,1
0.5855637287933019,5.110973068088413,3.6450365607898645,19.063651938217706,249.43135482043652,0,1,316,0.2683073996158841,0.30988304344007955,3,1
0.5413744209074383,6.932133925577296,4.661694381464126,19.709507980088645,884.5761140218553,1,0,74,0.8528118613943059,0.7636003986104386,8,1
0.0860321570329432,7.960684076537922,4.815018544008127,8.439387612174833,203.12550082388316,1,1,487,0.9136417226550617,0.5260236366727524,6,1
0.05702691400361937,5.913582744952537,2.5595151081458574,19.00768588758235,862.7973599670227,1,0,464,0.5022941931607083,0.6292735295921434,4,0
0.10548342746103567,9.107393892390249,2.628887183165628,0.7083794656172748,873.7739642678996,1,0,227,0.4351155198654739,0.6830996173873288,8,0
0.5855876838726125,9.431516179461942,4.896858242271094,14.918338759971126,1324.2142992250415,1,1,153,0.7419021826059264,0.5859220401068879,2,1
0.5443448876343211,0.8303283872971186,3.192901534610487,12.854920692672259,1115.0805003812116,0,1,355,0.7621076804881783,0.8420581510275176,7,0
0.23374079203674425,4.143231287505469,4.683423599123547,4.990437151723047,449.37334910116806,1,0,465,0.8239817302593244,0.9514944867651121,7,0
0.6377741418455916,0.42989841286731356,3.4719877974035063,10.146370013592978,1343.7965990629996,1,0,309,0.8644534250631406,0.3604884364832078,3,1
0.8200675020556494,3.428283242269541,2.797750144023389,2.5910747552099123,902.5397307872081,1,1,286,0.41471636480987206,0.8601770168644811,0,1
0.041578959846593766,5.461308536111901,2.7011080005233357,17.43194301903122,948.9312700036472,0,0,240,0.7495692815093193,0.39006979863045155,3,0
0.4981299435480424,9.125790318997499,2.8912697477011413,7.157961710912959,336.57391691104965,0,1,226,0.30792457942774043,0.3561940282747254,8,0
0.6893104121026903,8.496232360160947,3.1247329871684117,12.52088940931433,1300.8830343567595,0,1,168,0.6085850652353229,0.9690820169054901,9,1
0.2523119270696871,1.44949732138546,3.7212958848270654,3.175525725745245,1403.3511610231617,0,1,283,0.6903095332100755,0.6425084470438918,0,0
0.3077709052931491,1.1116976724607779,4.253744751414459,4.123296892624142,1184.9869092928714,1,1,345,0.32938554934123837,0.406822303706502,2,1
0.6136379029893838,5.974819919815338,4.96599644121325,19.83912741606304,1417.0534337030087,1,1,261,0.26120523177563265,0.6989699792519627,7,1
0.8979352934437369,5.4147561300960705,3.6037668582229276,15.061727888826585,523.2198657712843,0,1,289,0.3557970290209544,0.4842659971386871,2,1
0.8099244203028994,2.810500886014234,3.795462355857775,19.239437395481417,1305.5668357078796,1,0,347,0.5364709982818937,0.6250163117655959,1,1
0.5831302190995835,9.014640228627584,3.804539253458139,5.917023304240883,784.4504000092395,0,1,363,0.9102727822522998,0.7372617157159371,0,0
0.7302217177572492,9.288190812723224,3.84858588871984,3.2912575323964077,329.4840841210189,0,0,494,0.6255315396277817,0.9084888802089963,8,0
0.3648224702077987,4.145592095733594,3.7943516427611557,10.06136926957662,1036.3208386467618,0,1,8,0.7987943133871924,0.30215697878851583,9,0
0.6409655280987577,8.924965059712498,2.5219368876547947,9.893365644546869,1057.7683789882303,1,1,348,0.3393156226331573,0.44989846264116407,2,1
0.46618159112755697,3.962699163777132,2.504312055274602,3.4989302751597573,501.6943192593662,0,1,97,0.2847825584441804,0.3673893800431457,6,0
0.1899361364575609,7.420804951931062,2.744165795315307,14.664391391628204,138.4906642785981,0,0,11,0.39169388610579187,0.3679683910913437,9,0
0.7017382738772572,4.864233731967697,2.753891508572947,7.235550688774682,379.78616271978865,1,1,271,0.45110433023228724,0.9620441891979332,2,1
0.556464637348822,1.4013149337703934,4.26224227238699,3.7273046186103453,659.6885667434415,1,1,70,0.6384816150577596,0.9552580541605367,7,1
0.3586215819535914,9.293755172122811,3.0122900812899993,6.639667890865768,334.58807548381594,1,1,414,0.9049946562915527,0.8245156557908631,8,1
0.9113391900786307,4.650146615099859,4.7367852618890325,11.273173992700302,371.64192753544586,1,1,416,0.5408740934218923,0.7501441296806408,7,1
0.020934117826733267,7.397972995159557,4.821515823942549,14.529418643608864,647.9469301351774,1,0,134,0.6150385502759761,0.8935793124503921,4,0
0.315773151249496,3.7983033814266633,4.9397333447397465,9.637817721149691,1446.5012600319844,1,0,258,0.20369082878793654,0.3408861166633973,9,0
0.05688139777764656,0.3850326100470997,4.84770326221755,10.51189979656747,1169.9409215707076,0,1,403,0.2266496503130293,0.38364005517085986,1,0
0.7665273162216272,1.185197515179992,3.1797208047963115,2.778918718854968,547.6477617171897,1,1,4,0.2670153599420381,0.5219790463074337,5,1
0.7021074541137926,5.06295089900126,3.7744421117587814,18.293818494164643,1432.2456964859675,1,0,450,0.759195268383223,0.8827446659275593,7,0
0.33135221873631704,6.961650699838352,2.9386374254923524,18.57448395984089,1003.9055091622257,1,1,238,0.5889530950175339,0.6305627799365571,1,1
0.675662902207073,3.4804062004769354,4.515524137931083,13.668531808360074,737.6295024961962,0,0,293,0.3543689588254865,0.6525023344063328,5,1
0.39593722619594984,7.015786899940974,4.72107926286024,0.3526281786804941,755.6202785372059,1,0,334,0.6740795509518553,0.4604858007576653,6,1
0.7562537914224343,7.046628776433169,4.628222098243787,10.74148431806652,675.0422549695486,0,0,98,0.6356897214552288,0.7538712368214682,8,1
0.4541836627367061,7.098571891812743,3.583417371742087,12.58437944177227,426.18887356431554,0,0,439,0.27103944144799663,0.921489507843585,8,0
0.41227972783166555,5.026714169400983,4.3966847117169525,19.8930844591622,641.285069099188,0,0,150,0.712330218173717,0.5306599539009272,1,0
0.934729915488301,9.16588427119074,2.7439479239406737,19.921339103895935,839.0549376607496,0,0,480,0.8137238981044081,0.7334301578389189,0,0
0.25087909989070023,4.994125876210033,2.600611926548127,17.15222470651115,839.2382910223095,1,0,257,0.42924352616727757,0.5323642748782754,6,0
0.12044733999656543,4.6125988962670545,4.383091035771902,1.2766198405222706,1166.4316630975252,1,1,355,0.749991089595446,0.854903378284031,5,0
0.5845431132594582,2.153932026304145,3.5633881858217094,19.065527815574598,602.3170000202936,1,0,148,0.3597756136070272,0.632471815894622,9,1
0.9693218122841789,3.2150198560920984,4.9888731618489235,12.253224943039982,1103.5172410255334,1,1,461,0.805383050969396,0.5376283155537932,9,1
0.37783921372718665,0.6148780266793729,2.743135539638831,16.01773540958359,909.3285742761585,1,1,141,0.9294193352981763,0.5940341979479042,9,1
0.06203676362878152,6.4086458774384685,4.639069203838084,8.14385699371707,1446.5835663375683,1,1,250,0.5534936990413177,0.36385926497735976,3,1
0.33930526730956745,2.6356502904855104,3.699957663822479,6.3933894246917955,639.3988964475758,0,0,445,0.3956976625692943,0.9062820073257083,8,0
0.5059316543195584,3.1807214939575585,4.567875488759693,9.26488290967616,1361.7030499651064,0,0,233,0.5193413617581599,0.9706483387366733,0,1
0.1619230066322137,7.753982312310348,4.5428182054253625,2.9374902593765384,1248.8995662176053,1,0,394,0.40006197812457356,0.6341899258147916,6,0
0.658102218056492,3.4067675949822482,4.789980003405193,7.141322775066121,992.7299984252396,1,1,131,0.20099150061310037,0.4549360456546976,4,1
0.9977493890102006,2.5735197417287936,3.244625028215257,17.152349995365572,1016.3202534389641,1,1,46,0.7203652894435562,0.7652593393622571,4,1
0.4517394759814438,1.8567659415103164,4.874498383655007,0.7590097252176298,218.50990844897495,1,1,371,0.23402131356975753,0.6166670356787999,5,1
0.35472855673021264,7.793612341383168,2.8791674008940507,3.0175609364920897,1430.3144478308052,1,1,93,0.36831259217378487,0.47661005658689376,1,1
0.40070416683446664,1.4711213283022635,2.7049219439837264,2.5023231929897105,249.71048889404148,1,0,248,0.7779596449038568,0.32690320044310434,2,0
0.11514617839520114,4.646786850453465,3.5790387934308727,8.061510854004561,888.5266322409099,0,1,355,0.7325800111326268,0.9227931162519585,8,0
0.8832736014262238,5.167915137556506,4.570807421604607,19.939738017817234,562.0991206288163,0,0,19,0.25866312963693255,0.8577140464315334,3,1
0.414825655521352,6.936421144320003,3.6835528265836137,3.4671586042276537,701.7927696057925,1,1,179,0.7280437928632617,0.8803042403475656,5,0
0.3872744114248413,6.406178126863356,4.573216693826286,2.909652991985203,954.2562151715439,1,0,271,0.944459911660626,0.6078878116519721,2,1
0.6596902729304743,8.145062594862713,4.324217014485763,18.30111459552309,1372.3919290352503,1,1,481,0.25960197521454653,0.8272787743673993,2,1
0.4420334209311235,0.6385640524771339,3.023570965347334,17.641010339319315,740.593973001222,0,0,428,0.532550582141309,0.7068576847159969,8,1
0.648233468807846,3.105119102838093,4.8722040622486595,0.6448073999310888,1482.8213774290175,0,1,135,0.7835471120913131,0.5623427074894451,8,1
0.061446290130787506,2.945314363998722,2.6519529215735087,15.0341192035863,929.9368914920997,0,0,236,0.7341784025423308,0.8899194616855259,2,0
0.8137233437222274,1.6309656748026606,4.745699268859488,13.10931402952859,324.77551969904425,0,0,189,0.38120843397559867,0.9991302836310927,2,1
0.9405039528794026,3.0339468877931433,3.261108622475935,15.35481619705418,366.0130127637532,0,0,211,0.33045382199736506,0.9294976150920518,5,1
0.648765386159386,3.235700078600454,3.750370207910998,9.890049095918442,1102.5554498249514,1,1,404,0.8273976032327457,0.8433343801804138,0,1
0.9545659288588108,5.314467726889288,3.5558796817518363,19.827584368965912,170.55691194073444,1,0,63,0.9649957241910374,0.8232555805346637,4,1
0.1514323143699633,6.70430389347731,2.9295863922922907,0.8769403742192639,772.4782067111175,0,0,359,0.8140667740342633,0.7551741901117983,8,0
0.4774161894803537,3.9347850333957783,3.395367166004233,4.687431728076115,307.5067537249232,1,0,413,0.9705635857582002,0.8975322477877039,8,1
0.6018067339454473,7.250808266871136,2.9823360907319882,7.930919739472301,706.506089248983,0,0,163,0.6839963393096342,0.6451568734772661,7,0
0.5817366474211867,3.494420318079884,3.0097161886513097,8.995558831314064,1149.8843909004074,0,0,388,0.9432790885535336,0.4272106571385951,5,1
0.40146177908904324,3.0447800376846517,2.967642090065951,18.42734805399037,742.3380995380078,0,1,468,0.7523485556359095,0.8376348069884445,8,1
0.3380844093662614,5.5036429473988395,3.7225434508664854,11.200087281545176,328.83155257329776,1,0,37,0.9271078001608692,0.9436544619231197,2,1
0.1268240225504188,0.432420330996748,4.4948284187782885,0.9022199104078776,452.6955184992994,1,1,214,0.32927117437567266,0.5389466043513497,8,1
0.3917424505622782,0.9819334116132037,3.922425084403103,8.157259268513236,614.5554241130553,1,0,18,0.8524521725951593,0.8480883085699948,7,1
0.16266081510548513,4.2961015271479654,4.733016471377105,8.329808247381399,197.3856568809806,1,1,253,0.357396640762762,0.49160589215768985,0,1
0.7343656764922184,9.440544571639213,4.091361221441811,19.309818768755697,918.0726905135706,1,1,73,0.22194328155676582,0.9598201913510773,8,1
0.20883093549458998,7.270815442465552,4.223350289081511,11.983941820422164,950.5473077892702,0,1,410,0.6140689072343704,0.7784226944096506,7,1
0.05856530528453385,1.063640381105466,4.169018074317508,12.713021423178777,187.01269798559443,0,1,482,0.4546014244494755,0.6984931910276779,7,0
0.5523661378172343,8.493916525252562,3.623647982959353,14.265060625025416,663.2358496438268,0,1,140,0.2348250894304143,0.8459091105325025,5,1
0.5952297327194016,7.376547551960175,4.2233470555002075,15.400786313642465,679.6009560386149,1,1,392,0.9842435029825276,0.869261819390279,8,1
0.8719130612805055,6.187275951886002,2.674269366172403,12.701021404049783,567.3473959736416,1,0,16,0.7331728763919942,0.9246589287577429,7,1
0.5769816124176819,8.238871013969938,4.649628679789158,4.7438870226787095,880.8356364635566,1,0,94,0.9214497385724789,0.9307836729932013,1,0
0.3454808537234457,4.16027650788098,4.444530358609793,17.480918286823282,584.3404860841565,0,0,233,0.9992660686975585,0.3368835778874826,5,0
0.8030118815263205,2.370710298367757,3.113074895579197,14.642396008212604,682.9729912689285,0,0,427,0.5135733893368737,0.3860353256089568,7,1
0.5402788931874211,5.217829213265842,4.420081135635206,14.837409701939118,1216.5329664182477,0,1,300,0.40378962298729215,0.8782426147310458,5,1
0.07928028463119174,5.578649204816044,2.531606503500046,19.931134784694983,326.953097602282,1,1,87,0.34710751414946306,0.9622361573661247,8,0
0.5658505603132467,5.4755984456971385,3.043116431202201,16.050530697266318,966.7605734247893,1,1,297,0.6121496862330741,0.5153702936867584,4,1
0.9080185454216624,5.737723156505032,2.66284309667724,16.583028063103065,807.8321623671839,0,0,50,0.684864622001726,0.3060212729029007,7,1
0.39631262549822055,9.497308198743971,4.450567291544736,19.02811031420317,527.1002924710888,0,0,244,0.5779381888260199,0.5258936323246386,9,0
0.29632580189980007,9.042007106343068,4.389685377945968,3.0226799969778773,1118.548519086575,0,1,466,0.5098016118765459,0.5680048951808001,1,0
0.14346945701802005,8.782026958277607,4.534090059504576,9.954547529561356,871.6637033576071,0,0,441,0.33461805076730267,0.8327233553063815,4,0
0.15144552193535732,8.053884746904547,2.5112042333138223,11.611340471815751,768.3061377449735,1,1,112,0.5534876990484991,0.33330926594648735,0,0
0.4327714843418189,9.445595451199797,3.75308181669602,6.585514584449152,1034.73704067968,0,1,441,0.268194509663252,0.44884816526486215,4,0
0.5956798241615295,1.1652474884581518,4.262090493793341,16.78806687789011,1223.2064311739052,1,0,413,0.8920382071100736,0.9257780103362476,6,1
0.08061540516960175,2.7982079621682474,2.888502821847539,15.248392432914468,1461.7363060470068,1,1,388,0.23752212167836753,0.40837428661600383,0,0
0.9395685890251657,5.051548267414932,4.124476818781561,14.41766149016248,981.0905157269228,1,0,7,0.5045168493852438,0.8314733563778398,9,1
0.7551336174451959,8.496038032609372,2.7102752482742143,19.942988795163338,1324.2159795605362,1,0,36,0.2801102952343748,0.552917290905353,2,0
0.5866239182836627,5.150623972922779,2.953314640260783,5.18762746816781,101.52815743213972,1,0,46,0.8199843995736626,0.7638621504449703,5,1
0.8284386709389908,7.53074044554757,3.6894920374865023,14.709145033508426,842.3299698162477,0,0,99,0.45018958306234147,0.35169255231209434,0,1
0.08018675681211329,1.561807071439379,4.133912881702755,11.028089498118012,400.5065682782773,1,1,344,0.29048449012204386,0.5005905615602304,2,1
0.4768388777331244,2.6736553671702903,2.86467281738474,6.259783649877521,231.86943991639203,0,1,172,0.6251930390916112,0.597352816247704,7,1
0.6300931268616634,7.37140573136919,2.963058327077345,3.2117374144625166,844.7594238901489,0,1,240,0.933021605783632,0.9000488382544523,8,1
0.8286529061182892,1.8143932870996957,3.0111159176641573,17.91767674135094,1145.5571086087316,1,1,388,0.9269158968953628,0.6944471003522823,6,1
0.7834695600492677,3.6432881596182827,3.096752011747446,11.909109654156907,677.1815314641316,0,0,480,0.39972083290623195,0.3316577051543824,3,0
0.27706924971339963,2.7956893265730005,3.066384621315728,16.498676752815893,1038.1504290822088,0,0,190,0.7757277407681868,0.8613066013282882,6,0
0.9408801695592043,3.6286446033802897,3.487872771244092,10.906899680030897,785.6069553773299,0,1,341,0.22422735427279303,0.3381650422660378,6,1
0.12434584143087035,7.1415756809641096,4.134474127091807,4.399541613080391,711.9202123431965,0,0,430,0.3054814372027397,0.9540565947943305,6,0
0.8751336186211521,3.8049023751994504,3.5950794578361744,6.750976262006505,506.35929661020486,1,0,233,0.5995778962510236,0.44820221222827267,7,1
0.9709402496046186,5.641580561557815,4.439934771874721,7.63077684947093,635.6309203014064,0,1,280,0.3830051475906817,0.6415483012599383,3,1
0.17715352322262556,1.1793323951332146,4.298171264871537,19.458696250074045,589.713883112199,0,1,234,0.8386094831681106,0.3505966781364163,3,0
0.7220660642037853,8.089173393699353,2.816317285122689,0.11266556762765001,1004.6620576208342,1,0,125,0.944857737642129,0.6931986704084365,8,1
0.040285518777998464,3.8249085313516242,2.62210405830186,19.71332046049014,262.42591579079533,1,1,177,0.2034666531862258,0.6480600905099372,7,0
0.40542282513915495,6.5556347585267565,4.694853909999015,19.609232702196614,229.6909161629284,1,0,476,0.38633266368078384,0.58717397441694,3,1
0.516283299197674,7.30881809628596,2.6995776664071833,19.92301581060273,1024.0181918918445,1,0,172,0.5516426768609819,0.3249010419238278,5,1
0.5806452259096341,2.2546770366946642,2.870847951799283,9.531763578392694,864.8172978304331,1,1,371,0.6504634306819108,0.915255465056052,8,1
0.9359372482485595,8.869814852542829,2.555333188895295,19.27617939241999,702.2801354397207,0,1,119,0.9327222220736808,0.8618456191690038,5,1
0.6722506872941947,6.23899766574814,4.070840913246634,7.911983636996547,313.42003817106496,1,1,29,0.9135067924122349,0.7431210142302935,4,1
0.481277951219237,4.401506389164519,3.9559264078958716,0.5258888133677342,675.4379566170361,0,0,47,0.7097360795743728,0.7005609878437513,6,0
0.8096750362658893,1.9868847990665515,4.967259166088139,4.486943727435291,1205.6244686480163,1,1,178,0.4059104112671077,0.7864625019588818,1,1
0.9505328209544089,9.434549191431826,4.71733099079293,18.905924898747692,1345.4697301049598,0,1,93,0.826630247902689,0.40079301114005705,7,1
0.022066148682290843,7.599668400489927,3.5271079437022745,0.2752938667079996,1083.6071979499081,0,1,54,0.36212141702978545,0.9528509724215388,6,0
0.9825212722560387,2.238640714785839,3.4289646022813374,10.9198827084595,183.87704623323316,1,1,235,0.9721378592774534,0.4992713040532486,5,1
0.08613213906368034,3.5095655922974007,3.2421300856999626,1.512031777893581,1038.573687241566,0,0,438,0.2046719325871984,0.7595431907101016,2,0
0.8143867792687614,8.134807729263118,2.8810173000947032,5.72793156855157,437.3798253648124,1,1,301,0.6558164031263212,0.7247289767993332,8,1
0.2803347525514125,7.017641099510323,2.8452091415050225,1.7618570142377332,541.3517402369671,0,0,286,0.27071779753730224,0.745629785800926,1,0
0.13217965775387175,7.704686068614099,2.8307092700240135,17.190572422261127,374.22249114397835,1,1,417,0.5260796241456172,0.9152664861574784,3,0
0.4398556397138349,4.523770801686738,2.7852868929669463,11.821414192954116,1186.0581068682864,0,1,347,0.7079468322483338,0.5071378446554338,1,0
0.6439565794476135,7.221467373893236,3.101280106013842,18.042129314366257,1008.0429716921906,0,1,73,0.7516787964735332,0.82426373177686,5,1
0.380951845023475,3.9876384840663546,3.266671575782791,13.767063990804566,956.5690764388532,1,0,451,0.8284555757391481,0.7188737447574184,6,1
0.05456540828269896,2.2703765859943252,4.90394742759729,19.420582624901993,1035.1616535369865,1,1,416,0.6746621622118161,0.3532422316682481,8,0
0.5994611396587166,6.400234941445328,3.9461831275047143,10.197553095208132,431.48116596546475,1,1,311,0.4010554810287956,0.5899082766173827,5,1
0.9024032761106747,9.764936470868182,4.968989436283202,12.77421163525749,722.5021800555063,1,1,441,0.9114025943478972,0.8865661012860211,5,1
0.3832153659472517,3.2438895196742306,3.431167369564183,11.526176397781132,986.5552101685848,1,0,121,0.8488859304109502,0.5207431722514101,4,1
0.21633277763082703,4.717502003682889,3.6440665814736026,9.685208588932255,991.2316386656206,1,1,56,0.32804185416548004,0.6375847183190131,9,1
0.4425773459328154,6.805213436484566,3.311446647913198,16.919187308460252,1208.5926078571827,1,1,272,0.8612089473662792,0.6420469977075619,9,1
0.04836271104878087,5.506761564800382,2.9572191272413817,12.890502713407203,501.9455533633548,1,0,138,0.9781156127283854,0.7326069067641038,3,0
0.8204875844802748,8.465592397948683,2.8579117694439478,16.026245297109455,1178.4705703755515,1,0,198,0.7097752934463342,0.9188125018531283,9,1
0.8263408109501867,7.665078523401257,4.86269799451958,15.727278732048264,716.25827286371,1,0,208,0.42544417849111504,0.4214774391496095,3,1
0.5880004634296284,0.7713125978510991,4.96702670449689,3.820903213105906,1038.2417688825087,0,0,475,0.6852750650187314,0.6532318178480878,3,1
0.3531028889383895,9.984528092452985,2.612273741271829,13.003270650352874,738.0071320914014,0,1,272,0.47402805531863923,0.5969870815013285,4,0
0.7997833644457834,7.573544046450779,2.8758646868294164,3.9929603836266825,1428.0542377073205,1,1,360,0.740757176513845,0.5071440630704175,0,1
0.5546870247883672,8.66625249968231,3.5588102307525564,11.666409564875417,351.02317063830225,1,0,137,0.6358399675646988,0.9437257238676406,1,0
0.8259323085500162,6.581737578534395,2.965833690861018,13.54869368892601,1045.0071240153,0,0,409,0.9435924896718011,0.30571976468539974,2,1
0.6314587925830206,8.59159425485827,3.409700984067208,19.94470143175174,907.1490010754225,1,0,133,0.6943268345606423,0.38547335484126394,6,1
0.7844054732127973,1.3013531543013523,2.8227408746490834,0.6108395629947672,341.82345732684246,0,0,336,0.3711853469817353,0.8133411149412766,0,0
0.59856299321776,3.607830788481293,3.6412793918044755,1.8248478822744185,192.4088701363351,0,1,15,0.7800878986735078,0.4844091232808394,2,1
0.4141410682156662,8.788925247324029,3.1792365404231484,1.54053392742463,1218.802144560329,0,0,102,0.4407026542887056,0.8062254827645703,6,0
0.9579458599261376,2.176221070415544,3.379762639396652,7.967225725334801,320.43186710477124,0,0,242,0.4179127623590435,0.882577527500894,5,1
0.5411138248788447,0.9667725660842228,2.735781628656869,16.431767229716275,361.10935590008637,0,1,89,0.5134213004596028,0.4782312117841711,1,1
0.6050895185405384,7.923565611463147,3.5703201267753544,16.88112665574271,1469.8079135846551,1,1,3,0.20959734325014054,0.43436100150411694,3,0
0.22048763941474925,8.387764325304303,4.958144027403924,14.739591914423034,1104.165192067283,0,0,61,0.9753125281290242,0.40171044287681046,0,0
0.6256507894272765,1.793991738261026,3.322082617202976,17.937564836598952,450.68157824171146,1,0,211,0.6258648890869587,0.44006202761771235,4,1
0.5716076494829438,8.57259063127061,4.691073187106088,6.457198883389051,927.3285442122418,0,0,247,0.8187951150983683,0.4870297723820341,1,0
0.18483839794702495,6.930324396852263,4.607997854059213,1.7630928850459826,847.7565737635186,0,1,191,0.4062817779023027,0.9081248715783561,7,0
0.059587097353143714,5.296810295522523,4.880146045743027,1.1630605597970023,1282.2625745193866,0,1,496,0.7972945053069005,0.8390030892767026,9,0
0.6043593197147711,8.336451889257573,4.475273780667736,17.042654392387725,1121.049046965674,1,1,55,0.6537364018225083,0.3012910218427691,5,1
0.7636922693503205,4.308642643325865,4.148992067647037,14.608725887073826,1264.40957569046,0,0,488,0.539315339023602,0.9118833994686684,0,1
0.5234013709220082,2.101140770989293,4.641461110568644,13.972306120222417,396.10922316830744,0,0,458,0.9765353809571697,0.35516860979138437,1,1
0.2267726253196457,2.9915562307840142,2.689111701643374,6.793526770913376,996.3068861138073,1,1,406,0.5950749713171246,0.7586859322828109,3,1
0.6665219766930349,5.1506073792744855,3.657076642997019,7.598103772364524,156.33720178573245,1,1,288,0.7259668655117415,0.40603233775177844,2,1
0.08010572660960225,5.407041768197122,4.973140596537647,19.162270577986384,196.51685719090813,0,1,30,0.21227375319190378,0.3435930673576693,8,0
0.4418337048019546,8.09469209912409,4.424000378236831,1.2760948819587004,1098.9378457864361,0,0,390,0.44116416519891866,0.8318394882648243,0,0
0.1633667583984202,7.955256691792878,4.905188445093058,15.474634738755853,134.1881437015039,0,1,469,0.9109532529280531,0.6270421796990902,6,1
0.18445905105988336,5.897392260604835,4.449085890333698,6.192666474167863,911.6710124607129,1,1,388,0.8071672488928152,0.7193437593178114,8,0
0.20229394915820365,7.851697736981669,4.68720491860536,0.7810923682511217,1276.5671378223421,0,1,420,0.6294032289405198,0.5977471131582213,8,0
0.3867070570439779,2.0793798912779757,4.266324080757977,14.85140221484912,631.91853178524,1,0,0,0.9201277656906284,0.3470203037554895,5,0
0.051150205620397626,0.6906323655142845,4.4012550110431,6.618237713567492,162.7766115758779,0,1,197,0.5889764105660447,0.8177327164008823,6,0
0.3977934409290982,8.761611461820062,3.8079450245987516,14.442950374855933,1099.3864294802174,1,0,44,0.6532056513502205,0.8742457848181786,7,0
0.5117074471147008,0.9404340388751418,4.810594252035332,14.153087662362402,1401.5610334498112,1,0,46,0.5057222777580366,0.32899438016209015,2,1
0.4832942849663252,2.6175466114911736,4.562597276558404,10.695737508662301,1104.0399488815751,0,0,451,0.6960320293783073,0.5630020378887575,4,1
0.38278410040304056,7.0141257063189695,4.609712414164081,15.547462584210976,909.8261402038854,0,1,221,0.45520122473669905,0.6901215759491119,3,1
0.8391466080707525,4.21258978874763,4.182522752407631,11.62076648342487,422.04036183068405,1,0,285,0.5083937420338858,0.7236283959368421,8,1
0.1453266924205041,8.787876905171986,3.2614498677181225,5.732737056965213,121.5258736622958,0,1,80,0.9730610105658151,0.704707058798909,8,0
0.505696743781374,3.120201987690242,2.5890744884753483,14.68230602128838,1072.5409518706747,1,0,443,0.2890469438396721,0.7850584577314905,3,1
0.062041416956554296,0.3163391973597211,4.839137823523862,11.782796317554471,423.4366461820102,1,0,279,0.2842042761968328,0.9767713416936661,1,1
0.07115567887790974,3.1464252774952928,3.965300872013742,0.2545456337984109,1301.4277480553005,0,0,286,0.2346528155640126,0.5734105647900978,0,0
0.5738658496770963,5.865135482011351,3.2453574278703505,18.032883555406187,752.9097663656559,1,1,283,0.4560356158082141,0.6896364968689125,2,1
0.566018424887821,3.884196078952275,2.8728377696188447,10.912872366486269,842.8898153214387,0,1,428,0.5185833939743394,0.7893550406247993,1,1
0.878033512844457,5.441753006435802,4.573807913751887,17.372545309590635,1155.5111619729134,1,1,490,0.275612515255637,0.7146966754544635,4,1
0.5578736756600732,8.790661564583184,4.591300486118947,17.654736779644892,1191.2028509246804,0,1,387,0.6393047962934637,0.5707257210064272,5,1
0.9597910204048502,9.142353531457612,4.536269920326329,8.89933313470177,999.7111663127954,0,0,188,0.6666412232438953,0.7368555015648784,8,1
0.04869484839992977,2.806545833610299,4.112706729916965,10.15319992902462,1413.8045415778402,0,0,38,0.8008213548906624,0.7550780713081129,3,0
0.09800768478074107,4.728976638045028,3.4150384689796898,8.315087753512039,1475.217810848587,1,0,82,0.9807744932926412,0.7094779327284357,3,0
0.04406586157038139,5.581611349366222,3.2601757119506427,8.98873550616091,1425.6396221244636,0,0,407,0.6954817978339196,0.4435774625266595,3,0
0.18527685033354002,9.501302077504821,2.5213869252954253,17.902943179434555,1253.850859481521,1,0,326,0.2893206453447563,0.6541869507067024,0,0
0.5412701109416781,9.98644972781097,4.5840188967206,15.762880279358221,1087.875308341952,1,1,429,0.27081939459662624,0.9190497668324904,2,1
0.645572181427428,2.5069910386469614,2.718581743734106,2.5305135263115597,1028.6562010343346,0,0,436,0.822037490920297,0.9080213146225704,3,0
0.0455851579486688,7.324402739188992,4.07688749510192,12.206155630801918,245.25024768874746,1,1,175,0.7202673028287414,0.8255515474972077,0,0
0.9459708898455993,3.904704409885313,3.7601873671002206,19.918132807726845,480.0780855467575,0,1,8,0.3295315157652494,0.7880368601060574,4,1
0.842165376650381,0.27946032948488964,3.8167233973158776,11.911014024649715,107.96351294112785,1,1,277,0.4026879781468273,0.4072953964323156,9,1
0.2966124821570931,0.2906747198718431,4.816782113269433,15.71743251186211,292.37381832758865,1,0,382,0.8001923098340147,0.6216252651531144,8,1
0.07718753022646796,4.713546874110107,2.5790375281781053,15.381229467623418,714.9212680368637,0,1,257,0.6529246254445172,0.37766591682324585,0,0
0.16988707321905727,4.98568214744248,4.433480561571931,7.006350517446571,305.1511711047027,0,1,346,0.6680000500020312,0.8720991147452137,6,0
0.12694441375497267,0.42118302641973804,2.6301309959182677,7.436986054079178,1362.328780547461,1,1,271,0.36800693703032766,0.5037302445078258,1,1
0.12328377929894685,6.931888684388165,2.595384014838443,14.481528435808064,1227.9788594693948,0,1,260,0.7032463853261692,0.8368061049743656,9,0
0.5185616886657339,3.081233208230541,3.574544245353455,9.999670632096702,200.2566769253255,0,0,395,0.8165028763258042,0.8702052240562319,8,1
0.2458474424934003,5.686952395052304,2.6576879358574166,11.41141418260776,448.47920165417247,1,0,179,0.9082017803710776,0.9247472681880784,3,0
0.35813971652914445,3.1490069170211044,4.47285987823228,14.258115807296752,1246.7006384561123,0,0,153,0.7893738598544393,0.8276810549414344,2,0
0.9895053333843224,1.8379162857192106,3.823907734120843,15.551500540781005,1224.264577183823,1,1,14,0.6611005208072129,0.6953103003551668,6,1
0.6843142489253448,4.190302638268978,2.572596956649436,5.430331554661427,1423.6307701649043,0,1,66,0.7386074457974214,0.7187294403086872,5,0
0.9489806670470013,2.476278974946908,2.601251716204799,2.9358751887392587,1496.5668662643043,0,0,328,0.5880891700111022,0.5244075937758335,9,1
0.1425565550331156,5.441049573807848,4.031671324348698,5.835892934474504,1466.7780885375705,1,0,186,0.38151859449409803,0.4238973339733117,7,0
0.38213947483256927,2.1485195968075037,4.515279544146012,10.15076650184151,674.1931800100181,1,1,347,0.9057655782175484,0.39144534337664605,8,1
0.5547318032823543,5.182378571117345,3.594498828186934,6.842826345940782,450.45982132284513,0,1,422,0.6260981065339403,0.42741646478174,6,1
0.07675806188873802,1.7423094457149022,3.886451678839061,11.367255176951875,1161.7742665978874,0,0,62,0.675454648917788,0.9537663211819931,5,0
0.004187443627957865,6.775552152960693,4.499573635124754,1.0693144825125689,518.9820498416432,1,0,355,0.9920871310025461,0.41510327794047863,7,0
0.6704343337969175,7.5885893075259565,4.026265435104548,10.195008232275345,1228.9605041838618,0,1,280,0.9880125426181123,0.8066162114499849,8,1
0.6418195168014353,1.281863495649351,3.0619005941470485,7.359698138754158,847.5366225570941,0,0,40,0.6690487879999498,0.42923998032030725,7,1
0.41078880999961176,4.784463637965924,4.032630064673697,10.693335097857648,1211.4981853289355,0,0,27,0.22716580961397295,0.9827028391510415,5,0
0.48964407603203264,0.8945426664177611,4.070698647663034,8.450667097699537,486.2318316038146,0,1,366,0.5169180304358747,0.5566091748329882,7,1
0.4154430005920896,6.062187966311624,4.3352674522028165,5.684517012750849,811.2382417753493,1,0,276,0.9498346240407114,0.5884955003203489,8,1
0.024005044844888856,2.791162119710525,4.052185468892003,18.082158109152715,889.6333110430548,0,0,220,0.43064527390080737,0.5831581051475077,5,0
0.3353716062174624,5.370719677019338,4.9231053261450946,3.6952997684271383,1420.351294808185,1,1,216,0.9994149481570529,0.871521428842146,5,1
0.17708225539728983,5.271117891966054,2.993220771792671,13.627311511611193,473.2366075625842,1,0,221,0.267454021485242,0.4528033673194767,1,0
0.09842418910136874,9.258672592699243,4.877726698917691,18.49289425164828,1411.3635349988524,0,1,60,0.6544913448041498,0.8817173151339404,8,0
0.9567204338893498,5.581015581173485,3.8458487258750407,10.773399193708661,1226.8024816520021,1,0,102,0.6123594881397554,0.7599411981094568,7,1
0.5993597250421656,5.913385101239494,4.17989035123728,17.528169771589642,1123.2516757213734,0,0,184,0.4042823306941601,0.45419611745784744,4,0
0.7286562842366027,4.136200632490927,2.748653993630475,2.4970295686656874,1201.6183768591752,0,1,394,0.9588857045160799,0.34578528208863746,9,0
0.3153637432661175,9.500980111191605,3.4514398534452675,9.875775405128163,947.5950642320797,1,0,146,0.6953369679978483,0.842494779007271,2,0
0.3931471294940152,7.816421912508175,4.4234478661579315,9.140505609618788,441.7120146474802,1,0,74,0.38418262675574094,0.4532741320713307,8,1
0.23692399389672347,2.9969718449678475,4.267277537747476,0.16237614073989715,365.29295637579384,1,1,472,0.507238558270669,0.9223467808059809,9,1
0.09696567096542474,8.473253940607075,2.6003484704135253,8.86514682718669,1312.8780101905468,0,1,0,0.7769835415056501,0.39084969415531734,6,0
0.1790316374415838,4.437484329813882,3.8664856587431116,7.380595127651956,1115.1951636341664,0,0,415,0.4381573701570509,0.7314551953652515,8,0
0.7975140452964858,8.32093800662922,2.7206954824210237,13.395974555492307,398.4859958653287,0,0,468,0.9036849616489449,0.7845178756050577,6,1
0.6775458051837758,8.26430306927632,4.989641072945406,18.76659557153037,961.1307122241622,1,0,364,0.3325391183660993,0.7603916901900534,7,1
0.5469288759854769,2.050927830275973,4.743241471333237,1.7158217652407304,726.5650739799133,1,1,332,0.411604071891879,0.5212208701473781,9,1
0.47508987286676807,7.071183087559055,2.5527016510713425,6.549527734292462,322.1172379483315,1,0,161,0.31591889069288004,0.9128664662543278,4,0
0.9224342836561245,3.0483010992040054,4.646623947256577,8.881294747885038,844.5999531000301,1,0,16,0.28334307100759865,0.838863721724123,9,1
0.0727349477786684,3.115428165928149,4.79857400139602,9.103707560687667,494.1267294529842,1,1,242,0.44025233877114145,0.6571444391348965,9,1
0.28060081323791597,3.1042111534296914,3.3838705564086378,15.496194416845075,234.74177382060017,0,1,438,0.9993429970683525,0.7223051195569141,5,1
0.34993785357071405,7.3105688260874935,4.298754137619415,8.867913316668815,753.7416179635751,0,1,366,0.2754635306093345,0.6964598588631615,7,1
0.7824258122127878,2.452295209566854,3.6052593655194474,0.5432260290730673,926.1519729309865,1,1,18,0.37040175347783066,0.9626890041417975,6,1
0.9925146201619713,0.2088771854116842,4.13808121144086,14.202081891856626,165.6689745336107,1,0,329,0.4172934392624017,0.9274892657455025,0,1
0.24067051475715306,7.209321164129805,3.3507935107454787,17.696593902913435,662.9298491753956,1,0,425,0.695303747577763,0.464848099609249,9,1
0.8743073341370806,1.8776104895842278,3.306398091583171,10.278094250993457,460.7266877713594,1,0,58,0.796276557126282,0.48393184440053155,3,1
0.8306227604317913,1.2239274740167796,3.5610847221439474,11.622170433970107,142.91082699012537,0,1,200,0.8015469398832367,0.9870066504927026,7,1
0.22465739764176662,2.5276579818217897,2.863919396631253,3.2587287793809216,275.92756945610813,1,0,114,0.20690878555106496,0.4655924913670081,8,0
0.3993325801992226,3.9230251187624994,4.577847411088456,4.412918893579141,294.64782234572857,1,0,202,0.7214803670395722,0.9674355271378166,5,1
0.4096728692925191,4.863882009237368,3.3717447384040917,4.703404782492235,356.0239473651596,1,0,293,0.7045895034936824,0.7548275935677216,3,1
0.9782206685265583,0.6367863989837821,3.500373884764613,8.614839497625905,1224.7286000130896,0,1,30,0.6141237455119017,0.3350766073287473,1,1
0.18089190137889832,9.711618659748133,4.735136531755361,18.562904417912844,715.2886130693948,0,0,193,0.5033668491230073,0.5350090396225835,8,0
0.799157971104782,7.21741792351167,3.7415595351579283,10.435695334297721,305.92038917854165,1,0,471,0.837955357968984,0.6333078503390241,0,1
0.3341927141731099,3.3673018401784947,3.860634773377157,3.841952904027053,240.41575369904496,0,1,105,0.4751046363466818,0.8831650240153162,4,1
0.7308703457761604,3.3232331213968944,4.891245311942747,5.321754717378992,517.1166422206547,1,0,366,0.38400981768528103,0.5300097892927461,7,1
0.42001100429566285,4.595716983810902,4.716815957862472,7.680300594543685,1217.2217261862331,1,1,452,0.4480761396540904,0.5174048184871824,3,1
0.57835976311654,6.337199263077723,2.923666772221099,12.465179513855988,610.2437871155009,1,1,305,0.5517183336985327,0.9441842813200647,0,1
0.8326117733261311,1.634456052571884,3.6830375747952626,8.800663060080108,323.8563044115133,0,0,125,0.3712459104021917,0.35532404178082144,3,1
0.8041655649838841,2.051512174896533,4.928240568571364,7.848896883538499,665.7626541646239,1,1,413,0.6860569969643893,0.6860648503004967,4,1
0.8664231835397002,8.622458911768799,3.4309157455715065,11.294572007979895,877.4361802018805,1,1,102,0.9073673620095166,0.6529674888936723,4,1
0.05961732534465902,2.7112982541129114,3.4289327712905004,4.836699899089309,141.4178570932194,0,1,162,0.6763680993296601,0.3401343321557573,0,0
0.6920505530397448,3.9259109801567402,2.9875755794728858,1.5780654516916437,978.6985220162424,0,0,314,0.5573346459819051,0.3614314543635174,1,0
0.13998737672176287,8.738464139311146,2.785807785297813,0.4882862964444423,653.1410542207051,1,1,120,0.8374950129799232,0.5673772030846032,5,0
0.415818568018411,6.698848728118262,4.350761976889954,5.025183269342541,113.61622518367214,1,0,239,0.7984308982996231,0.39391285354134664,9,1
0.5485884150546885,3.548776417548546,4.425076171753791,1.831840682889374,1043.4451585249333,0,0,400,0.49364649722455695,0.634650333113499,4,0
0.40273948474683074,6.900255548101284,4.922532408757499,6.726812770415336,1097.3426897877075,0,1,94,0.6833227765322896,0.7262222197850254,8,0
0.5196116758030075,0.3928955107378544,4.433545527263408,15.458670807195112,980.375703982156,0,1,449,0.783874288254393,0.7839776791520836,6,1
0.9965263087986191,7.40929806811138,3.1083812350839968,14.325886609736767,578.7023046377911,1,0,207,0.39637060641555283,0.6825290461445351,4,1
0.13521731371285473,4.972757197059147,2.6002914457212887,12.218552455760577,841.4467956923456,1,1,148,0.4930191032673519,0.5657620111253187,8,1
0.6754560453364256,8.16918504338772,4.963593460924151,17.050004877589576,642.0207885868095,0,0,349,0.2846208564399764,0.39083103862324486,0,1
0.3960009663856152,9.55544898966339,3.3511267388590142,5.641352490885534,1080.8704222235722,0,0,307,0.9901442226454666,0.4732397903649542,2,0
0.13300979890732878,9.27272778504677,3.279928856081052,17.701075060599315,917.0122607271642,1,1,192,0.26870212033850865,0.5935951739110974,1,0
0.15873676337430953,9.110797425862339,4.764888024373456,7.984783393383584,214.51875935842966,0,1,141,0.33488490009886196,0.9468801383816103,6,0
0.9492731062456169,5.219265568152094,3.9627497463624652,8.01786636533253,1000.3309815065963,1,1,271,0.5838655597313118,0.4418204068360765,8,1
0.879601496711762,3.729392718561593,3.0371779346228367,8.10703227251043,1062.133780072922,1,1,310,0.8922174668356315,0.5893409616528587,1,1
0.9070419604150218,4.757346182360593,4.722740606790599,1.961887324819629,618.9830528605792,1,1,392,0.48470561835836756,0.8126162001618378,5,1
0.9915327758273865,6.960980832470936,4.983402137636858,19.509809966621113,1326.1000933435862,0,1,496,0.8148769180250768,0.7936423464013261,1,1
0.20831539000851795,8.86317821333763,2.716696402877077,2.7701355565031838,1280.2200967829478,1,1,391,0.7408272586529889,0.9759148161317601,2,0
0.35543933736406175,2.228465769401172,4.655629070756218,6.8177144893836905,345.233133459633,0,1,200,0.7109312617277432,0.43363090767577206,0,0
0.6692190299248667,9.198292952924689,3.476289244210985,6.386006406535143,1365.9728318802158,0,1,161,0.8760138007734721,0.3115637281199733,5,0
0.48380253986064725,8.188766273304914,3.8101811162667607,1.4935886563341927,717.2213200931085,0,1,108,0.21133623170290053,0.525626282691042,1,0
0.4183895333783335,9.792788948746699,4.787039939412452,3.0452026022375334,1113.2495136880107,0,0,416,0.9433224308483135,0.4047848287379012,2,0
0.35781124933559305,8.826467378160533,4.933447989437793,0.8971667237077163,1239.7358097541303,1,1,469,0.8633809442690346,0.6839283366684543,5,1
0.5937806319434522,2.9433858309806857,3.1554097760219983,5.848089871210269,807.1573894975659,1,1,349,0.9502937757214618,0.9291453386751636,5,1
0.575593428640082,1.2383679311716673,3.0321269273997844,17.33313848057813,658.7427151191421,1,1,262,0.8348703070853498,0.78175878308078,3,1
0.16145783406424008,1.2999625055175685,2.7012913964787795,6.78884411474769,1381.6319160611376,0,0,209,0.902873125963418,0.3950591994450874,0,0
0.47173983751843906,3.0539885220671064,3.904494631655345,2.4738366413475843,423.19497410959247,1,1,148,0.3624624385595834,0.3812630170768412,6,1
0.5534717762098499,6.219000495048485,2.5340109886266706,12.91387736767836,459.7581088068023,1,1,255,0.45538325350164044,0.938014869292799,1,1
0.5702869387313905,8.082339195752292,3.5297457440248414,19.93201824109821,606.268439618812,1,1,388,0.4521768107765848,0.6413266849246801,5,1
0.2101071929123518,9.012653008419335,2.6834600416300214,4.646475790638551,1303.2520891587917,1,1,198,0.2873333967024454,0.9465710943925081,6,0
0.7422713922522868,6.312783166818482,3.5130644573233347,5.591420107411389,1414.3035698983063,0,1,395,0.7836634042276727,0.8153524008801114,1,1
0.025199094821069634,0.25518686493092657,2.5998304731640234,19.43694108561577,408.0948006568066,0,0,442,0.3089367141496583,0.9953439224447806,5,0
0.35483185554316266,2.025904409881629,4.588043151521922,3.5755257510097427,1309.4182066837436,1,1,336,0.24200733286324852,0.9098594198626813,0,0
0.7802126485356335,1.177316797763006,3.0243474848464147,10.224281349183277,461.484143255997,0,1,185,0.8203574960440512,0.5899485345832636,5,1
0.5638929210554023,3.760579860576299,3.32077177589478,4.793042660321898,1458.8977454498433,0,0,343,0.9237305357855434,0.8307594792861133,7,0
0.26116243251086024,5.11323973761071,4.675119991515979,18.647037958024878,936.3710487742152,0,0,164,0.8112986783721066,0.6298597171239615,7,0
0.6949531193430477,0.6252923500698964,4.365665153330513,19.63042029152588,109.92105442633536,1,0,107,0.8602817702655812,0.4631506051693802,6,1
0.5673909441560734,3.6150841627974226,3.047595904105146,16.29395692240031,147.78186569964905,1,1,82,0.676497342264617,0.46872048112945164,3,1
0.7962436094563872,1.9559608113281615,2.67974854664374,6.295676316256211,306.4783431265919,0,1,300,0.9101970703318025,0.5781255011232695,3,1
0.7350251861898234,6.541287629336965,4.289184442138349,8.0697495056101,362.60242094625943,0,0,79,0.5973627858862841,0.37802635820852276,4,1
0.6101079220362347,4.749869219378533,3.4767563767202736,4.846113673328427,1174.6667719572354,0,1,252,0.9906580947899719,0.4244363994220507,7,1
0.488177675310814,5.054112939952307,4.415199997795553,17.81515934017983,411.87222698372983,0,1,24,0.28273203421555915,0.6504260786040693,3,1
0.1331821256675234,4.391379522727919,3.613236930938026,18.29116555376316,1456.7982680698037,1,1,282,0.8473445653611071,0.9677457341532643,8,1
0.26133301788538377,9.568993162768356,3.365006032430691,8.377413244920945,990.5568800841136,0,1,50,0.7131115328090203,0.7043804394120576,2,0
0.41909947291708527,2.30440422619132,3.6280135205309914,13.130661398060038,1069.5245129549248,1,1,374,0.6645168545769562,0.5859477244316156,8,1
0.5992992870063887,5.263309746469969,4.371397464176692,3.311063595493877,404.94312699929054,0,0,425,0.7806484246888972,0.4698902239085112,1,1
0.5137078552153048,7.412970209980293,4.755550716350935,8.69871800726818,1349.7888397331185,1,0,107,0.8722332246390792,0.4371309132945084,5,0
0.2881845259595295,5.657075248718714,2.624417991471439,12.629982133469952,1034.9404019479039,0,0,454,0.8903072534724079,0.7608849205652268,4,0
0.006464357789710551,9.30440468002465,3.8102788530673877,7.708062370360391,1310.1678740786094,1,1,237,0.340304770355188,0.8938277221951612,4,0
0.49623922190081393,3.904089885284585,2.582088572709694,7.151990513729198,1439.0735361237178,1,0,425,0.3576287438023754,0.5791991485074144,5,1
0.2856259885622431,4.744022896577145,3.671023862560897,0.01997984533885333,275.89736795343504,0,1,315,0.2129332076108777,0.6854613324612979,9,1
0.7346083007105351,1.0675186891043387,4.713207072742251,16.085869275542283,235.22212237652394,0,0,327,0.30547396623381823,0.7947087328743272,6,1
0.02394626527048349,6.1681912883089,3.403975666050774,17.786752240428964,1224.77095722549,1,0,462,0.4111059942799397,0.34080690253890306,3,0
0.5848278113057909,3.0244772907914395,4.831126052701608,19.38927059091664,1312.5764827318385,1,0,185,0.7768286580402264,0.5456279332053284,3,1
0.9414742375060654,1.7710285872525748,4.076521179126523,14.38542770138431,917.2659892291799,0,0,79,0.5806140072020081,0.8108270228334762,8,1
0.1744092671114995,5.53640667046418,4.835388359482516,10.97584624739769,612.4007668507288,0,1,327,0.8063228284672139,0.7792333185634903,3,0
0.47164949075059537,5.416640581123125,4.3929165635312994,5.385690396174187,1013.6814905053133,0,0,483,0.5892286782559126,0.3373434070912639,7,0
0.09142199181713817,0.9435420839956661,2.758587916621906,19.985989519269967,527.9297016294402,0,0,95,0.6444779623279746,0.46647294886138346,9,0
0.6256819122613526,7.042511444245834,3.0778784189066926,11.79505709064211,433.73996901485543,1,0,381,0.288853269274866,0.7759700501115008,0,0
0.5505316805962256,6.312967468378359,3.4854261364587655,13.623081446608925,783.4032933381717,1,1,464,0.8212466277408261,0.48999122964913316,3,1
0.40736552421283234,2.052369370915673,2.92526720503019,13.648123239106354,402.6153586489316,1,0,483,0.806501225759644,0.8700872057561713,1,1
0.5213770214737412,4.80046164910963,3.7372790119416512,16.90503591514363,777.185051641242,0,0,149,0.4460492733444957,0.3206534014394115,9,1
0.8965746584690102,7.259164581489888,3.6784203892537266,0.1934507769383842,1439.2491076490007,0,0,351,0.46286246224032157,0.4332429205054115,4,0
0.19629430231106704,5.38847025730451,4.890647995068453,4.404938808627437,1275.6976498643467,0,0,441,0.3757451604585084,0.4969190860353907,1,0
0.022564511705347234,4.075792946598988,3.5843197072399446,13.310680003400279,1418.2832873000311,1,0,394,0.8510717408289221,0.9477028843670618,6,0
0.861664884699101,3.358916889193248,4.464067010719995,17.902914736491354,1228.860564786302,0,1,364,0.7976054415694243,0.8574232694594659,9,1
0.5771170823879065,6.181859893111726,4.8547763621287,13.706775638427125,596.6513103247873,1,0,5,0.6873181905474022,0.9189015605705224,6,1
0.8906584554618424,9.403265243440357,4.692472077434964,8.269825829873604,1236.8633339721828,0,1,21,0.39105768250375794,0.6083354030241012,8,1
0.5969452234131726,6.783099436679338,3.0216690612789794,7.231109917405232,1392.0820409744997,1,1,461,0.3374826660909954,0.8757934638934939,3,1
0.8101610899597025,0.932509855635892,3.7400747356338604,14.758960165666409,1425.8501029718761,1,0,219,0.2402150809396905,0.897445500292724,4,1
0.42967336335514794,4.714712740124911,3.3693494557398145,14.824753942743868,1056.4769909589959,1,0,358,0.2364891854228156,0.5799697767124997,2,1
0.7498599312882688,8.93007648880415,3.4996467378430385,12.141159850113807,395.91330134115844,0,1,11,0.34970891184666164,0.9961232934209769,6,1
0.913041466889856,1.1257317728506515,3.4020170656143778,5.8293404819467405,155.62081471056717,0,0,282,0.28042602585857773,0.8958670404511084,4,1
0.5721229637222063,9.890981978947925,4.5658980254375106,18.503096367810873,306.08031942421803,0,0,384,0.6448861383379545,0.9818678781213521,8,0
0.18078515056237954,9.500880057725128,3.6303476378061186,11.037598842372782,1451.7656850515236,0,1,191,0.4864721022355816,0.9065479760516157,6,0
0.26879761503019817,0.9670899111527835,3.8092358306117204,15.809847124966613,746.9355538698773,1,0,457,0.555956625734517,0.8433425481789256,3,1
0.19864457689740578,9.347450540405639,4.956118392617687,4.286165243236633,1296.9804207648806,1,1,224,0.6752537468697519,0.9606907114251819,6,1
0.24685702759573291,3.75869938454273,2.649948180478791,6.880815772294557,751.0618149816075,0,1,335,0.7272813962828109,0.5938734712092131,0,1
0.3064154493510364,8.478149837343453,3.719894099476872,17.49159032774685,1025.144616843775,0,0,166,0.7185613759060625,0.8483334034478038,1,0
0.5551337867531885,4.300156709590062,4.43515426736529,1.0021405987993681,133.7970879712671,0,0,315,0.408685269456666,0.44902384414127666,2,0
0.5879916294638328,4.520380104484656,2.877904895470566,10.246306225133242,449.81091980711346,0,1,115,0.8477016162368822,0.8129556983047539,4,1
0.4264997472418611,6.415582291579918,4.028828986536935,9.63410959688018,710.776992059625,1,1,325,0.9341677359353839,0.8497472981366749,4,1
0.6154207798208354,7.789878708904638,3.098661948836167,15.024603778161643,982.8834660158285,0,0,437,0.4527506777785562,0.8015670869185128,6,1
0.08157492561136592,0.5311336792928367,4.668510283061419,5.6378754119866485,340.1296632744499,1,1,408,0.21365233325285438,0.8948691457500131,8,1
0.08778823705815997,6.012928756165916,3.3177491635001983,4.381336437191989,1170.372049978686,1,1,497,0.919323349318804,0.589334812794724,9,0
0.17182946035765845,2.0299833421542357,3.322657042252274,18.522656775464675,610.1665885907323,1,0,147,0.9388389863627808,0.681337692452844,8,1
0.5180774980403448,3.5903052750593893,3.9954846962947337,11.434193039169296,1244.4093769274382,0,0,35,0.24075715233042683,0.30746718748668966,5,1
0.21399467869831357,3.610092928321122,2.958907270299772,2.09379136567309,237.15672655309422,0,1,406,0.2039652734873698,0.40223721410421676,6,0
0.28328440349257733,4.796791334167306,3.2122215972576527,3.8607232442864214,1051.6592227553206,0,0,463,0.8531238263941938,0.7509357479394752,7,0
0.40031283617299407,3.4745368363864997,3.541579625298529,19.976521190284966,510.6596664891143,0,1,384,0.44117068358648526,0.6936220397515315,3,1
0.8118661240103798,1.252138960816544,3.3840946578502757,3.9121799250438483,1213.536443771665,1,1,244,0.9316657338367909,0.4381327594789828,6,1
0.013862135912860118,1.6271616375494242,3.812193045013956,12.209510227073574,663.0385978593748,0,0,477,0.3733948586156373,0.47042535591219703,5,1
0.6493788202366224,0.5276922584987572,3.9991003601724158,8.402561579912362,1031.489485168993,1,1,410,0.8889236929012696,0.5408575413464206,7,1
0.6688765310406853,4.808441036221793,3.9166686343754114,17.711981896996708,1408.027376091063,0,1,307,0.25491541578002935,0.8014902990604564,0,1
0.7986557803566365,9.553587409559288,4.135420779979831,15.103371845906555,128.8772848192701,1,1,129,0.4085094778511789,0.7268016218643106,4,1
0.9327529390603132,1.3336171917515423,3.2693737915195507,11.939027925236317,115.56349526812309,1,0,239,0.9785031033165128,0.3486998849227029,2,1
0.020137848949289827,9.473392031430203,2.81606556788757,0.21477963595964988,1178.3909530473989,1,0,404,0.38495732346502587,0.8319574043086524,8,0
0.15378370551321618,7.386942844374517,4.402018853577693,17.59590414986919,1004.9502721113093,0,1,392,0.30641038726003295,0.4838616941154207,8,0
0.886171294055993,6.4474882687548,4.626950956576705,8.893349416774326,510.17160870620575,1,1,366,0.8856437219783964,0.770231774883094,2,1
0.45851856218701537,6.523722002170917,3.1425155805560805,18.63155306037153,792.1553838839674,1,1,343,0.29424063340918327,0.3863539912630853,9,1
0.5645906389334635,8.301930954283565,3.5177298903950494,9.910780257084024,158.70993183841625,0,0,303,0.2779648868636028,0.9985448937034176,1,0
0.6630272037231474,1.2478146709222495,3.746423042408888,13.88448978365451,369.4238475057371,1,1,104,0.4587401073516286,0.3562346194813999,4,1
0.6790666044956374,5.14659237094231,3.8333171068823413,1.385852989332843,694.2949243380344,0,0,166,0.7082628052775677,0.8192138198806966,3,0
0.9317404033165082,7.0314931549554345,4.14872542771913,14.903033070535717,1267.6621827100753,0,1,41,0.7685970990229565,0.6789312514771667,6,1
0.9969494174116696,5.950840361720925,2.6040080833883033,6.759920626238458,771.5340560041187,1,1,454,0.9049910270619166,0.36015743389889676,7,1
0.7201574609309402,8.361234896028288,4.303692706835043,7.027180286635617,920.9075063363701,1,0,253,0.6327292207672849,0.31876732028552884,3,1
0.2872212092051508,0.9082627483112446,2.6549275174485256,2.373116894187799,1323.2553087912927,0,0,349,0.5147342294087803,0.553866002261675,2,0
0.8797524022943436,6.968870187091827,3.6707214191821698,2.9371429728040455,532.3464790243834,1,0,300,0.48706700946757214,0.8615567524050007,8,1
0.04922091454076161,5.433471757770234,4.569177838922985,3.7151811241242028,1080.9790495428783,0,1,385,0.8775221827819792,0.3288058681969747,7,0
0.2310808528744962,3.915776467003446,3.6280382831959908,6.5641233714284475,1306.3341621495547,0,1,459,0.7790522475861323,0.7930790643296378,6,0
0.8973857174637149,3.534694825893503,2.8727243719206195,17.83939825551211,383.6619809746474,1,0,204,0.9243432109801115,0.758763393384967,7,1
0.25619151443935495,6.284159801187091,4.962584612514899,7.365204764601609,599.0694312069654,0,0,194,0.9712283645852913,0.485876373740937,7,0
0.22065105962174847,8.931754671513795,4.723213655185658,14.487254131264368,1471.734243445097,1,1,170,0.44004066886704596,0.35424442501442316,9,0
0.13812529314024724,5.06252407579093,4.428284083062535,1.654950077797428,1476.5059907146954,1,1,249,0.6237392949606716,0.9407253723878433,7,0
0.8591117576469165,8.282287007953817,3.5287790072480263,11.821975985439853,412.52190241151305,0,0,103,0.7054566458918663,0.5102448619157067,0,1
0.5000582591910867,4.141132542070882,2.9596143172232443,9.63782462540879,193.02417444967938,1,1,362,0.33107915742116606,0.37796826225073277,3,1
0.6748932030541548,1.2034657353731302,4.853527953546253,19.55915893909009,479.290255834074,1,0,401,0.2426776271399878,0.7770619548526412,9,1
0.23906638407502967,0.8027562172946578,3.8308778162928476,16.92415539757926,656.8247402251621,1,1,38,0.8942111312922509,0.45167686015413955,6,1
0.7580404210112165,0.7030768389720403,4.630888650968712,9.096595448772995,717.4078413036292,1,0,235,0.6284188086042986,0.6329415288938409,5,1
0.7600055449620985,3.925471391185166,3.3552375143985644,15.502855280906775,966.3288302625931,1,1,133,0.6566193730880314,0.3352838809652231,2,1
0.31259802490830013,3.5049299581912527,3.338220792698676,3.8607748258755503,1359.303864184165,1,1,251,0.6439314763423638,0.9950887642356734,2,0
0.41068263301028285,7.235782831501182,4.963851201685098,11.24672654783556,562.4872166700275,0,1,169,0.8039685638661525,0.6133347887428446,3,0
0.20969027743020086,7.479650715531686,3.8045826212371248,1.4923811113741636,1289.9783496988919,1,0,435,0.3164015557456346,0.999376986916674,9,0
0.9765610233229043,0.6983688945706503,2.851738559651866,6.961780645033661,230.87048929727766,0,0,282,0.6912387526172261,0.5699724138538464,5,1
0.6456025770584116,2.367007976312347,3.0491866949867683,4.517243632443407,158.6245785625006,0,0,206,0.5755836092621041,0.5434967891595536,0,0
0.9345438807155155,2.8877661315572176,3.704860698481802,14.378196306504218,805.6632563728457,1,1,499,0.9175665276061795,0.9402006297869514,9,1
0.30338554362913317,5.566597444599533,2.6061772762210285,9.80181382428723,183.52711266284683,1,1,142,0.6156967503170603,0.5306260976911417,3,1
0.7818909129968897,1.6162491942881125,3.656334963445751,15.02140957696021,649.4857217279223,0,0,18,0.9543479792593326,0.6024038831213895,8,1
0.765858643884742,1.5126239501200036,3.5473521052003187,10.305908752628913,1355.4893636169281,0,1,189,0.48260239534392535,0.35467730569991024,6,1
0.6916556518665415,9.44913111423799,4.448340663298717,1.7296888430327706,438.0762506904627,1,0,63,0.9735157651119926,0.9688236716248328,5,1
0.9656389752668004,8.081188491518255,3.3873549112231043,14.707352994650535,1088.3660851748646,0,1,229,0.9001263584734143,0.35960586859563154,4,1
0.39355533610631555,1.970418040493469,4.956371903848998,16.66458527975611,523.3115493460937,0,1,306,0.6674106317882837,0.8398294534747268,1,1
0.1307173235897573,4.184364517473812,2.951924798252258,18.07062451825585,162.88807733898983,1,1,174,0.4829679466552197,0.6770307756678238,1,1
0.6717088592440608,3.6850955927241427,3.977466712420337,11.439838906134163,879.3668139744331,0,0,312,0.500738685962048,0.3429836008332743,5,1
0.7293098004772062,7.951839925840992,2.7242482425206367,15.071707179989902,1268.7948867514524,0,0,19,0.8182016691666334,0.3011926796287393,8,0
0.5750605734588147,5.200086581485596,4.334659959984955,15.040886737652542,673.2558276796672,1,0,275,0.6645050809352356,0.9548875469689906,8,1
0.20681789313339627,1.452927422535977,4.986884220154929,3.114995195978887,964.2113570413219,1,1,337,0.5212700683754568,0.8195213829648806,0,0
0.5044559416693554,7.442122218931191,4.547846594379081,3.284413749191415,1360.0330367208162,1,1,447,0.7088439691297315,0.7805053704775904,6,1
0.3121897365691294,4.089502186604206,3.8892588518007534,1.4177101161825223,1205.5723178317828,1,1,225,0.7865867183207556,0.6069895714194553,6,1
0.42746652816668906,2.7766576267950414,3.71185339349923,6.398272702806029,371.42695914994704,0,1,230,0.21832041004677274,0.4670296506976842,9,1
0.6452185758446639,3.879886495803058,4.587574903167117,9.47017175482129,1126.737543111008,0,0,100,0.2718902408940081,0.7759041523114016,1,0
0.7452147426908345,5.078014323347585,4.839935211776811,19.95795705508434,802.6502352242128,0,0,226,0.27558835232566337,0.7258107480319694,9,1
0.23222469090134312,3.562532060886693,4.973016314495233,8.61986684136339,1144.3535310405186,0,1,293,0.3855470442106678,0.8084395363938355,3,0
0.40532536064695335,2.5706765713992272,3.4913480689112104,14.524851770147418,792.3217707311054,0,0,37,0.5415923513818512,0.5560547629501834,7,0
0.2691615709916292,4.105319882279008,4.977293686986281,13.867940525450692,279.141429751624,1,1,64,0.8429199194340435,0.9908466323592331,5,1
0.19863161386186912,0.3878945253490028,2.889815630434579,4.089639005011591,897.8732253649348,0,1,498,0.48087922799964594,0.346906058799973,6,0
0.7833872199958384,7.770478891743877,3.133874439829773,1.1701430289887282,788.9875893562759,0,0,75,0.21398223070448383,0.35579113192534984,9,0
0.9092526944369924,1.875259956962341,2.7225403118347407,10.92013503067175,825.0904270980185,1,0,388,0.5866894823613832,0.9418130933064304,5,1
0.3702321856845767,0.6302652135802451,3.1793462912112043,14.00611184628952,1330.4634351042184,0,0,191,0.9973028763396976,0.7533945044433304,8,1
0.7512789243737669,6.606247190469777,4.419843879045028,19.96503580372512,1352.771865388752,0,1,122,0.4792167965239353,0.528433847727473,9,1
0.8969952893644111,7.784574062471989,4.632310895446125,7.172221045623415,734.9519494720057,1,1,124,0.9690036150138519,0.8333669303904383,9,1
0.8461242105302316,8.175525489609864,4.447231612756429,17.927291241621933,738.0248577921237,1,1,26,0.28107610490913815,0.6169413714971279,8,1
0.1828133885392259,5.03638999007388,4.077664445419241,7.6386491173837285,821.2617424216625,0,0,102,0.33847972632424383,0.31478505616541247,5,0
0.9562918815133613,2.2126082099618563,3.784916281306614,13.788234168610256,827.4249896679597,1,0,275,0.7792976561165668,0.75577256859397,5,1
0.37667644042946247,7.424831237048303,4.271760723034117,11.965058610341039,1430.5420018507577,0,0,59,0.600969959176565,0.470178355964066,8,0
0.33924066117383633,7.057188156112505,3.4770838731680547,1.0595758660519383,1009.1606543284909,0,0,167,0.812097442772709,0.38073458162704743,9,0
0.062431327277780335,2.613453194211098,4.603270878749255,1.56776853940517,488.43979284312155,1,0,82,0.890846676023112,0.45769122774958293,8,0
0.486173654104883,9.05339600745537,4.192975234941963,0.41528179448921954,844.1515157355859,0,0,485,0.4008679008488277,0.6333105167904739,2,0
0.10901361564092871,1.2228402892117243,4.244511746236022,7.4166816918797895,978.113016071176,1,0,462,0.7462633363517936,0.33489950189826817,6,0
0.248539820927426,9.830344747994992,3.839839982822678,14.916020975320215,995.6804094195503,1,1,5,0.6860809893070049,0.9182066707456833,2,0
0.3169426217672814,8.630428547579154,4.713072460527931,3.455107879814454,919.3559167334557,0,0,456,0.8892280233537049,0.6919426115985533,3,0
0.808826323491684,6.941406725694938,3.1300368341976315,12.117059367677916,348.83061647015234,0,0,163,0.5440831204879062,0.5050973260807909,8,1
0.8754886503958965,9.399748905142362,3.452869133402627,5.776555600621558,147.03046471131046,1,1,367,0.241496344568528,0.7809033936620781,9,1
0.3024663174614697,7.278649449572337,4.4441064241942225,15.939852479581443,572.9802733135962,1,1,470,0.6593489018180096,0.8629655478859588,7,1
0.8586981212445739,2.0664785708944504,3.7318722403233444,15.967922980059818,698.531016384355,1,0,201,0.9671026552947664,0.7297472395884361,5,1
0.8572309373697911,4.533130153505556,4.7230350335604765,15.508290299328472,186.52593540652123,1,1,448,0.21170494360417874,0.4417462773373665,5,1
0.7646509503848735,0.9007296384500265,3.365998299407131,10.496670276027535,1240.9542732277846,0,0,394,0.3922063907379637,0.3772018941025106,7,1
0.14669511401518154,4.018642738423531,3.423325422049112,5.691334201597034,581.7084125143833,1,0,176,0.45285423197129604,0.9019297879233705,1,0
0.690322846900729,7.467709593424646,4.721839473466563,16.188880877572693,1379.0858446499064,0,0,369,0.8126711103127804,0.4642811894862183,4,0
0.9450240645805688,3.987144839122011,3.660925800455103,3.7220112387848303,316.17415097917126,1,1,339,0.45862153797452954,0.3140577014742484,6,1
0.6825404787671571,3.4368829195877146,3.790311460506217,5.79519204057312,179.70893971223882,1,1,155,0.39126709055705117,0.7500314757079765,2,1
0.33161684910783396,6.034486080601057,3.3319092883391983,3.6789541232124323,775.2425461408504,0,0,277,0.7188464115736328,0.40701973090501903,7,0
0.5005793174308313,8.74760438418917,3.1916748554477046,13.484203207752953,364.7810715559893,0,1,339,0.2371242311687997,0.9936788738352027,2,1
0.6457250433510536,0.6663152869519018,4.13987177709598,13.724720562316362,1412.3589858090056,1,0,302,0.3364774879669976,0.9088115822175882,3,1
0.5105704087285036,3.9776102600574075,2.7996016538530095,13.05019985573506,114.42475783523454,0,0,101,0.5264241829355549,0.7259120082008523,9,0
0.11995294173096982,1.7507592697895746,4.698181602957273,8.312029337293357,677.667545082649,0,1,79,0.4844799698720249,0.8837059498259803,9,0
0.31206404465202064,7.014471657172323,4.448007841912769,2.0034201440286648,1397.4468798832356,0,1,193,0.47773265534669057,0.6293749905380873,5,0
0.8023960305536325,1.2361006922251219,2.976870659264507,18.223391690300424,638.1854894216757,0,1,280,0.28684401049572944,0.8519403711237046,5,1
0.8614180460955174,6.715116034086397,4.235049864561414,10.154619280244763,230.35299284064504,1,0,90,0.4886720155598373,0.7525734866780058,1,1
0.13730003271557023,3.004572533819492,4.006582303214087,8.13944389822183,524.052920006502,0,1,66,0.8383942175931223,0.32005125357875913,1,1
0.9523867523987246,2.149384774624802,2.96133762684161,11.776497864965865,797.2145513682068,1,1,214,0.5310753614379162,0.9641303672869896,2,1
0.32882261784860933,9.376255066684857,3.183008765125581,3.8558087163821164,359.21236228066635,1,1,415,0.668936947852548,0.902643704737681,2,0
0.66231373873072,0.38154085211036753,3.522466259334586,2.650975582097488,753.1863872005666,1,0,144,0.33086352745385406,0.9673851734152552,3,1
0.7518251459566812,4.490217264517776,4.248106838113685,8.11050442915887,1270.8804741001725,1,0,39,0.2557690907748609,0.8119561541925708,3,1
0.8119462346378834,0.4119445261255791,4.096808522042515,4.54441388199821,1321.6651582752581,0,0,211,0.9039648335452486,0.5884426451631355,3,1
0.9457497022259301,4.939211871422425,3.830587119191745,4.885805890743291,168.96502859502496,1,0,285,0.4650980769167671,0.44488965630039756,9,1
0.3129195480288226,5.110264302385299,4.4210263577850855,17.850229755570588,325.2647012736029,1,0,58,0.4802697864545062,0.42599744329610834,9,1
0.8585064545515545,3.352292219668521,4.394844349015415,10.615183543716498,485.4061900735258,0,1,27,0.9021502795830869,0.40144137387144013,2,1
0.13168690343620704,1.4951854197452321,4.04464788515564,9.669381286467022,932.8121912426425,0,1,46,0.7662170791269951,0.4544267498490624,0,0
0.7050409063535927,3.8885978697978585,4.467475208462063,13.789591874571947,605.392662309454,0,0,236,0.8050101687900904,0.6854452093431767,8,1
0.7419777295139859,6.788176811339148,3.335658436948023,19.030962273534794,1281.6572788245057,1,1,116,0.7456027873341302,0.7786215443014887,1,1
0.6777232412013204,7.8674789247157,4.703123820806514,2.2439712894112818,1103.3406155961127,0,0,150,0.2846337958332291,0.5198395927113877,2,0
0.252314736135153,5.401355903403795,4.037275214504852,16.670691342185144,240.6384323589115,1,0,82,0.9663966568449822,0.6841228786555045,1,1
0.8730431470152034,5.980377065509606,4.555908784531076,11.680383597356919,974.3805035169277,1,0,56,0.9273090297023421,0.5388768616176951,5,1
0.168858463370395,2.1660404370215964,3.86569776197571,2.9233070762367452,258.2176754857698,1,0,216,0.3889761014651636,0.7875569815717971,5,0
0.05363479152083084,3.015837265630965,3.046095612471701,5.942986373779833,457.0499374910441,0,0,471,0.8431953529150731,0.9919403542241758,0,0
0.7174649906119122,1.7865769785131125,3.8560253216957716,9.64722832929479,349.01888694791927,1,0,384,0.527517145197856,0.7823118778680185,3,1
0.4754757152327337,2.6430944300451915,3.4277791594414704,13.82354289154846,342.2867288809869,1,1,219,0.7470135742915864,0.34132140378635734,9,1
0.8490980199586761,2.4038904462102115,4.243747590092736,4.852140339069044,962.953734687603,0,1,284,0.33248239985058725,0.6340644704837924,4,1
0.38339714105825895,5.290598106634129,3.6894844793368398,10.697576309351797,889.0468915758261,1,1,491,0.6308434005251367,0.8392712448441715,5,1
0.16827858850771282,5.714349806749149,4.59028201231922,13.693432548317235,346.4394139028176,0,1,241,0.30129303964792487,0.6795691243775076,4,0
0.8364421924698697,9.460484724050744,4.195181280804792,8.974815016950124,1486.2419275858044,0,1,433,0.6289337322864927,0.9657441208060287,2,1
0.5489096316400717,2.116592341594926,4.21136108257831,17.260519222403516,690.5714253156112,0,1,319,0.39487516484577023,0.3383401754429478,2,1
0.1891957923903549,6.488421959582661,3.0428883337276624,17.38918205680809,235.89705941691128,0,0,98,0.5619732230150518,0.5038088803069747,2,0
0.7203839985864458,8.209140836077724,4.960624416228226,9.413824352808914,268.7966237371612,0,0,241,0.7343754937395446,0.454502675347852,5,1
0.5111136384895005,5.690366345073915,4.604188023178722,19.45851420817799,917.4511992172326,0,0,464,0.9016596653284952,0.837335541234512,3,0
0.6043129822403198,2.699035794510542,4.472512211401737,1.5117018481089461,1470.6971647368619,1,0,202,0.33223120246822246,0.6666551479388048,3,1
0.4608983382065819,2.7729922541960024,3.3255380629000686,0.06724756645873242,900.731542266877,0,1,36,0.9146152923341586,0.396840947947104,2,0
0.8287089838180064,0.5846799200957992,3.83907913211808,7.613365276078381,1428.658067263292,1,0,245,0.5120301183418321,0.4999152844229996,3,1
0.8295627156830498,3.193353420175121,2.8427579701858217,12.021941227450185,721.7859910612375,1,1,444,0.8750372548847047,0.6658615260974623,7,1
0.7093888218243862,7.497116054233126,3.846189941656765,12.584003148993217,710.1775451128168,1,1,127,0.6100383347342104,0.9972902868775544,2,1
0.10540137739646227,0.6656740206296817,2.8647231162082183,9.528914725876572,800.0103030422351,1,1,134,0.8897668574103519,0.5550046501907602,9,1
0.8388538619040689,2.3490937685473408,3.882594609974003,2.4976662648129233,1076.3956414177774,0,1,345,0.7302592540161597,0.4097782681377867,2,1
0.6710129805329098,7.121078485611464,4.121804700387264,3.4099504357578847,614.6623530318657,1,1,342,0.6069729124934147,0.6479465680541605,5,1
0.6970241660042995,7.8699853156641915,3.475489918124756,17.042959677040184,1309.4404457505398,0,1,63,0.45003090640026305,0.517130464063146,0,1
0.36298284040387163,4.662120418606899,3.746362195828233,17.358222634785225,140.99393867540473,1,0,273,0.9751272700949243,0.6961767766799837,9,1
0.8792795561570067,7.041128517090759,4.689133469186465,13.477970757214404,715.6698730398192,0,0,28,0.8407181261331342,0.6266972119496581,5,1
0.7253716002348575,4.001931252817942,2.7714078617570235,13.284359445577646,815.388589971885,0,0,486,0.5049497481378091,0.7826429451987659,8,0
0.11259046652919447,1.7671498012364497,4.479332232499132,11.953642560556151,949.8451335683346,1,0,369,0.33337887444723685,0.9400034962072614,2,0
0.40777803440616267,4.101865036524484,2.926886377490491,4.058517714039764,486.50067731220855,0,0,225,0.8236283348746352,0.4403600455381257,1,0
0.8863803619601417,5.8836846379908,2.591769957011571,8.565014005198064,698.4719593801694,0,0,59,0.9919554302487359,0.8748260492578785,2,1
0.047196701697378995,9.490922162158325,2.9639365068626193,13.917893029267574,778.3528502996793,0,0,485,0.42317996303397765,0.9644860008839746,2,0
0.9614166196420495,0.8737593304690379,4.412607974926225,10.745045440066773,1061.6739701564984,0,1,53,0.9326904578679966,0.5615267770625735,1,1
0.6791625683195628,5.172462119680614,3.51281518334215,0.3716066811019836,1182.9618586301397,1,1,327,0.30029656447033615,0.3795638904176891,3,0
0.6313759776433766,3.4234138264650995,4.681301292115455,19.071136134401968,1132.958258281302,1,0,148,0.9617650034014833,0.8753378195480241,7,1
0.2705592564879914,5.181454603911607,3.8117688529556646,16.896321051442868,578.2162732054194,1,0,404,0.7962711299544507,0.7907670666067672,6,0
0.24879178873917707,0.43495938429001046,2.5556258798158273,5.210900282194757,1499.230732188749,1,1,57,0.4772769834109628,0.44889854338383617,9,1
0.9420582194885955,3.2676484760754976,4.291784024004817,12.329178703325923,1288.1314365020512,0,0,432,0.4437054578369871,0.6116565152277851,8,1
0.29827245423412274,8.234707845764648,2.775582271803082,18.464787674563755,464.0327224029565,1,1,35,0.7147482831514811,0.7045945445429214,7,1
0.7755052967189994,5.628628991775448,4.4734490836548115,1.9202202422730275,373.14812794195853,1,0,144,0.67480571220696,0.41889786065599693,6,1
0.39312179820707915,4.615708429597951,2.92025637451295,10.060589615934013,539.6297508167467,0,1,249,0.9351493611949493,0.8004389786406918,5,0
0.13925407078470398,2.998145702810328,3.3636159645137838,9.12486051692589,733.2827941995029,0,1,79,0.8129945073673714,0.7829179189760496,2,0
0.01071529769535895,3.120816723355288,4.403178574063401,8.204100105670646,1291.1191296474594,1,0,436,0.6322918980591414,0.9209886287581399,9,0
0.5442573370152508,3.9543940491877283,4.885578393691054,16.7117721778585,1189.7071693123482,1,0,14,0.9420526734717236,0.6970910750997366,3,1
0.9757788185489327,8.388592957652692,3.428584876616831,7.612922933949147,1291.7445729082265,1,1,462,0.6741845050665751,0.7020191214869458,7,1
0.3691361938092045,9.67868942672103,4.573500550497339,1.2732666648201518,480.7399608744599,0,0,39,0.8797478685285418,0.7335711491785111,1,0
0.35719233399304484,4.498822737233671,2.976980663689597,1.3167548432860499,930.8457114325706,1,0,80,0.872754121678285,0.49164828296733454,5,0
0.3440916178494421,4.054857819728066,4.517949425506227,0.8548921304921797,496.5486871883242,0,1,306,0.935355887159629,0.831024095894602,0,1
0.5205438373048584,8.496197603034656,4.143735148140628,8.182908437480744,252.6324250072904,0,1,192,0.2540816250232837,0.7637494828838418,6,1
0.44066488342429355,4.383672142235776,2.981858768030921,14.3681255539672,1057.8768408645528,1,0,396,0.6670557343574222,0.8874019378226377,3,0
0.8799146267270145,5.609778088497382,3.256259900878529,4.07444923861031,300.1965716736143,0,0,165,0.5747140729368394,0.8380102034808228,0,1
0.5055207917234903,2.4632283130676957,2.82942722149259,12.929370408630989,1034.7768663890602,0,1,457,0.592433906771738,0.7470005613528437,4,1
0.5077578381885688,7.486324850634937,3.457417527660783,13.741769442074084,1007.1500268675728,1,1,352,0.5679284828961624,0.41262450563671926,4,1
0.1383715947205566,5.413485519053663,3.0091216028081935,5.104042480311959,1234.3478221936239,0,1,409,0.8699733515378727,0.9434031262461808,5,0
0.982739540910386,8.128538592355348,4.109994884076183,12.011153121212585,295.37644638899013,0,0,203,0.4547463179335511,0.5570485269682038,7,1
0.24997289086882968,7.851180754280964,4.986262760551397,13.697366800536948,1196.8722079123352,0,1,210,0.5702008653038227,0.9750089979617336,3,1
0.07336406745960267,2.3070467290462804,2.53002290771066,9.332272456042514,1498.9871363247319,1,0,398,0.36054603432086857,0.5813095614003829,6,0
0.6631462489752088,7.213228395466072,3.852299533218247,6.734331945601902,1291.459428020263,0,1,372,0.4013732927397878,0.4021568048782196,3,0
0.5953663701568727,8.04053319792344,3.9341664938725245,12.383031031486546,1152.5369068587327,0,0,388,0.7283360666751,0.9193878232497676,1,0
0.4151456539927457,3.591850959667472,4.78552197420203,19.556941746561137,1027.0314965725906,0,0,257,0.2935487506005296,0.8565411180900935,7,0
0.42219223388067806,1.8915693064422905,3.765013336917344,8.536828187379562,690.4940785596012,1,1,114,0.3502574487957419,0.8504072392791977,4,1
0.7850639210464312,0.22579512467996418,3.8592535491122937,7.83470192570242,1122.700235048243,1,0,333,0.6224276476570513,0.3625875255117827,9,1
0.19571264009964906,4.618855800312852,3.6791320033209716,9.285338048522267,1113.8492491966344,1,1,348,0.23501842237041082,0.9154958831363769,3,0
0.8202533189448897,3.653840769080648,3.1722607614037033,1.5243678689009643,984.0975957622036,1,0,232,0.30154159953631327,0.7174804460140027,1,1
0.6487471138950182,5.638116371489008,2.640072833122284,11.0632655934278,1214.78972961696,1,0,448,0.890682351173399,0.6292490153910675,6,1
0.4189697737795244,2.0428027073701007,3.5216442055245905,6.573947744345272,728.2694437975686,1,0,76,0.8769174126359967,0.9392201349891969,4,1
0.4580286165838686,8.624722367131456,2.631478678101696,2.4284424466252497,269.75379698534687,1,1,496,0.4782208840375858,0.7662289467373582,8,0
0.2566472071860958,2.726001113155475,3.8762311736647943,9.325134822347467,882.6948186529323,0,1,315,0.47839305224894757,0.39312157669709014,6,0
0.7521143326969748,2.41901012985897,3.268234108105733,0.06767973147954853,471.06094019587965,0,0,95,0.949212359411203,0.6636760232396925,8,1
0.5128747423052678,4.910997753546689,3.8340060038135695,8.035704903255178,638.2063364008103,1,1,97,0.2206729112576186,0.7456316121932939,9,1
0.3208545427498436,5.088740032693888,2.8357424109879665,2.11470535852901,124.38086551771643,1,0,55,0.6642364104682167,0.9289854884121438,9,1
0.5960501157609502,2.30783524209391,4.8315749143483995,0.4858540679956058,635.9068230850366,1,1,117,0.6779124632325819,0.4959258711724301,4,1
0.995734452051323,2.864235121913975,4.7363031088748375,16.48950092489004,1232.3215485896364,0,1,461,0.830309653745329,0.8559637199531906,5,1
0.43526227965655384,1.8631113437214004,2.974991273005711,18.324976065652695,859.8113137135567,0,0,499,0.9614004126580806,0.8598690326843221,7,1
0.9206914007786196,7.240909747567035,3.358610708235025,4.1534929671821335,113.72073770755946,0,0,118,0.4846620696346752,0.3896346393765765,9,1
0.3450168399245661,7.7468725062900035,4.033731929629949,10.785965276685225,757.7813483357862,0,0,37,0.550266778764801,0.31206322792911106,5,0
0.054732706924985886,4.73081927510097,2.7392155182647655,5.559163142619699,508.0323067035704,1,1,184,0.7370387844161419,0.7069867871289195,3,0
0.20424210636842888,7.198052822313172,3.386419552790377,9.871548773443644,768.5709175560396,0,0,357,0.9738172978753414,0.85263522040369,1,0
0.4186951433276842,7.412166840986966,3.127780717047515,8.732626417883205,666.5698100270279,0,0,241,0.9126338829893661,0.688101577029108,5,0
0.219634928594569,1.5551001712425243,4.788791821791742,5.381021101609713,1404.7709073803342,0,1,50,0.7336424026160357,0.8693432396399128,8,0
0.0002270382182555375,9.66854464337846,4.631276590723013,14.007871592705953,157.64821854822213,1,1,424,0.8853788573368178,0.7356121983272599,7,0
0.9150015377475272,8.246113081545024,3.9495818531671594,2.5298191864050845,1057.0232157947053,1,0,462,0.268163544713149,0.7573046531706102,2,1
0.843879411230929,2.2039379197190705,3.8008658421789354,1.0614556434273426,1291.437234822438,1,0,126,0.5017015542814822,0.3197080980337679,4,1
0.7422922314869471,2.0244173503114884,4.826814486363492,15.353508660745582,1442.9340185106655,0,1,102,0.21047399655907775,0.36201874204359824,5,1
0.16781459564602863,1.431479226679911,4.831069457447038,13.318600624413596,348.69071716201427,0,1,453,0.3419777906087603,0.8075207324011122,6,1
0.12036357620998606,1.5561099129108003,4.923325313379151,9.97052248292796,843.8267227526715,0,1,476,0.7043940569619216,0.8339902976634024,1,1
0.06760474947238315,7.531985630481223,2.813447210270469,9.355795409450831,161.0254082440967,1,1,228,0.9084492989869335,0.6795245846450281,5,0
0.7240291887729212,4.802611718125911,2.9013945269079255,9.948227589828525,798.8569342371239,1,0,210,0.7062242479934364,0.7131155892157242,1,1
0.9288079606878853,7.8727548928507,4.191841746699716,8.740481521973457,275.6413253573747,0,0,435,0.7313104856068533,0.7300560878915543,7,1
0.430535820913037,7.513297964632014,3.853586191524612,7.857845916623583,1273.0553445781989,0,1,384,0.2830572842049615,0.3734939231977646,6,0
0.11914067199604816,6.125204592351173,2.54616476223309,9.993812057722407,259.4180036475108,1,0,84,0.7318883927307038,0.767536022975651,1,0
0.5123928207321066,6.92639274447106,2.6549375899737986,10.57030342319521,818.6037045410934,0,0,358,0.5634773738953528,0.6349289837334353,3,0
0.34883190745863013,0.37988609891558955,4.720200955647012,13.838046281672419,829.5344965898553,0,0,273,0.7211521852654588,0.7217660836810953,6,0
0.3748249243499977,3.2554209386892157,4.672176988848466,14.224143214680451,1460.3106971042475,0,1,26,0.4609384876238619,0.6941992801673658,8,0
0.6213306241557073,6.45065735674222,3.393177304990113,7.552581602802892,1016.9729716544434,1,0,347,0.6651887533305361,0.8341001739178271,2,0
0.7187181132622024,0.2915805441651932,4.727626542326337,8.270810454869775,502.9764103075227,1,1,71,0.5392554374647915,0.522997784601187,9,1
0.11060359887316085,0.5231740480894154,3.9841876859947547,7.4739433947244605,437.1190339133939,1,0,94,0.6469096443480487,0.5614683715472164,9,1
0.035590230806476386,8.548502228209756,4.514764117547255,10.730715472514207,279.5474879030909,1,1,75,0.31767161466384003,0.5741244145672058,7,1
0.9943303026857149,6.903443644582304,3.5685776779005356,9.067070758283906,1159.1206136686833,1,1,425,0.516659882893828,0.8337192694218087,8,1
0.23272834891555183,2.8006233845793713,2.783495818362272,17.791929262723873,1067.0593186552742,1,1,5,0.49942292580548325,0.6017788352621246,7,0
0.053830524908459076,6.942035833163349,3.5843176566150405,13.927225338329452,953.8279782313483,1,0,89,0.7891156165222466,0.42395234019003825,3,0
0.18987532909591998,7.9660753575647805,3.6432494949922445,17.97312767508891,157.1766201299837,1,0,79,0.7651276111744525,0.9881286792919202,3,0
0.03895784634846422,3.206583974478993,3.8773604846015077,14.182739831188512,1167.9604129520123,1,0,221,0.9270869477850665,0.6453673047751833,6,1
0.39181089461717167,0.553166299492037,2.76395678226107,19.41984297047628,998.6426080078709,0,0,82,0.7056444738265581,0.3764736582092441,3,0
0.8024017844513243,9.341235421939798,4.978504657624029,12.714735565105382,1449.4444153546838,0,0,81,0.4516377038347787,0.7691924691948916,9,1
0.3412444497577206,3.582762415297179,3.1103420520172658,19.271002763261095,922.082981827537,0,1,151,0.8265797305882652,0.8174136502699385,9,0
0.44418340687836655,1.2435212801901225,2.9963810088427323,3.1633978081885217,525.5326693263914,0,0,44,0.5975981148269012,0.6501559872362268,6,0
0.6755867735674388,5.020197339652845,3.8170072971398414,1.049553616588077,634.1287730650483,1,0,211,0.35479456850326285,0.7525200527941249,8,1
0.5088940700698802,7.730984397508512,3.8430204484872217,11.582503704077185,346.1769875295255,0,0,70,0.7979291746617012,0.42087240513791097,8,0
0.8614456860213242,2.37214368325208,3.599551844583111,19.669864115995498,1112.079855081939,0,0,262,0.3060251165753832,0.5575456696962653,8,1
0.8660356750457565,2.8410024913069614,4.429730365813136,8.352104946047936,1090.8103240304154,0,1,399,0.34252266499690337,0.41328002236013134,9,1
0.009910695491153643,2.5786068706261154,3.791636001821507,4.240867243859192,380.91002166874677,1,1,381,0.807004742748118,0.5710646794553658,9,1
0.7780463064831992,9.918395917750447,4.02423863786246,10.43082898387028,321.88505245519,0,1,57,0.8161157552570304,0.6939603655308433,5,1
0.46073360024167387,2.134556590559317,4.309365963519464,12.975972491577771,207.80690648307242,0,1,56,0.8326250150433723,0.6097775850273393,0,1
0.9888405413036631,5.840098126268016,2.5625627539096665,6.303573910317779,1376.766041154462,0,0,425,0.43466009953369256,0.7152503885150183,7,0
0.48323207587543515,9.26759348823825,3.926610456362612,14.29538716998519,426.29776717279157,1,1,110,0.8932699658972152,0.6512314213579862,5,1
0.9868959453882975,1.6395863750022366,4.710486178070923,19.502290140914514,581.8289374525255,0,0,141,0.7781345087696583,0.5224700613812294,6,1
0.7545693612057366,9.714371139103463,2.543471857313585,17.93926243421234,492.70631172848687,1,1,55,0.8671739276410724,0.40039119868470846,1,1
0.24860488461330632,9.48527689707712,3.5129552595024025,5.831707470243906,679.0744436551074,1,1,11,0.766884387797512,0.47687100299489404,2,0
0.5383949792869577,8.868805473170973,4.815568625514575,6.534473662891966,1099.6683191354766,0,0,348,0.6636771669970725,0.4404992763262199,5,0
0.9921356394785827,2.3026539090340226,3.382886005706345,7.430824488991772,1318.8338872167983,1,0,14,0.2875158172592155,0.7951956055834973,2,1
0.8575306077519237,6.413739548907637,3.646822060500602,7.891055567872907,355.63824933995625,1,1,7,0.7687489695615595,0.8739767910886667,4,1
0.0973668937912211,7.6567364350201546,4.953853482610782,2.0063899838655885,1060.9772812376311,0,0,230,0.7523686203665474,0.8042720237095979,3,0
0.7063719968099961,9.863073696325012,2.9983096473764346,15.239256777785785,593.5869991394793,1,0,185,0.4499929066294883,0.7506139028966108,4,1
0.34557958587081306,1.9681534563974301,2.663137972812515,7.306785272214009,1472.73803561621,0,0,52,0.788655815237141,0.5154959476696387,7,0
0.006982261880348117,7.707053815289106,4.648556477153261,17.596399534109043,518.4868229977076,0,1,136,0.6403636427450621,0.7976898913745578,3,0
0.4034809690269996,3.5202514652857073,4.671163353030922,18.538812462402174,110.07013841100395,0,1,173,0.647524990834732,0.7235584219924025,8,1
0.2347544217249713,1.9211393625664228,3.6801945867000327,0.4886261861537622,821.8959636277832,1,1,347,0.49408374302857005,0.33282535668133795,2,1
0.8188692705204715,4.329494023895779,3.785517936193216,19.770061398564124,311.0235179863128,0,1,218,0.2934280330721093,0.9353284828753907,6,1
0.3373306088457655,7.979591939056442,4.589515924044591,14.20045463000369,162.29219754575874,0,0,262,0.37354276629279126,0.3559676887711475,6,0
0.8275236939538171,4.755528076299711,4.346398745289488,10.407844519859246,1077.576924726792,0,0,254,0.8150653226688467,0.6518955329111871,0,1
0.0005979388347953085,5.467726381989876,3.1628725055425266,7.790552167451066,1125.1629955118392,1,0,299,0.4171532403975151,0.6591484069033453,2,0
0.30781915002611915,9.952562219961187,2.542233387678796,10.370362652194258,744.9786183631036,0,0,269,0.20180244346848922,0.885905032130867,9,0
0.24116521430776194,4.111271135662776,3.6992504063338645,6.492494479568888,1047.6397234592082,1,1,74,0.9976139369052401,0.9391472507296563,0,0
0.23356736106861098,6.230927396150551,4.647280815239103,12.453756273930965,853.5352275459875,1,0,223,0.3685457870802967,0.957773054056855,7,0
0.0681866197654627,3.7793931758306445,4.739586691725405,1.8596055288958246,981.7215508107043,0,1,370,0.7243065190963152,0.6987704934352847,9,0
0.18712427041050173,4.049299334021309,4.890565492690385,12.422452058236203,935.3855624631457,1,1,91,0.941537603659995,0.7753295611481223,4,1
0.5555495698856199,7.0172793837650005,4.698908094031953,5.506897002768882,1032.1518696778294,0,1,133,0.6797701877071496,0.3619639036887941,3,1
0.2913610728377445,9.391292365729859,3.950108888245246,0.35269658104692736,379.4829081424398,1,0,162,0.839224492067566,0.6415412075908156,2,0
0.41739478232914795,5.5151177148247505,3.611513998090252,11.054115323257552,476.1892680513803,0,0,197,0.9810973697190519,0.9284996929695992,6,1
0.3768668803471885,7.730319303698043,4.437124616335248,11.568955117053928,715.9484093107689,0,1,188,0.8882907407438287,0.6189880057266427,7,1
0.8759049249998946,1.0742242764062455,4.349554085913991,8.53138009423072,724.579213186861,1,1,407,0.6463232709426894,0.34871575480340145,7,1
0.9052989990105155,2.2693487668328847,3.845358575203636,1.445724651006337,1184.176396221666,0,0,72,0.49096234438566094,0.4404487996915175,0,1
0.49295697165586005,5.120890081011418,2.718318431396173,17.86685905608383,614.3511229213449,0,1,385,0.5859715593311676,0.6006548457048462,6,0
0.3301559503156044,0.396114891561993,4.815203366967297,12.228616144557778,327.5072184828553,1,0,485,0.8734609345524356,0.46626981343633667,4,1
0.10680070400236363,2.6779787918730764,3.639006343754155,2.3142659913793917,452.0523586875062,1,1,205,0.8826836881205122,0.5746048097392045,1,0
0.953402879382095,5.270532640284669,3.4083344547906607,10.218611531882953,400.62690333791977,1,1,434,0.8766839378866911,0.5330733127352413,7,1
0.06022694490029745,0.346619742911747,4.0739184879219295,9.94508631896943,1124.3240269584307,1,0,30,0.6777795222000088,0.5232503369711664,1,0
0.29765027756828044,2.792553605015209,4.184594902917443,1.2080373758585394,758.4754604763749,1,0,381,0.5815647342060903,0.36381522682978473,5,1
0.29806620117000415,5.237502030863522,3.0267197925757534,12.13719407205895,1092.0829771593767,0,1,477,0.4490704448765295,0.9179002837606105,4,0
0.3204012861402149,5.8168626302162085,4.592347112024891,16.16652797843129,682.7075530606777,0,1,118,0.20268868414554345,0.7848943774257892,5,1
0.16428684327240928,9.272366591941994,3.2248427341559447,14.980161084969563,1345.6298435054673,0,0,282,0.8115882166887647,0.7363673359283872,9,0
0.7831614309236972,6.524387107855958,2.9667098147857915,4.059388283283667,1476.9284308118283,1,1,483,0.42159862401124376,0.7245285856667847,7,1
0.12249786196598922,4.264410864793939,3.5159996321362437,17.245850591084228,1037.7795121836562,1,1,365,0.46374231630826995,0.5775515573002612,8,1
0.6349066591531628,9.317441535904065,4.326400202243663,6.850843313187019,1309.3375801307063,0,1,158,0.8747849798776353,0.8763207161960498,2,1
0.12384602670581746,7.891853237200385,4.913645446099508,18.930167565838826,811.1065740408877,1,1,254,0.24180092569809652,0.9510279957495571,2,0
0.07053563759295656,2.160087426904927,4.523203160928583,1.4349592845142745,1408.4691764954712,0,1,244,0.942096265165951,0.3039320742968088,6,0
0.9094295036858765,1.4822551412184337,4.85087094417548,9.724173770396852,1264.2210799419593,0,1,105,0.20108953795080514,0.3554389337866052,2,1
0.19012876631870568,6.822954030278783,2.851514510191317,11.942487543550984,1488.4900004724548,1,0,197,0.9513352918603248,0.7724829321563954,9,0
0.8212501545597043,5.686855022654442,2.677941997159192,4.953001969492094,972.3312294588928,1,1,426,0.5638067928667332,0.46524670590615047,4,1
0.5446308711071358,7.9388014151690065,3.8942619047666778,15.427603774404554,1190.88943637552,1,0,492,0.2816981001214557,0.9381934991389174,9,0
0.0778565196087696,7.440289490771128,3.2257437076100857,12.537913596214342,860.0153959694989,1,1,119,0.73932909379295,0.7671891455813784,3,0
0.9554481914380675,6.327073031803648,4.5701374324231825,0.3621887457591111,462.76814597999197,1,1,81,0.9166851405769776,0.5578038786110991,8,1
0.24696116699189252,9.866545281963143,4.179969678505815,12.167371813924717,596.6572395816609,1,0,307,0.550458253478096,0.5906976819456011,7,0
0.8596453453526065,5.429179355082005,4.926820409964487,9.829564688368928,1351.6075806238425,0,0,269,0.7530863232245331,0.7836177536725906,8,1
0.16881000578456418,1.3084364137168545,3.1369808893282602,3.9205840340701537,178.3271252380688,1,0,186,0.9834901761514352,0.3986748718215003,5,0
0.8539428821418529,8.317080935196685,3.714460285888081,19.914964541190592,928.0718405041714,0,0,275,0.39256065897040404,0.9183883161726265,1,1
0.013228812905293985,2.6681629509879485,3.753101193563383,17.9432438965523,621.4776455057521,0,0,373,0.8563595655381506,0.3033401889011244,7,0
0.5117804565694807,7.8175610518104,3.0979419871434404,5.85015390058127,641.3695532077779,0,1,51,0.43618968747774134,0.9852628673127062,0,0
0.7694425794215568,9.579649540800503,3.9752334987200193,10.821418415972326,1338.3996889792743,1,0,458,0.541070079992128,0.41735183625416594,4,0
0.9347955174927833,7.028596036850545,3.6082149651980986,6.330042798205815,1295.3513243647171,0,0,356,0.4254126947978087,0.8194779510297177,1,1
0.909202136206487,6.0410955773080515,3.616803889974684,15.509915032721562,938.3793258014562,1,0,295,0.556809398747298,0.32794729493021235,6,1
0.8196248695476449,4.711784521615399,3.406841619931209,18.6066286639291,482.0863863660675,1,1,67,0.20407122594262603,0.6020002293301648,4,1
0.8881913496613041,3.7712166867549524,2.5423233810638375,7.176572138287671,765.6388846268336,1,1,299,0.4427510778642172,0.7412195776198962,9,1
0.1992196858370765,3.6594465595239956,3.8052380922869724,16.11168498287255,671.6107513049025,1,1,133,0.5562352511501567,0.3491592203151588,2,0
0.28418429571172876,6.436452515953988,3.3381195892508275,9.968150854264097,595.0652408834934,1,0,342,0.7057921469648769,0.6103054702299466,6,0
0.2889685249210585,7.56247654598991,2.503299672460824,7.931571226231546,243.899809980215,0,1,119,0.7098891129407272,0.5121954821771557,2,1
0.3770539310016988,6.849467280947262,3.2698592691548303,18.768437041975396,860.3594414014485,1,1,56,0.6670284947763943,0.6487705283770349,5,1
0.3933206703851887,2.1444189916969147,3.1965708327243925,10.208093774380629,522.5638170242771,0,1,185,0.43442546367383755,0.6532035751784036,3,1
0.5445553246546755,5.041074365406214,3.4836203830590895,9.348210005149298,1025.1311200985397,1,1,71,0.9579234527485965,0.849662124089616,9,1
0.15987976336644139,7.958072707394018,2.8296299741084923,13.44868803924686,546.8855101557431,1,0,157,0.5135758589928795,0.38645316991142836,1,0
0.6912466637859893,4.861899966252752,3.769209561587711,5.224684020365689,703.6288903887224,1,0,227,0.37351515299124627,0.3579037207332265,8,1
0.1675665393045065,5.45890814140784,4.231100881295324,6.495857415766315,173.30452387217053,0,0,307,0.6436103517343899,0.5813231632671536,5,0
0.31030848210454753,7.757133272074058,4.075463922636431,18.640916724772453,1489.5532978676688,0,0,233,0.7991429359047308,0.9212639435635728,4,0
0.503345130606154,6.6804000013978975,4.509387368922976,13.570596908738848,810.6545365852462,0,0,10,0.20978685825781299,0.898688663770465,4,0
0.7964405615234773,4.211580224647448,3.630020719967703,16.53274295542011,133.93263182984194,0,0,174,0.421075205916438,0.6919950364969862,7,1
0.7394692332387273,8.975044569703346,3.7977293258493203,5.422235238708593,857.7229222656017,1,0,260,0.859982282080024,0.9221416732797749,4,1
0.6455343564105223,1.7931572729020901,4.526004852147459,10.875803798597442,1318.4955990279095,1,0,130,0.6056168747084786,0.8637405182840983,7,1
0.15577326058017016,9.956061196185182,3.5692529270480966,19.427925339789965,1181.5729879726837,0,1,398,0.5267906436639312,0.49455762206513454,7,0
0.5470453456155777,1.3647552690671245,4.253998374748992,6.374077980564352,1081.2693577812356,0,1,385,0.9447210236658494,0.41907439631208104,0,1
0.08744650179988545,0.34650971682154125,3.5865059217949797,3.2095295263408374,295.25051643864884,0,0,1,0.27162807769827096,0.510809550683694,3,0
0.37736317679665077,8.922185231257894,3.5443404862789065,10.21772016449328,1020.8319105824613,0,0,248,0.6924561606222792,0.45898251490717,8,0
0.41351653028995916,2.60054438198637,4.400514061322901,7.7564217744975235,1172.8177292171645,1,1,199,0.4737509729950216,0.7359031548610879,1,1
0.03981143944575383,7.351056348977865,2.9370922886655277,3.191544655734271,901.3866895516952,1,1,181,0.2566587186343406,0.709429378942255,3,0
0.2739880994699718,8.147950674334279,3.346464929853934,17.77102765406736,1349.8486063284922,1,1,429,0.3709956068886562,0.7189061684169472,3,0
0.9556494672664894,8.618066632114745,3.0604306918672544,19.814478211075556,487.7856944988396,0,0,349,0.7023465704138274,0.4325124755440142,0,0
0.9536326078296895,9.917623509508834,3.3977748574189928,11.371643613799955,439.0025796349508,0,1,126,0.22262154708364595,0.8543039076935071,9,1
0.3523270542525393,3.081589158391991,3.07593705591506,15.49353536746908,1317.3976429197044,1,0,381,0.6737990523114807,0.6035382584798419,9,1
0.043100108948324056,7.1603847508871405,3.9485140777166365,17.18076739092599,975.5575401880334,0,1,296,0.9654803369738436,0.6307163442565731,6,0
0.17909493932818155,1.3309186111521165,4.495427006544613,14.019640120436538,102.02610872939906,0,1,196,0.8360768498962154,0.9978732923478677,0,1
0.39221779343354013,4.186731055297124,4.466532653044755,0.8831209822346242,594.3839719154735,0,0,285,0.47647766346707654,0.49759025017392366,4,0
0.9477796979692298,8.510122594463386,3.411252411371981,3.1526846343363557,1300.9983801405442,1,1,43,0.31056611708928666,0.5758966028753976,7,1
0.14119906353718492,3.803048851379262,4.971901014735654,1.4197838230277293,138.2473162984406,0,0,9,0.5720515471303829,0.773524245532861,3,0
0.7635158436682122,5.992734729249018,3.984635911764502,0.1975921328411312,104.54709956611244,1,1,224,0.5143603489427244,0.9162891141331688,4,1
0.10868253937469208,5.136979748501414,3.498500754445737,6.1199281751447305,493.76300673518165,0,0,215,0.9773863680190817,0.3887467046788218,9,0
0.9812575773912768,6.530325004898042,4.588848198103564,7.847119209631195,1379.600051812989,0,0,210,0.9918944436067376,0.8145320644990146,2,1
0.381616499109135,9.73436501599941,4.324685031606602,4.820594646718515,1362.0686140580228,1,0,285,0.5284677250590329,0.9427963681968854,4,0
0.775234538899056,0.7462081597137409,4.373188342060261,1.2920929617264187,826.2667241221111,1,1,216,0.3190271868239495,0.5960472293988083,2,1
0.3425910828111318,5.824822871515972,2.990348374334679,10.597261816733551,874.5316195954716,1,0,330,0.9284876397143242,0.5007088460534622,3,1
0.6276688771588087,8.65768203665279,3.6708107684213878,5.4663863991428325,564.8112158440643,1,1,48,0.8348338205335948,0.774416002742456,2,1
0.19201608474003673,4.91755057513459,4.654570327061506,15.920743097271245,441.2313268389338,0,1,162,0.6090193653245581,0.472251555866804,4,0
0.14602101929696254,0.9695664222274136,3.760095019071893,0.16105243250562395,1241.3105958969654,0,0,192,0.49228371441211305,0.5690028225831003,1,0
0.9380641395681313,5.693285653684355,4.208631858552626,16.850541025752207,248.812804699498,1,0,144,0.5585326620797819,0.927839361862862,8,1
0.9176472779044335,3.4543241300734406,3.9698343325856613,19.09507357891914,782.2961192300901,1,1,158,0.9215049402440882,0.7132327868139641,2,1
0.8874689402128824,1.7184294963117719,4.605891969295955,14.32270126307139,988.1561632959183,0,1,325,0.34771475821083075,0.36648408661989096,9,1
0.6254334501665935,8.520538230178035,3.2114020994040064,14.67288130525133,245.1524065194409,0,0,460,0.8454268168987769,0.5307882720124596,0,1
0.8082682112162782,5.311675227312993,3.9386881947159122,18.671246232054663,827.4499336612846,0,1,179,0.2145525062617243,0.7390856155821632,4,1
0.06903693691137491,9.346108841314853,2.80808667002451,4.181425706006983,908.5298030774204,1,0,25,0.9364575945136682,0.6370483460082745,3,0
0.33478904189067915,8.098961745110078,4.22552694174867,19.891311364171532,1139.4944847103109,1,0,99,0.6002378237169645,0.7622375217261135,1,0
0.3137031247571562,6.991123578981941,4.32991959588178,15.469624067570837,428.77046880654603,0,0,388,0.3813982610729378,0.8330089923762383,7,0
0.6356453219526133,0.24924993298005696,2.607093302972496,14.531414166555873,510.6585046070616,1,1,110,0.20228520225374594,0.6364305841432956,8,1
0.3559577734706405,4.39266987505485,4.189477409069963,7.221811579905855,897.3296052862468,0,1,269,0.6476371749958194,0.9908661804113568,5,1
0.1485067816436808,2.135365560189917,3.536725385414466,10.915549708112211,1476.3769739742597,1,1,50,0.3955902964478705,0.9402717129717302,7,1
0.5964670754135437,9.125819528278903,2.810242190274206,13.07835576546694,404.4904559481602,1,1,14,0.7050114688086746,0.3419351842480594,1,1
0.8143839206690815,1.9109230498283307,3.549768869246169,12.406857226344318,1480.2653579728496,0,0,127,0.4249354251616378,0.4865017964251528,5,0
0.3821234944599732,3.003388506260998,2.9855823242389543,14.099692769551615,1100.0795462762737,0,1,139,0.27041922335218155,0.5103804586168488,0,1
0.1322687150984817,5.265000323798092,3.538898830308291,1.6476347815682124,1256.5148974820324,1,0,241,0.6040413038748476,0.4290032496690074,9,0
0.19668819731282305,2.780963466181177,3.4608475698963193,7.112968656633935,225.49777553087492,0,0,45,0.6515885890305155,0.5184115521353361,2,0
0.23748330516938398,2.256673837335388,4.345979092340144,8.680000331909543,520.5882624028852,1,1,233,0.5620720204316406,0.5973744430548221,6,1
0.2998975929945362,6.071173386006975,4.435538895415897,5.212585957499329,180.83079151137346,0,1,447,0.5664284434638251,0.3360856852947204,0,1
0.6427950705063091,1.0715093229992338,4.0175716359613665,3.452545405384475,620.1657930044453,0,1,71,0.6717201023200123,0.3891101652926901,5,1
0.600945484537719,0.7700440354650624,2.556717105456119,2.778549598257256,1473.8055238880727,1,0,442,0.6210828075281227,0.36737211515543866,6,0
0.6960798615670392,3.8480038928235003,4.827555697677485,7.327667845131702,247.38228708887385,0,1,94,0.3060540310901265,0.3324218574026554,2,1
0.36250198453151317,7.262511654177051,4.215583200241119,9.868834011251318,887.3218953196792,1,0,409,0.3576685171880259,0.6370479142111329,7,0
0.8239976518799783,5.637106231084691,2.5854886248029723,1.2595288029332141,108.49887193933725,1,0,284,0.3134328331432401,0.5336621582583015,7,1
0.20408766115576027,4.344189390974433,4.547082248035295,18.929161891810992,1097.755942461688,1,1,131,0.7546364657757967,0.9548130607547978,4,1
0.46904074751815394,5.744365329400908,3.0006653867949904,15.304866457215168,376.0697693208575,1,1,433,0.6228787297335728,0.3719323748092164,1,1
0.8009387215414303,3.7814245496020815,3.948052973927767,14.617035463709332,281.4183519746681,0,1,475,0.5438840988247426,0.9482247350149704,1,1
0.18015864773261925,9.374234087234706,3.6665859248754678,3.457210499774539,571.8249370251027,1,0,280,0.8386711962182796,0.3605819321796214,4,0
0.10986311374078295,0.7380679309255884,3.549596955887692,12.07601536024378,1179.462017114574,1,0,423,0.46063572780864415,0.7334521426231044,3,0
0.8836839676879897,6.799236494492385,4.724284300310994,10.594498936173348,249.25832083569512,1,1,31,0.6544853304727689,0.4734112361634242,3,1
0.3429296627591959,8.934570115311955,3.5934032289065367,19.649376915733875,421.7745941181735,0,1,355,0.25952608119215875,0.8787639525457123,4,0
0.683870124909032,8.078070145605484,2.688360293932877,14.953435401603159,111.85019026423335,1,0,458,0.7955232670600896,0.3430323789279789,0,1
0.02534860426393848,2.003602141250178,4.866596818037381,11.515237674324624,1455.7808077738653,1,1,36,0.7561539558524719,0.9667557090387378,6,0
0.6900468884094496,3.1000782200068264,4.801338078099069,17.016253329402446,929.0038399844094,0,1,125,0.8419037034375056,0.33308004023303006,2,1
0.3161013115469705,7.227069799329627,4.211081723953997,3.1018854172141896,1107.8594909385793,1,0,137,0.9075807664132429,0.4687792878109337,9,0
0.05574085358744174,1.0258514799715024,3.6697313203300626,0.30433059381954397,1011.9364396184203,1,0,421,0.8064226138363348,0.624929308247173,9,0
0.609812761548117,8.156244658359324,2.7321486823588033,13.804666668290464,302.1103824175441,0,1,444,0.8755919121018352,0.8292405205963507,7,1
0.24080381607317325,7.245288057126946,4.476870296443691,1.9662292047447494,932.9159145915918,1,0,99,0.47652367916937965,0.9657789022803582,8,0
0.38680724205188,7.350145162506358,2.6886947860600725,2.308672799670184,283.98183319776695,1,1,241,0.4746698896119518,0.5996297019060632,7,0
0.08058081228651359,1.1823654286223957,2.6715024622378643,14.89361452849061,661.731035548379,0,0,244,0.9554406559198532,0.8301170656725108,1,0
0.14716325109494532,7.234053339199063,3.8434596060984205,5.410696882679781,896.5483902954102,0,0,26,0.9316596290609638,0.809013788111667,6,0
0.29797723549584376,6.862217627155706,2.9003206004616007,12.572624311377858,882.4335597430182,0,0,208,0.6387978728841781,0.6998182267036346,3,0
0.08975950056015713,8.343040410054135,2.5193256683508727,18.34813852185497,266.70279637583735,1,0,390,0.4932470282181167,0.7836434232705738,4,0
0.9108262646863152,0.6076403713134011,3.5577835774894657,6.3294906327571665,148.21035750513104,1,1,456,0.8928012242070402,0.32664667814632453,9,1
0.006047043183978418,0.42648455098436355,2.843043079025165,4.342883156798376,1217.5280394233394,0,0,98,0.458728905941893,0.6091041806282594,4,0
0.4838602188643114,3.855469578809896,2.901288538201728,2.1312576748210343,1116.2914117944074,1,1,136,0.3229080663155555,0.8501024858420212,8,0
0.12324745813255145,1.6581251817216982,2.6922765968383366,2.6092472283945223,214.54646639063327,0,0,186,0.7115941400043841,0.6319548015019116,1,0
0.30767908947794853,5.672167880188176,3.0127343843090246,1.2444539075768546,278.3817263221748,1,1,35,0.23409744778637354,0.9114532089588638,1,0
0.9260595598182655,9.190019234766138,4.288710449435973,1.7528475765948026,1349.6172869454683,0,0,117,0.5032815249331903,0.8835465135952971,2,0
0.16169455327398685,4.036501357273354,4.5223182680444785,8.640091776183079,1176.7804622704919,0,0,157,0.8461310525556975,0.904412221120656,4,0
0.9658323197183326,8.48051369727152,3.6313341100732517,6.417300900479395,1494.6244147033437,0,1,478,0.4361729565542678,0.3909976799397396,3,1
0.2057943769894217,0.20236057027509147,3.7663845397035445,14.13121628645996,455.5824288870304,1,0,274,0.9450523832588267,0.47089878719624934,9,0
0.7415661084668296,1.8514435059000054,2.5816375864855066,17.404833164940037,782.9241844163408,0,1,168,0.96465973329331,0.3207180912484912,9,1
0.5466772648973117,0.4981506886100391,2.673290653428292,15.695464062847686,431.04340648729794,0,1,54,0.8526530406120951,0.9879605088041385,8,1
0.8844787275967592,3.415842369047673,3.143919314123792,10.612745133313044,971.9201938682337,1,0,470,0.9901146551936502,0.46529669759173337,2,1
0.5539932555031309,9.100258037825727,3.859746051782869,2.0488423246530685,261.57993472784517,0,0,83,0.6246112892091502,0.5569653341375695,0,0
0.5345592191563087,1.15013081127008,4.348877871837482,14.195345678831071,278.14044184024635,1,1,5,0.6553596417111773,0.49244851305990534,4,1
0.1954580003683999,6.142815812089244,4.012507653345082,7.256574494537471,200.6430479671717,0,0,378,0.8689334522163827,0.3278555359917921,7,0
0.16622936205165872,4.624660203370554,3.4803196374669705,1.7130078783082037,1071.0205151698337,0,0,362,0.5942442046304723,0.4828806067270759,0,0
0.9164891511155142,9.396988481184962,2.7958101825078456,16.849328144252514,791.7016084064894,0,1,343,0.5253760054664556,0.36873696634539505,0,1
0.32783819885003407,1.4006875968635197,4.451933087217974,6.764330343650111,964.823702896482,0,0,494,0.6918028729396313,0.5759981604692093,5,1
0.37208225496289593,2.277872934921844,3.4094651289976428,4.3649766502314264,1331.0214652251025,0,0,255,0.7261276086791055,0.9767768828357428,6,0
0.7598236584283884,0.48951129239263413,4.3401350362069735,17.429041292376862,1136.459878657502,0,0,405,0.8007166573569331,0.7887836604446724,7,1
0.33882348242280735,4.452565446387463,3.7824471047858546,18.042677368940097,746.4120854333673,0,0,197,0.7345605578080683,0.7948305528655168,7,1
0.9520624466390027,2.9227624157336125,4.346655133904563,6.779416743831197,1478.098383751917,1,0,499,0.7965774362106628,0.6172231533038787,2,1
0.7379277689988003,8.725078152125144,4.76822390363143,7.096028385627468,738.7585415987626,0,1,151,0.7396477367110019,0.8679128074826132,3,1
0.59742924257342,6.128419969338,4.802573790134505,11.592570551662881,257.43094252694647,1,0,317,0.5843561908001431,0.9357989168422911,8,1
0.8808951605447525,6.218089232161877,3.837766950001509,14.668829876213163,1489.7166461538025,1,0,169,0.3079476674691763,0.9730850042586745,4,1
0.04960590834948275,5.4127248294367645,3.778770911914097,1.2629840381372692,131.94902202078623,1,1,247,0.8283545831482069,0.36929315592249295,8,0
0.25706269218920874,1.10013330484617,3.1641961637570932,11.866873143769434,869.836983282853,1,0,248,0.22462332111014646,0.9157508060525343,4,0
0.46503633422090995,4.561183100508482,4.8394995788232285,19.056401235671633,532.733684179593,1,1,149,0.9940000734090717,0.4575580185031025,4,1
0.22697853947152102,9.995150859143463,3.6447979179990524,5.241877943599073,804.9730114237788,1,1,209,0.8627667919517439,0.5780868313935836,8,1
0.7439051873021519,8.385247050290944,2.8189780982184427,18.176544281938675,882.1981336323303,0,0,399,0.7367284863850441,0.5418340362984184,5,1
0.9192080310537252,8.955898730837736,3.5817622865663745,19.003366815261874,436.1342547898826,0,0,227,0.9732854174835628,0.7725910280607564,2,1
0.4237701199309234,8.267618320615695,2.81763312559501,5.383072819421795,879.6022580321666,0,1,243,0.6899762251649675,0.7185471781636541,4,0
0.34213260011189495,1.2098085956236304,3.7563292106426878,15.084037317707011,1158.4855568077526,0,0,140,0.24514630459547845,0.37637341233762517,0,0
0.9615507321375663,2.428992889835037,3.9031887871405306,4.7755001663912005,473.1137721415977,0,1,119,0.6475057392116161,0.8479758406601616,8,1
0.44485243282754083,0.23059218329281436,3.344389403733963,14.752223234642655,636.7965866394699,1,0,292,0.4217633485255543,0.6077517812610473,9,1
0.4890484004492832,3.1743992238054926,2.6791265355787117,15.948399425776518,475.5397704296811,1,0,179,0.49558202238754945,0.3015552903307527,9,1
0.35164987234190537,1.2643525429956273,4.858758839083098,4.9441140742129885,1248.7836233834835,1,1,407,0.5676681246800231,0.5901522868025819,6,1
0.9095484730121384,4.833374783955514,4.4333827837085735,14.3173908716647,1114.9751628934355,0,1,124,0.8196805971110268,0.6614321030230337,0,1
0.5689554832818507,6.83584938802424,4.597202701262803,16.242090777281796,1319.6750121057703,0,1,466,0.602343371496765,0.34821227964576046,3,1
0.7621745871816447,8.770151891373155,3.4171709857155737,7.171577442138235,338.069850062323,0,1,241,0.579744232660063,0.4057946815913411,1,1
0.8118067183508864,7.542328217890803,4.402077575048626,3.3540555197945388,203.01149342365215,0,1,211,0.44157771019347686,0.9955005200436027,2,1
0.3418490419172582,9.39813883862935,3.7134322379229854,1.8392913463502714,267.1369054021427,1,1,474,0.6318977934821624,0.9098367814157398,3,0
0.43369433132038004,0.7282032458591303,3.002708721015115,11.507634072198838,325.42566595393095,1,1,16,0.3987126835482525,0.39332919354265344,1,1
0.8484717744062646,0.3193623870821061,2.8110584422680334,19.561962386314264,846.3157249447233,0,1,15,0.4087950523265824,0.7062165797873794,9,1
0.36325535167581025,6.681113515594885,3.362627173305142,16.459006400444324,1459.2768985078708,1,1,384,0.8058070201156164,0.5654703080521402,0,1
0.7939351334518513,3.0356536201780133,2.843880278687849,8.716792778691056,600.1295832634949,0,1,340,0.47403781160727204,0.6806182860899437,3,1
0.9409923225744371,2.684309957836577,4.995672440510171,10.73241805709917,1441.9115771042873,0,0,380,0.2411197383512895,0.629374635497171,8,1
0.623210373068007,3.4426934593991843,2.622972475580055,5.590557708236378,153.48111298485162,0,0,474,0.47494182871598467,0.3337042475179793,8,1
0.7416272874518889,2.844001367345169,3.6028589984226915,3.2613173472012713,1397.6210839405217,1,1,256,0.7108577662932951,0.5207942176935481,8,1
0.8050973120411349,5.212076781755556,3.6302338059759602,9.641623164645466,353.61365022695963,1,0,285,0.8511884693418579,0.38786440741968864,2,1
0.8450396488966425,4.513454782796499,3.2515798214541887,9.270031323343703,1377.4649800070883,1,1,467,0.969549345113889,0.6422776646035233,0,1
0.39505333785679597,5.2217998034912325,3.9283789142673635,10.438599056075205,178.71840216164563,0,0,279,0.7969763371799807,0.9351217039856803,0,0
0.05126345917599817,6.792593392704275,2.874942560378862,19.056091711278814,1427.5072264930457,0,0,45,0.5430812875334695,0.9968729407986807,2,0
0.4018762712367395,3.993878987917254,4.459780951468084,12.077906002895444,381.11757004640515,0,0,257,0.4392954233639661,0.9609771479377298,9,0
0.6737562297840898,2.662815333993137,3.3311192956190956,12.115436732447476,523.799684102425,1,0,142,0.3037039921367115,0.9899879874823669,7,1
0.4503503857807928,1.8287652607257057,3.9783564744966045,2.5604952572215356,787.3192817441413,0,0,284,0.7021491475568915,0.3106724210462486,3,0
0.7489631508603986,3.6248463714197308,4.289098090167398,19.92977732353641,633.0092337296653,0,1,354,0.6079066512872051,0.8106128849108194,7,1
0.3569824294686639,7.4697034574124865,4.722605294225403,15.45689888469337,1034.5391569684098,1,0,317,0.742161213155313,0.49106416712357537,6,1
0.6347441411040295,7.615708119092402,4.5894685911305,17.544066881880095,1464.7308741501083,0,0,12,0.3897065251640557,0.9059325847883959,7,0
0.18641980485397458,6.735672789505261,4.020772570258899,8.286008236619882,948.997087126917,1,1,466,0.45891533448795646,0.8696134434368297,1,0
0.7493694366449569,2.4934761180073712,3.4709829509597174,10.042561915712497,1110.079573211169,1,0,320,0.43367627959891125,0.5965722031180678,7,1
0.5456959688130258,5.963245209376038,3.7580116751874098,10.44167618324553,223.20735042798208,0,0,44,0.8381214737395284,0.6312824725722102,8,0
0.20406438854660058,5.792758683453111,4.421836983447006,3.8818907857921037,978.9374006980074,0,0,46,0.3369838518906774,0.4855641682947772,9,0
0.29191117349780726,4.94580874147531,4.693863856398682,13.789783126539144,735.3896878649784,0,0,15,0.6867776936195964,0.5021628253542113,5,0
0.7486087085818324,5.58979406656187,2.75945482044168,18.05953447234913,1340.0953010874796,0,0,381,0.2410840126072854,0.9868220963523391,2,0
0.4826012356615207,5.019548199711948,3.462140656232634,3.27411636276838,643.4955395003427,1,0,106,0.6396220607213757,0.922197022069122,6,1
0.2160314403930722,5.741472387526261,4.440291496033751,1.72636546972329,1051.2358016698868,1,0,2,0.25113118060244477,0.4343082804804823,8,0
0.9672711903702976,7.211958355287062,3.5791294064849026,14.764378110806843,419.4152195627107,1,1,103,0.34070127263038985,0.49286727450545303,7,1
0.7151250198168879,1.2743563051537095,3.3305694101657095,5.464036633459641,463.12154693387436,1,1,453,0.2904202416428498,0.376053595143582,7,1
0.9571348325397961,7.5463323710604335,3.5283067420581737,12.477250832346588,626.5714032911831,1,1,94,0.47738028310674124,0.992209548085784,6,1
0.4271050453603432,1.5316842712504233,4.007111866965877,13.915166759843613,525.6889525091037,1,0,132,0.47498513416618326,0.9350468953713833,4,1
0.47510034069172047,0.852954384421672,4.999512860334503,6.438215271636436,455.4303751461048,1,0,409,0.8611354245826051,0.6864685908911782,1,1
0.8979552161850192,9.765580924970383,3.7324810727613293,16.302891948515686,169.53618826113302,0,1,347,0.38054996110442296,0.785025172762988,4,1
0.5250493402453846,9.578519334930327,3.0212361873856515,10.999779642284338,1271.4448644534427,0,1,270,0.2691093934191816,0.8235628577134579,4,1
0.7072789119056672,0.7922781404175279,2.907116438197737,17.379988159036056,190.02214324779806,0,1,200,0.6828094326513039,0.44266785922215746,1,1
0.25217287749552997,4.54388372645463,2.605874368691036,15.26587105117895,1342.3117218441546,0,0,253,0.7499605596800054,0.9542664361318101,9,0
0.44672646870264054,2.0252003953377926,3.8970430872958035,17.371512640749074,275.6515446952844,0,1,182,0.43585889281716306,0.6687198996051316,0,1
0.12344986581035511,4.956379991917298,3.8614302287220856,0.4032276423578818,191.36643188772263,0,0,149,0.6822512930891018,0.3647160762502988,4,0
0.20598003587696168,8.335736981395957,3.013084816950773,4.870125214771894,888.2066695729759,1,1,36,0.8208452544053153,0.5779578254835683,5,0
0.000943415267631087,9.515995392480324,4.238323516131418,1.8001588089187726,803.4185096046104,0,1,468,0.47804235126088984,0.7211525893235968,6,0
0.03926505164866023,6.415676003825067,4.352767604074202,8.841660343786984,787.7283963646391,0,0,489,0.6202830719464895,0.5469762340266922,1,0
0.9772838231769293,3.6682755386758075,3.147745513455278,17.799202432306366,904.306058501957,1,0,412,0.31730661893785606,0.7894430994262818,5,1
0.2423536951367623,6.112590543317065,3.360249410074341,9.350805245337384,501.87924856681803,1,0,409,0.21891744085614429,0.9174349862855684,7,0
0.663310709504002,3.2576127998628137,4.976179180868142,16.994260891607883,1028.1289828014555,0,0,325,0.9850943798486638,0.8403244870674924,5,1
0.8390996987996115,9.116271680154192,3.4356611696268358,6.543564760386358,803.3631075900565,1,0,138,0.43978468042909596,0.7498606140681127,2,1
0.5506604592365643,8.729924538437203,4.4020041793902545,6.791401456105048,568.6408537402554,0,0,99,0.4231216405774573,0.6585102369881656,2,0
0.1531445000839562,5.670671152740678,3.63181356657485,17.91123460653755,1257.1009337730193,1,1,403,0.9785961065384703,0.4781244400515393,6,1
0.7281164373361664,3.3830293707275336,4.48336206965244,8.516342930234032,1118.8095348573943,0,0,235,0.7825868190104934,0.6184623154982032,1,0
0.600251410099583,3.075218820713188,4.422558096956619,15.795309755893328,651.0544787224708,0,0,83,0.6682383103523866,0.5050670349967239,2,0
0.7312505893473751,0.5274963481095827,4.169390062996339,4.732870957638027,1286.664899320422,0,0,346,0.7594587160746855,0.9538163667628072,6,1
0.7697466228570872,8.195044340047893,4.636945865738948,18.97601659355271,1388.3615501564839,1,1,453,0.7679412533563221,0.9351178098906627,8,1
0.9754103676847451,4.613755487782279,4.848046237194213,11.491564930611421,851.6127739181075,1,1,32,0.8106687042343861,0.40907846831250566,0,1
0.57356328002671,3.386302698322592,3.9499583011302097,15.186471371568038,400.93343021968906,0,0,120,0.253751385135936,0.8758341548359538,4,0
0.3416411126906018,4.816881478977988,3.0936722680568645,1.79031399589771,1382.1090191657815,1,0,29,0.5302651358263104,0.7920402877290181,1,0
0.6484645569002371,8.22363230645559,3.4965724041101875,9.853284516610575,365.2714681337241,1,0,433,0.4361042542664132,0.9826482043924232,4,1
0.06844070924262613,1.4212192355337077,4.395764283783233,18.020769954680464,167.7925169841768,0,0,33,0.2564557108136044,0.624314598020125,5,1
0.8973973183215863,8.605028684769907,4.127208712809674,17.54077258086609,558.4818124223832,0,0,132,0.530079197477143,0.8055220599900681,7,1
0.11938101133819679,8.995586584061869,2.9444958464131217,0.9362791446845509,1117.7528822454556,1,0,207,0.6929387883305174,0.6625187440898634,6,0
0.32784283788581825,9.477737567332104,2.628098852866062,6.073969382578934,1392.5837208949692,1,1,139,0.342798143979535,0.34858034768464896,4,0
0.8157453806261209,4.0953823257417525,4.207403983855162,8.866400129581603,992.1999055402158,0,0,75,0.44402139511028305,0.33273532481573737,4,1
0.5973123783307118,2.327975959569185,3.127697560073363,3.4452962871157644,1432.573965753324,1,0,74,0.7113366575337232,0.38547801001585,1,1
